timestamp,seq,x,y,latency_ms,drift_ms,cpu_percent,mem_mib,inter_packet_ms,throughput_hz,is_stall,is_inversion,target_angle,target_x,target_y,error_px,perceived_lag_ms,network_lag_ms
1771402404.103182,627,1065,543,0.06,0.34,177.47,348.0,15.451192855834961,62.53850036269403,False,False,62.7,1059.131997002945,526.852864562646,17.18032135920923,27.488514174734767,50.34
1771402404.119982,628,1063,554,0.1,0.63,177.47,348.0,16.7999267578125,62.53927743095619,False,False,62.800000000000004,1059.9492733800885,536.8152314381857,17.453458208405497,27.925533133448795,50.63
1771402404.135798,629,1061,564,0.06,0.37,177.47,348.0,15.815973281860352,62.49166329158999,False,False,62.900000000000006,1059.7678896564555,546.8094194684505,17.234678845582156,27.57548615293145,50.37
1771402404.151587,630,1058,574,0.11,0.69,177.47,348.0,15.789031982421875,62.54462418410705,False,False,63.0,1058.589658158255,556.7355700302807,17.27449677770499,27.63919484432798,50.69
1771402404.167984,631,1054,585,0.05,0.31,177.47,348.0,16.39699935913086,62.50026139229582,False,False,63.1,1056.4263513851452,566.494504308413,18.66388362146374,29.862213794341983,50.31
1771402404.183922,632,1050,593,0.1,0.71,177.47,348.0,15.938043594360352,62.50279160888069,False,False,63.2,1053.299584383309,575.9887142574142,17.32833228324288,27.725331653188608,50.71
1771402404.200291,633,1044,604,0.05,0.6,177.47,348.0,16.368865966796875,62.505865399088066,False,False,63.300000000000004,1049.240598775057,585.1233368698428,19.590617306521136,31.34498769043382,50.6
1771402404.216223,634,1037,610,0.11,0.65,177.47,348.0,15.932083129882812,62.51379965883711,False,False,63.400000000000006,1044.2899506028643,593.8071020160598,17.75819036136552,28.413104578184836,50.65
1771402404.232706,635,1029,617,0.2,1.14,177.47,348.0,16.483068466186523,62.45055239569995,False,False,63.5,1038.4971051068019,601.9532443851951,17.793253214106286,28.469205142570058,51.14
1771402404.248242,636,1020,625,0.09,0.49,177.47,348.0,15.535831451416016,62.45107931486473,False,False,63.6,1031.9199424842047,609.4803704154539,19.568953249171717,31.310325198674747,50.49
1771402404.264236,637,1011,631,0.14,0.8,177.47,348.0,15.994071960449219,62.47676965582919,False,False,63.7,1024.6241795698777,616.3132715516783,20.03292942799465,32.05268708479144,50.8
1771402404.280373,638,1002,635,0.1,0.57,177.47,348.0,16.137123107910156,62.451652737000174,False,False,63.800000000000004,1016.682713215202,622.3836757043722,19.35855640517437,30.97369024827899,50.57
1771402404.296259,639,992,640,0.11,0.67,177.47,348.0,15.88582992553711,62.4718997364425,False,False,63.900000000000006,1008.1748919268939,627.6309294018504,20.36224536510419,32.579592584166704,50.67
1771402404.311762,640,983,643,0.1,0.64,177.47,348.0,15.503168106079102,62.49231505028399,False,False,64.0,999.185723042955,632.002603819679,19.568350803534344,31.30936128565495,50.64
1771402404.327534,641,971,644,0.08,0.61,177.47,348.0,15.771865844726562,62.52566598896514,False,False,64.10000000000001,989.8050233674475,635.4550186321594,20.655401483074296,33.04864237291888,50.61
1771402404.343631,642,962,644,0.1,0.49,177.47,348.0,16.097068786621094,62.50643982775463,False,False,64.2,980.1265217506846,637.953678451701,19.108343597587567,30.573349756140107,50.49
1771402404.360474,643,952,644,0.1,0.64,177.47,348.0,16.843080520629883,62.47852239222466,False,False,64.3,970.2469225815323,639.4736174953343,18.799955379600704,30.079928607361126,50.64
1771402404.376157,644,941,642,0.1,0.64,177.47,348.0,15.68293571472168,62.47200829325061,False,False,64.4,960.2649395491264,639.9996490345607,19.36851310287989,30.989620964607827,50.64
1771402404.391892,645,931,640,0.1,0.59,177.47,348.0,15.73491096496582,62.585921327111336,False,False,64.5,950.2803093283243,639.5265171361227,19.286122311606697,30.857795698570715,50.59
1771402404.408271,646,921,638,0.07,0.47,177.47,348.0,16.379117965698242,62.46941854083266,False,False,64.60000000000001,940.3927950438097,638.0589491775531,19.39288463887574,31.02861542220118,50.47
1771402404.424042,647,909,632,0.1,0.6,177.47,348.0,15.770912170410156,62.4707831740275,False,False,64.7,930.7011894699384,635.6116086127806,21.999666842524615,35.19946694803939,50.6
1771402404.439692,648,902,628,0.07,0.56,177.47,348.0,15.650033950805664,62.5083960694398,False,False,64.8,921.3023279259844,632.2089484597452,19.755887995709756,31.60942079313561,50.56
1771402404.456855,649,894,621,0.18,0.96,177.47,348.0,17.16303825378418,62.41833424276998,False,False,64.9,912.2901207296429,627.8849669739253,19.543062363328733,31.268899781325974,50.96
1771402404.471572,650,884,613,0.06,0.33,177.47,348.0,14.716863632202148,62.510880362340096,False,False,65.0,903.7546148761828,622.6828679490103,22.000062286827152,35.20009965892344,50.33
1771402404.488344,651,878,607,0.1,0.55,177.47,348.0,16.772031784057617,62.449328117854016,False,False,65.10000000000001,895.7810943186263,616.6546290388703,20.233120793542508,32.372993269668015,50.55
1771402404.503428,652,871,597,0.07,0.39,177.47,348.0,15.084028244018555,62.545541306292876,False,False,65.2,888.4492278386913,609.8604824140264,21.676428674669644,34.68228587947143,50.39
1771402404.520187,653,865,589,0.1,0.57,177.47,348.0,16.75891876220703,62.477746833016965,False,False,65.3,881.8322730226513,602.3683129417068,21.49505073305201,34.392081172883216,50.57
1771402404.535758,654,861,580,0.05,0.33,177.47,348.0,15.571117401123047,62.528912929507264,False,False,65.4,875.9963442957529,594.2529799026958,20.689073888006934,33.10251822081109,50.33
1771402404.551442,655,857,569,0.1,0.58,177.47,348.0,15.683889389038086,62.54619418932199,False,False,65.5,870.9997523287353,585.595569022149,21.71188560293282,34.73901696469251,50.58
1771402404.568435,656,855,560,0.12,0.88,177.47,348.0,16.993045806884766,62.46915492538203,False,False,65.60000000000001,866.892421416878,576.4825822878229,20.324989693268535,32.519983509229654,50.88
1771402404.584049,657,854,550,0.09,0.53,177.47,348.0,15.614032745361328,62.47891017904904,False,False,65.7,863.7153906529503,567.0050736508166,19.584722244880858,31.335555591809374,50.53
1771402404.6003,658,854,539,0.12,0.77,177.47,348.0,16.251087188720703,62.43964406722469,False,False,65.8,861.5004038781578,557.2577392445818,19.738315547650643,31.581304876241028,50.77
1771402404.616038,659,855,528,0.1,0.44,177.47,348.0,15.73801040649414,62.52742146996869,False,False,65.9,860.2695925081771,547.3379712124639,20.04309696170527,32.068955138728434,50.44
1771402404.631936,660,857,518,0.14,0.78,177.47,348.0,15.897989273071289,62.533869436338925,False,False,66.0,860.035254403365,537.3448845976034,19.581555846963198,31.33048935514112,50.78
1771402404.648279,661,858,508,0.06,0.4,177.47,348.0,16.342878341674805,62.497855548132826,False,False,66.10000000000001,860.7997309926029,527.3783270181776,19.579531446241873,31.327250313986998,50.4
1771402404.664281,662,862,496,0.13,0.83,177.47,348.0,16.00193977355957,62.49577580632184,False,False,66.2,862.5553838785135,517.5378810230172,21.545040501566913,34.47206480250706,50.83
1771402404.679973,663,867,487,0.1,0.64,177.47,348.0,15.691995620727539,62.50476314661997,False,False,66.3,865.2846711578022,507.9218690956855,20.99206896649008,33.58731034638413,50.64
1771402404.695551,664,871,479,0.09,0.47,177.47,348.0,15.578031539916992,62.475792509207835,False,False,66.4,868.9603226941575,498.62637124872805,19.732073684863124,31.571317895781,50.47
1771402404.711832,665,879,469,0.09,0.66,177.47,348.0,16.2811279296875,62.50617589975892,False,False,66.5,873.5456125924361,489.74426502395124,21.44935601307691,34.318969620923056,50.66
1771402404.727825,666,885,463,0.13,0.74,177.47,348.0,15.992879867553711,62.48925810930805,False,False,66.60000000000001,878.9947261516708,481.36429749071664,19.321250899488067,30.914001439180907,50.74
1771402404.744296,667,894,457,0.1,0.53,177.47,348.0,16.471147537231445,62.50715399703582,False,False,66.7,885.2532176304136,473.5701985145696,18.737067023233713,29.97930723717394,50.53
1771402404.760103,668,903,450,0.12,0.6,177.47,348.0,15.806913375854492,62.52234171980623,False,False,66.8,892.258554250592,466.4398441560921,19.63790041384437,31.420640662150994,50.6
1771402404.77612,669,911,446,0.09,0.56,177.47,348.0,16.01696014404297,62.49329271381617,False,False,66.9,899.9407410043549,460.04447855905124,17.876089827711407,28.601743724338252,50.56
1771402404.791759,670,922,440,0.1,0.52,177.47,348.0,15.639066696166992,62.49875577781023,False,False,67.0,908.2230200210495,454.44800210246774,19.963715638460585,31.941945021536934,50.52
1771402404.807957,671,933,436,0.08,0.52,177.47,348.0,16.197919845581055,62.50156528200781,False,False,67.10000000000001,917.0226375065009,449.7063329291451,21.050882988920876,33.6814127822734,50.52
1771402404.823879,672,942,434,0.1,0.76,177.47,348.0,15.922069549560547,62.49316856437045,False,False,67.2,926.251670591559,445.86684823007704,19.718822634032957,31.550116214452732,50.76
1771402404.840278,673,952,433,0.09,0.48,177.47,348.0,16.398906707763672,62.47676965582919,False,False,67.3,935.8179058283515,442.9679108672109,19.005773302782522,30.409237284452036,50.48
1771402404.856055,674,962,434,0.14,0.63,177.47,348.0,15.777111053466797,62.476893740126975,False,False,67.4,945.6257605565711,441.03848606441505,17.822906705408855,28.516650728654167,50.63
1771402404.871731,675,973,435,0.06,0.36,177.47,348.0,15.676021575927734,62.50552385191308,False,False,67.5,955.5772379338161,440.0978519965365,18.153256815057908,29.045210904092652,50.36
1771402404.887486,676,983,437,0.1,0.63,177.47,348.0,15.754938125610352,62.51237103286729,False,False,67.60000000000001,965.5729060876571,440.1554071682489,17.71045444439685,28.336727111034957,50.63
1771402404.904018,677,995,440,0.06,0.36,177.47,348.0,16.531944274902344,62.49337030747023,False,False,67.7,975.5128916060266,441.2105765073018,19.52467385229515,31.239478163672242,50.36
1771402404.919905,678,1004,443,0.1,0.64,177.47,348.0,15.887022018432617,62.504111128248574,False,False,67.8,985.297877439349,443.2528171104518,18.703831285727208,29.926130057163533,50.64
1771402404.935166,679,1012,448,0.05,0.33,177.47,348.0,15.260934829711914,62.53290604120402,False,False,67.9,994.8300952436651,446.26172358466783,17.25767175020172,27.61227480032275,50.33
1771402404.952129,680,1023,454,0.11,0.67,177.47,348.0,16.96300506591797,62.51004189141021,False,False,68.0,1004.014302249604,450.20723193107085,19.36083181823753,30.977330909180047,50.67
1771402404.967785,681,1029,461,0.07,0.49,177.47,348.0,15.655994415283203,62.49968707718167,False,False,68.10000000000001,1012.7587328966601,455.0499199344764,17.296884398878618,27.67501503820579,50.49
1771402404.983566,682,1036,468,0.07,0.67,177.47,348.0,15.781164169311523,62.50142557693645,False,False,68.2,1020.9760157243301,460.74140105713286,16.685543507149212,26.69686961143874,50.67
1771402405.000801,683,1044,476,0.12,0.74,177.47,348.0,17.23504066467285,62.41553221604963,False,False,68.3,1028.5840463588734,467.2248079010169,17.738534974439712,28.38165595910354,50.74
1771402405.015722,684,1049,485,0.11,0.59,177.47,348.0,14.920949935913086,62.539153098736556,False,False,68.4,1035.5068078730717,474.43536040807476,17.137031349725493,27.41925015956079,50.59
1771402405.032113,685,1055,495,0.14,0.83,177.47,348.0,16.39103889465332,62.479297970687206,False,False,68.5,1041.6751303222334,482.30101312114573,18.406966607205476,29.45114657152876,50.83
1771402405.048029,686,1060,504,0.11,0.69,177.47,348.0,15.915870666503906,62.48060098585276,False,False,68.60000000000001,1047.0273818674248,490.7431750383621,18.548105813724636,29.676969301959417,50.69
1771402405.063906,687,1062,514,0.09,0.67,177.47,348.0,15.877008438110352,62.4529081033004,False,False,68.7,1051.5100845804238,499.67749486845236,17.753097722737582,28.404956356380133,50.67
1771402405.079653,688,1064,526,0.12,0.56,177.47,348.0,15.7470703125,62.52142527785286,False,False,68.8,1055.0784487775077,509.01470384096893,19.185785410703147,30.697256657125035,50.56
1771402405.096589,689,1064,534,0.11,0.75,177.47,348.0,16.936063766479492,62.44853778676626,False,False,68.9,1057.6968205431635,518.6615076503307,16.58310642871079,26.53297028593726,50.75
1771402405.112054,690,1064,546,0.1,0.62,177.47,348.0,15.465021133422852,62.469604623666775,False,False,69.0,1059.339037972227,528.5215186216813,18.089275229167598,28.942840366668158,50.62
1771402405.127981,691,1062,556,0.11,0.68,177.47,348.0,15.926837921142578,62.50019930366652,False,False,69.10000000000001,1059.9886925709925,538.496218784684,17.618958947895642,28.190334316633027,50.68
1771402405.143522,692,1060,566,0.09,0.63,177.47,348.0,15.54107666015625,62.52605436122652,False,False,69.2,1059.639293205456,548.4859442325046,17.51776980150638,28.028431682410208,50.63
1771402405.160328,693,1058,577,0.09,0.63,177.47,348.0,16.80588722229004,62.49759169262473,False,False,69.3,1058.294330958582,558.3908809306342,18.611446565246133,29.778314504393812,50.63
1771402405.176137,694,1053,587,0.09,0.57,177.47,348.0,15.809059143066406,62.50560147594327,False,False,69.4,1055.9672442485553,568.1120620257235,19.119590459805895,30.591344735689432,50.57
1771402405.192014,695,1048,595,0.1,0.67,177.47,348.0,15.877008438110352,62.54509051406082,False,False,69.5,1052.681284556551,577.5523566896625,18.064735873634255,28.903577397814807,50.67
1771402405.207763,696,1042,604,0.1,0.61,177.47,348.0,15.748977661132812,62.531196864821,False,False,69.60000000000001,1048.4692841056162,586.6174406187184,18.547371983193695,29.67579517310991,50.61
1771402405.223693,697,1035,613,0.13,0.77,177.47,348.0,15.929937362670898,62.53537674311811,False,False,69.7,1043.3733278119564,595.216738490788,19.65596623296613,31.449545972745806,50.77
1771402405.24028,698,1028,619,0.08,0.56,177.47,348.0,16.587018966674805,62.50606722417322,False,False,69.8,1037.4443327863573,603.2643289640847,18.352295898061566,29.363673436898505,50.56
1771402405.25635,699,1019,625,0.13,0.81,177.47,348.0,16.070127487182617,62.49406865902773,False,False,69.9,1030.741539587249,610.6798031747802,18.51841756176728,29.629468098827648,50.81
1771402405.271382,700,1010,632,0.08,0.43,177.47,348.0,15.032052993774414,62.52474944955674,False,False,70.0,1023.33192030863,617.3890681557889,19.779267642454354,31.646828227926967,50.43
1771402405.288195,701,1001,636,0.1,0.61,177.47,348.0,16.812801361083984,62.45700001786909,False,False,70.10000000000001,1015.2895094170354,623.3250871492106,19.10087681638334,30.561402906213345,50.61
1771402405.303801,702,990,640,0.06,0.4,177.47,348.0,15.606164932250977,62.4889322601431,False,False,70.2,1006.694664023629,628.4285494154484,20.31281062513438,32.500497000215006,50.4
1771402405.319601,703,981,642,0.08,0.56,177.47,348.0,15.799999237060547,62.556890975845604,False,False,70.3,997.6332609825023,632.6484628465194,19.081840006796046,30.530944010873675,50.56
1771402405.335536,704,971,643,0.07,0.38,177.47,348.0,15.934944152832031,62.540458611699464,False,False,70.4,988.1958388375392,635.9426634623384,18.587707559901943,29.740332095843108,50.38
1771402405.352149,705,959,645,0.08,0.44,177.47,348.0,16.613006591796875,62.483269234111546,False,False,70.5,978.4766931912179,638.2782366992693,20.60397242125616,32.96635587400986,50.44
1771402405.368237,706,949,644,0.14,0.89,177.47,348.0,16.088008880615234,62.50221724726548,False,False,70.60000000000001,968.5729345341114,639.6318462815673,20.05443923884353,32.08710278214964,50.89
1771402405.383707,707,939,642,0.06,0.4,177.47,348.0,15.470027923583984,62.52181359743432,False,False,70.7,958.5835179489768,639.9899673897293,19.686401559255273,31.498242494808437,50.4
1771402405.400016,708,928,640,0.13,0.89,177.47,348.0,16.309022903442383,62.47891017904904,False,False,70.8,948.6082543842693,639.3490217960222,20.61853344418101,32.98965351068962,50.89
1771402405.41586,709,918,636,0.1,0.6,177.47,348.0,15.843868255615234,62.56485374996457,False,False,70.9,938.7468133761423,637.7154136169493,20.817610553127672,33.30817688500427,50.6
1771402405.431782,710,910,633,0.11,0.8,177.47,348.0,15.922069549560547,62.48632558915612,False,False,71.0,929.097727183393,635.1054653254374,19.213437167980285,30.741499468768456,50.8
1771402405.447823,711,900,627,0.08,0.57,177.47,348.0,16.041040420532227,62.5339315918831,False,False,71.10000000000001,919.7574062856925,631.5452546620805,20.273491141909552,32.43758582705529,50.57
1771402405.46362,712,891,621,0.09,0.7,177.47,348.0,15.796899795532227,62.48750477052206,False,False,71.2,910.8191760819536,627.0703540749785,20.727974796469876,33.1647596743518,50.7
1771402405.480466,713,885,613,0.12,0.75,177.47,348.0,16.8459415435791,62.48184200320679,False,False,71.3,902.3723444137851,621.7254752915918,19.440480176563245,31.10476828250119,50.75
1771402405.496305,714,877,605,0.08,0.6,177.47,348.0,15.839099884033203,62.464410227694124,False,False,71.4,894.5013092310625,615.5640225739412,20.442465549537108,32.70794487925937,50.6
1771402405.512288,715,872,597,0.08,0.57,177.47,348.0,15.983104705810547,62.444958302326924,False,False,71.5,887.2847153155155,608.6475591208775,19.21687164318617,30.746994629097873,50.57
1771402405.528203,716,865,588,0.11,0.61,177.47,348.0,15.9149169921875,62.51510411349082,False,False,71.60000000000001,880.7946684880577,601.0451919489432,20.48532610510301,32.77652176816481,50.61
1771402405.543937,717,861,577,0.12,0.62,177.47,348.0,15.733957290649414,62.50729372771706,False,False,71.7,875.0960151512663,592.8328813979136,21.198532413946246,33.917651862313996,50.62
1771402405.559764,718,858,568,0.12,0.69,177.47,348.0,15.826940536499023,62.53492609739424,False,False,71.8,870.2456943655575,584.092682160185,20.22205354565607,32.355285673049714,50.69
1771402405.575929,719,855,556,0.09,0.54,177.47,348.0,16.16501808166504,62.507107420280896,False,False,71.9,866.2921689329186,574.9119234174133,22.026663990620005,35.24266238499201,50.54
1771402405.591626,720,854,547,0.11,0.56,177.47,348.0,15.697002410888672,62.52019821967981,False,False,72.0,863.2749411726118,565.3823362762037,20.589677528481154,32.943484045569846,50.56
1771402405.60783,721,854,537,0.06,0.41,177.47,348.0,16.204118728637695,62.52923919576589,False,False,72.10000000000001,861.2241582270543,555.5991372212056,19.952853617033167,31.924565787253066,50.41
1771402405.623501,722,855,525,0.1,0.61,177.47,348.0,15.671014785766602,62.55081139404081,False,False,72.2,860.1603108415402,545.6600767434841,21.294778210349328,34.07164513655893,50.61
1771402405.639991,723,857,516,0.1,0.6,177.47,348.0,16.48998260498047,62.498817863571524,False,False,72.3,860.0940286274839,535.6644626499142,19.90638351026022,31.85021361641635,50.6
1771402405.655788,724,860,505,0.12,0.68,177.47,348.0,15.796899795532227,62.48457241492668,False,False,72.4,861.0259738548584,525.7121678124068,20.73756296772008,33.18010074835213,50.68
1771402405.671801,725,862,495,0.1,0.6,177.47,348.0,16.013145446777344,62.5020154470418,False,False,72.5,862.9468348350117,515.9026322711899,20.924065858942903,33.47850537430865,50.6
1771402405.687461,726,867,487,0.08,0.58,177.47,348.0,15.659809112548828,62.52370866620041,False,False,72.60000000000001,865.8374189599829,506.33386966278715,19.368792187750085,30.990067500400137,50.58
1771402405.703701,727,873,478,0.08,0.45,177.47,348.0,16.24011993408203,62.53876456373651,False,False,72.7,869.6688444686945,497.10148790017206,19.389776614859876,31.023642583775803,50.45
1771402405.720518,728,880,470,0.1,0.64,177.47,348.0,16.817092895507812,62.4729853215013,False,False,72.8,874.4028290239646,488.2977338900956,19.134664576305667,30.615463322089067,50.64
1771402405.735491,729,887,463,0.08,0.48,177.47,348.0,14.972925186157227,62.5409715067047,False,False,72.9,879.9920722169652,480.0105718324912,18.397570651598947,29.436113042558315,50.48
1771402405.752581,730,895,455,0.1,0.94,177.47,348.0,17.08984375,62.44653880330394,False,False,73.0,886.3807281772685,472.32280431126924,19.34867943712599,30.957887099401585,50.94
1771402405.768034,731,904,449,0.13,0.97,177.47,348.0,15.453100204467773,62.4949842991615,False,False,73.10000000000001,893.5049635663295,465.3112449582614,19.3959403441153,31.033504550584478,50.97
1771402405.783814,732,914,444,0.1,0.71,177.47,348.0,15.779972076416016,62.504235321175315,False,False,73.2,901.2935953790981,459.0459509568117,19.693485181268965,31.509576290030346,50.71
1771402405.80065,733,923,440,0.16,1.1,177.47,348.0,16.835927963256836,62.475792509207835,False,False,73.3,909.6688021810813,453.5895230535505,19.03670066240794,30.458721059852707,51.1
1771402405.8164,734,933,436,0.11,0.65,177.47,348.0,15.75016975402832,62.477545190776816,False,False,73.4,918.5469016743905,448.99648007243155,19.437092001707637,31.09934720273222,50.65
1771402405.832131,735,943,435,0.07,0.51,177.47,348.0,15.730857849121094,62.47397788942927,False,False,73.5,927.8391868235952,445.31271418066524,18.335820950858515,29.337313521373623,50.51
1771402405.847813,736,954,433,0.12,0.64,177.47,348.0,15.681982040405273,62.47872404077258,False,False,73.60000000000001,937.4528121871086,442.57503234934995,19.117810256569623,30.588496410511397,50.64
1771402405.863829,737,966,433,0.16,0.79,177.47,348.0,16.016006469726562,62.5123089201759,False,False,73.7,947.2917215981377,440.8107885903877,20.27333468291094,32.4373354926575,50.79
1771402405.880128,738,976,435,0.1,0.64,177.47,348.0,16.299009323120117,62.4854877768086,False,False,73.8,957.2576079261598,440.0376106442361,19.407595978185128,31.052153565096205,50.64
1771402405.896007,739,986,437,0.11,0.68,177.47,348.0,15.879154205322266,62.445283693046754,False,False,73.9,967.2508953292709,440.2632238493546,19.03096308243368,30.449540931893885,50.68
1771402405.912122,740,996,440,0.1,0.59,177.47,348.0,16.11495018005371,62.50044765892388,False,False,74.0,977.1717341830778,441.48537395317527,18.886765987152312,30.2188255794437,50.59
1771402405.927884,741,1004,444,0.1,0.56,177.47,348.0,15.762090682983398,62.49354101418742,False,False,74.10000000000001,986.9209987451494,443.6918496358503,17.081780952526987,27.33084952404318,50.56
1771402405.943913,742,1014,448,0.07,0.55,181.72,347.6,16.028881072998047,62.477421103891345,False,False,74.2,996.4012775866571,446.86060452172165,17.635567828618925,28.21690852579028,50.55
1771402405.959851,743,1023,454,0.1,0.72,181.72,347.6,15.938043594360352,62.56191413052476,False,False,74.3,1005.5178468951816,450.9599774594211,17.744503775184562,28.391206040295298,50.72
1771402405.975233,744,1031,461,0.06,0.34,181.72,347.6,15.382051467895508,62.53184944841335,False,False,74.4,1014.1796169237305,455.9490088696283,17.56239728031308,28.099835648500925,50.34
1771402405.991978,745,1039,469,0.08,0.53,181.72,347.6,16.74485206604004,62.50879975359945,False,False,74.5,1022.3000421293765,461.77784999964575,18.194725705770253,29.111561129232406,50.53
1771402406.007623,746,1044,478,0.11,0.56,181.72,347.6,15.645027160644531,62.52644273831261,False,False,74.60000000000001,1029.7979859077227,468.38826099566256,17.148840513712422,27.438144821939876,50.56
1771402406.024368,747,1050,486,0.08,0.51,181.72,347.6,16.74509048461914,62.46993027129407,False,False,74.7,1036.5985312830246,475.7141928161161,16.89370276748432,27.029924427974912,50.51
1771402406.040246,748,1055,496,0.08,0.46,181.72,347.6,15.877962112426758,62.46141802756453,False,False,74.8,1042.6337294538546,483.6824471718883,17.454132888625132,27.92661262180021,50.46
1771402406.056214,749,1059,507,0.14,0.78,181.72,347.6,15.968084335327148,62.52442323014967,False,False,74.9,1047.8432787150618,492.21340789941235,18.5233834862574,29.63741357801184,50.78
1771402406.071604,750,1063,517,0.07,0.44,181.72,347.6,15.38991928100586,62.52931687871027,False,False,75.0,1052.175126972475,501.22183645905693,19.134479893291658,30.615167829266653,50.44
1771402406.088336,751,1064,527,0.1,0.55,181.72,347.6,16.731977462768555,62.476893740126975,False,False,75.10000000000001,1055.5859918302256,510.6177236104474,18.416691157336693,29.46670585173871,50.55
1771402406.103782,752,1066,538,0.07,0.43,181.72,347.6,15.445947647094727,62.483083069861074,False,False,75.2,1058.0417930541362,520.3071887550316,19.400222358088484,31.040355772941574,50.43
1771402406.119649,753,1064,548,0.08,0.6,181.72,347.6,15.866994857788086,62.54423558112416,False,False,75.3,1059.517993090158,530.1934179599976,18.361991991263,29.3791871860208,50.6
1771402406.135447,754,1062,558,0.06,0.37,181.72,347.6,15.798091888427734,62.54495061434453,False,False,75.4,1059.9998422354977,540.1776312910837,17.934253747492765,28.694805995988425,50.37
1771402406.152267,755,1061,570,0.1,0.6,181.72,347.6,16.81995391845703,62.483532968698675,False,False,75.5,1059.4825260127734,550.160069789025,19.89787823056188,31.836605168899005,50.6
1771402406.1682,756,1056,579,0.06,0.62,181.72,347.6,15.933036804199219,62.47155856035886,False,False,75.60000000000001,1057.9712132746804,560.0409922281083,19.06120818492172,30.497933095874753,50.62
1771402406.18403,757,1053,587,0.1,0.63,181.72,347.6,15.830039978027344,62.47805705438951,False,False,75.7,1055.4810045585243,569.7216716975181,17.4555438914909,27.928870226385442,50.63
1771402406.201451,758,1048,597,0.11,1.01,181.72,347.6,17.42100715637207,62.42384614545061,False,False,75.8,1052.0367812066436,579.1053820480049,18.344289415460487,29.350863064736778,51.01
1771402406.216144,759,1041,606,0.1,0.59,181.72,347.6,14.693021774291992,62.513411438797235,False,False,75.9,1047.6729567602604,588.09836434759,19.10489233039389,30.567827728630228,50.59
1771402406.232069,760,1034,613,0.12,0.69,181.72,347.6,15.924930572509766,62.45531048815299,False,False,76.0,1042.4331331107558,596.610763689818,18.431625020456384,29.490600032730214,50.69
1771402406.248201,761,1026,621,0.1,0.58,181.72,347.6,16.131877899169922,62.49960946784064,False,False,76.10000000000001,1036.3696648439786,604.5575269942891,19.43926098183719,31.102817570939504,50.58
1771402406.264027,762,1017,626,0.11,0.69,181.72,347.6,15.826225280761719,62.485286084598805,False,False,76.2,1029.5431361305364,611.8592528289134,18.90214259140374,30.243428146245986,50.69
1771402406.279404,763,1010,632,0.1,0.55,181.72,347.6,15.376806259155273,62.51283688198713,False,False,76.3,1022.0217553887821,618.4429847627822,18.11947197823016,28.991155165168255,50.55
1771402406.296243,764,998,637,0.11,0.69,181.72,347.6,16.839027404785156,62.45400852761524,False,False,76.4,1013.8806737688487,624.2429403227054,20.370036106071485,32.59205776971437,50.69
1771402406.311829,765,989,641,0.09,0.59,181.72,347.6,15.586137771606445,62.52083504132724,False,False,76.5,1005.2012342672009,629.201168269937,20.042265889241786,32.06762542278686,50.59
1771402406.327501,766,980,643,0.1,0.55,181.72,347.6,15.671968460083008,62.5479508232373,False,False,76.60000000000001,996.0701589742955,633.268127629802,18.787212387391396,30.059539819826234,50.55
1771402406.343901,767,968,644,0.1,0.64,181.72,347.6,16.399860382080078,62.48738064407196,False,False,76.7,986.5786825761295,636.4031826887336,20.071847934989293,32.11495669598287,50.64
1771402406.359617,768,958,644,0.09,0.53,181.72,347.6,15.716075897216797,62.52599222134048,False,False,76.80000000000001,976.8216407674059,638.5750090128951,19.587870950857496,31.340593521371993,50.53
1771402406.376295,769,947,643,0.08,0.51,181.72,347.6,16.6780948638916,62.4716826239581,False,False,76.9,966.8965226846309,639.7619064315652,20.158295188283425,32.25327230125348,50.51
1771402406.391962,770,936,641,0.09,0.54,181.72,347.6,15.666961669921875,62.4882805720079,False,False,77.0,956.9024968268784,639.9520158580731,20.92875161970709,33.486002591531346,50.54
1771402406.40761,771,926,640,0.09,0.56,181.72,347.6,15.64788818359375,62.513877303423705,False,False,77.10000000000001,946.9394201969318,639.1434377818708,20.956932433378732,33.53109189340597,50.56
1771402406.424347,772,918,636,0.1,0.57,181.72,347.6,16.736984252929688,62.4527066213584,False,False,77.2,937.1068405631253,637.3442512478155,19.15406922097607,30.64651075356171,50.57
1771402406.44013,773,907,631,0.09,0.61,181.72,347.6,15.783071517944336,62.52187572901499,False,False,77.30000000000001,927.5030018109383,634.5724331330231,20.811904327794192,33.29904692447071,50.61
1771402406.455995,774,899,625,0.14,0.73,181.72,347.6,15.865087509155273,62.52018268760658,False,False,77.4,918.2238623225782,630.855678527856,20.09591634185994,32.1534661469759,50.73
1771402406.471191,775,891,619,0.06,0.35,181.72,347.6,15.195846557617188,62.57151168717506,False,False,77.5,909.3621361925358,626.2311240157329,19.734670001906338,31.57547200305014,50.35
1771402406.488041,776,882,611,0.11,0.7,181.72,347.6,16.849994659423828,62.51055428763899,False,False,77.60000000000001,901.0063668590041,620.7449766166638,21.35899226177052,34.17438761883283,50.7
1771402406.503221,777,876,604,0.07,0.36,181.72,347.6,15.180110931396484,62.546644997463666,False,False,77.7,893.2400424071159,614.4520521019825,20.160963651118248,32.2575418417892,50.36
1771402406.520094,778,870,595,0.07,0.62,181.72,347.6,16.872882843017578,62.47852239222466,False,False,77.80000000000001,886.1407613835868,607.4152272932736,20.36325236266376,32.581203780262015,50.62
1771402406.535885,779,864,585,0.07,0.6,181.72,347.6,15.791177749633789,62.50285370266057,False,False,77.9,879.7794574576956,599.7048118179626,21.56902334972352,34.51043735955763,50.6
1771402406.551937,780,860,576,0.11,0.71,181.72,347.6,16.0520076751709,62.479747815018335,False,False,78.0,874.2196906755012,591.3978455987535,20.95932374839389,33.53491799743022,50.71
1771402406.568032,781,857,566,0.13,0.91,181.72,347.6,16.09492301940918,62.48685311216054,False,False,78.10000000000001,869.5170123888762,582.5773290961894,20.77217945008773,33.23548712014037,50.91
1771402406.584299,782,855,556,0.08,0.55,181.72,347.6,16.267061233520508,62.44808839173583,False,False,78.2,865.718410204763,573.3313939954911,20.377966904098,32.604747046556795,50.55
1771402406.60081,783,853,546,0.11,0.9,181.72,347.6,16.510963439941406,62.44672474985527,False,False,78.30000000000001,862.8618385005333,563.7524226238826,20.30774156885838,32.492386510173404,50.9
1771402406.615764,784,853,534,0.09,0.63,181.72,347.6,14.953851699829102,62.50156528200781,False,False,78.4,860.9758391963995,553.9361248969245,21.472379625756364,34.355807401210186,50.63
1771402406.631851,785,855,523,0.11,0.79,181.72,347.6,16.087055206298828,62.49675357814173,False,False,78.5,860.0792565739797,543.980582016667,21.586654884497634,34.538647815196214,50.79
1771402406.648162,786,857,512,0.08,0.7,181.72,347.6,16.310930252075195,62.45439601019687,False,False,78.60000000000001,860.1810489904661,533.9852664767029,22.21420749726136,35.542731995618176,50.7
1771402406.664021,787,860,504,0.1,0.56,181.72,347.6,15.859127044677734,62.47917387683925,False,False,78.7,861.2801993696814,524.0500481658984,20.090877080928486,32.145403329485575,50.56
1771402406.679541,788,864,495,0.09,0.57,181.72,347.6,15.520095825195312,62.56367164756463,False,False,78.80000000000001,863.3657253643677,514.2741965014658,19.28463002213219,30.855408035411507,50.57
1771402406.696445,789,868,485,0.1,0.68,181.72,347.6,16.90387725830078,62.437955476360074,False,False,78.9,866.4167890881686,504.75538856177195,19.818726851589943,31.70996296254391,50.68
1771402406.712301,790,874,477,0.09,0.58,181.72,347.6,15.856027603149414,62.51822570812335,False,False,79.0,870.4029053209036,495.58873312924914,18.933570436682768,30.293712698692428,50.58
1771402406.728171,791,881,467,0.1,0.62,181.72,347.6,15.870094299316406,62.4910736168669,False,False,79.10000000000001,875.2842461068111,486.8658203948847,20.67173583735338,33.07477733976541,50.62
1771402406.744183,792,889,460,0.09,0.54,181.72,347.6,16.011953353881836,62.47597863001728,False,False,79.2,881.0120387023135,478.6738068193111,20.310553582270657,32.49688573163305,50.54
1771402406.760249,793,897,454,0.15,0.85,181.72,347.6,16.06583595275879,62.52611650123607,False,False,79.30000000000001,887.5290528971545,471.0945442942536,19.542832027449204,31.268531243918726,50.85
1771402406.775841,794,905,448,0.09,0.61,181.72,347.6,15.592098236083984,62.53641791497264,False,False,79.4,894.7701728397362,464.20376230549357,19.16275754117357,30.66041206587771,50.61
1771402406.791758,795,914,444,0.1,0.68,181.72,347.6,15.917062759399414,62.52428342287442,False,False,79.5,902.6630476531891,458.07031126887193,18.0693150870974,28.910904139355843,50.68
1771402406.808523,796,925,439,0.1,0.62,181.72,347.6,16.76487922668457,62.453807038572926,False,False,79.60000000000001,911.1288143414158,452.7554745996965,19.53517015635666,31.256272250170657,50.62
1771402406.824309,797,935,437,0.1,0.57,181.72,347.6,15.786170959472656,62.4687517531139,False,False,79.7,920.0828857620759,448.31235638911585,18.72137025598417,29.95419240957467,50.57
1771402406.840177,798,946,434,0.07,0.48,181.72,347.6,15.867948532104492,62.49680013946773,False,False,79.80000000000001,929.4357957933588,444.7853508055891,19.766047986356067,31.62567677816971,50.48
1771402406.856026,799,957,434,0.1,0.63,181.72,347.6,15.848875045776367,62.49877129923899,False,False,79.9,939.0940932498904,442.2096985230349,19.698239677259007,31.51718348361441,50.63
1771402406.871668,800,966,434,0.21,0.64,181.72,347.6,15.642166137695312,62.52956546542935,False,False,80.0,948.9612756160952,440.6111346076625,18.276357115992884,29.242171385588613,50.64
1771402406.888272,801,976,436,0.07,0.44,181.72,347.6,16.603946685791016,62.47475335506866,False,False,80.10000000000001,958.9387532674283,440.00563138169923,17.52515970927918,28.040255534846686,50.44
1771402406.903332,802,986,438,0.09,0.43,181.72,347.6,15.059947967529297,62.53784764027688,False,False,80.2,968.9268345453102,440.3992388332265,17.240920092097078,27.585472147355325,50.43
1771402406.920177,803,996,440,0.1,0.59,181.72,347.6,16.844987869262695,62.4787860867415,False,False,80.30000000000001,978.825721843236,441.78802416669794,17.26710342317427,27.627365477078833,50.59
1771402406.935341,804,1007,445,0.06,0.4,181.72,347.6,15.163898468017578,62.49298234112676,False,False,80.4,988.536508751459,444.15811109813257,18.48267529358339,29.572280469733425,50.4
1771402406.9522,805,1016,450,0.1,0.63,181.72,347.6,16.859054565429688,62.48554983621203,False,False,80.5,997.9621682971532,447.48581850235814,18.212206926765077,29.139531082824124,50.63
1771402406.968019,806,1026,456,0.11,0.68,181.72,347.6,15.819072723388672,62.474226036339374,False,False,80.60000000000001,1007.008522405848,451.7378970269862,19.463857350529224,31.142171760846757,50.68
1771402406.983993,807,1033,463,0.07,0.42,181.72,347.6,15.974044799804688,62.52442323014967,False,False,80.7,1015.5851828976138,456.8718613089477,18.461580065810615,29.538528105296983,50.42
1771402407.00107,808,1039,470,0.15,1.61,181.72,347.6,17.076969146728516,62.446399344117154,False,False,80.80000000000001,1023.6064546158864,462.8364144742017,16.978757230085847,27.166011568137357,51.61
1771402407.015643,809,1045,479,0.12,0.62,181.72,347.6,14.572858810424805,62.53721047201188,False,False,80.9,1030.9921916651344,469.57196067913844,16.885100526263997,27.016160842022394,50.62
1771402407.031791,810,1051,489,0.1,0.7,181.72,347.6,16.148090362548828,62.487830604799825,False,False,81.0,1037.6685982021631,477.0112005725546,17.929238288529785,28.686781261647656,50.7
1771402407.047886,811,1056,499,0.09,0.63,181.72,347.6,16.09492301940918,62.52931687871027,False,False,81.10000000000001,1043.5689657797818,485.07980372852205,18.66286355361106,29.860581685777696,50.63
1771402407.063829,812,1060,508,0.14,0.8,181.72,347.6,15.943050384521484,62.496939823862,False,False,81.2,1048.6343398755555,493.6971513314297,18.268817972173526,29.23010875547764,50.8
1771402407.080367,813,1062,517,0.08,0.52,181.72,347.6,16.538143157958984,62.45328007337803,False,False,81.30000000000001,1052.8141089459107,502.7771416925482,16.93134055210778,27.09014488337245,50.52
1771402407.096177,814,1065,529,0.12,0.64,181.72,347.6,15.810012817382812,62.45250514071641,False,False,81.4,1056.0665101199431,512.2290505496323,19.001894297776353,30.403030876442166,50.64
1771402407.111704,815,1065,538,0.08,0.48,181.72,347.6,15.527009963989258,62.5366665581557,False,False,81.5,1058.3590464802235,521.9584375537692,17.361854433445636,27.778967093513018,50.48
1771402407.12834,816,1064,548,0.09,0.51,181.72,347.6,16.635894775390625,62.490887406108435,False,False,81.60000000000001,1059.6688117612516,531.8680898861224,16.70322470308345,26.72515952493352,50.51
1771402407.144122,817,1062,560,0.09,0.46,181.72,347.6,15.781879425048828,62.494022101771655,False,False,81.7,1059.9827192212902,541.85899357628,18.25282268049527,29.204516288792433,50.46
1771402407.159785,818,1060,569,0.1,0.54,181.72,347.6,15.66314697265625,62.608654115989275,False,False,81.80000000000001,1059.2976324007625,551.8313228171264,17.183038044949516,27.492860871919227,50.54
1771402407.176105,819,1056,580,0.09,0.53,181.72,347.6,16.319990158081055,62.50254323499492,False,False,81.9,1057.6203964607196,561.6854373912981,18.386105847567965,29.417769356108742,50.53
1771402407.191993,820,1051,591,0.12,0.75,181.72,347.6,15.887975692749023,62.50494944008178,False,False,82.0,1054.9677697882544,571.3228782433085,20.073174081849753,32.1170785309596,50.75
1771402407.208081,821,1047,598,0.09,0.5,181.72,347.6,16.088008880615234,62.507806078893125,False,False,82.10000000000001,1051.3662565522352,580.6473512498801,17.89353556245871,28.629656899933934,50.5
1771402407.22401,822,1039,607,0.11,0.72,181.72,347.6,15.928983688354492,62.50111512345833,False,False,82.2,1046.8518418824158,589.5656893589894,19.120842253251137,30.59334760520182,50.72
1771402407.239923,823,1033,614,0.07,0.5,181.72,347.6,15.913009643554688,62.46622429170238,False,False,82.30000000000001,1041.4696323179085,597.9887834842635,18.113357665390247,28.981372264624394,50.5
1771402407.25586,824,1025,621,0.13,0.81,181.72,347.6,15.937089920043945,62.52493586217486,False,False,82.4,1035.2734051175614,605.832472853505,18.31929945301402,29.310879124822428,50.81
1771402407.272255,825,1016,629,0.09,0.54,181.72,347.6,16.394853591918945,62.472287441061006,False,False,82.5,1028.3250709353592,613.0183859153167,20.182154550824972,32.291447281319954,50.54
1771402407.287851,826,1007,633,0.08,0.49,181.72,347.6,15.596151351928711,62.47721946375373,False,False,82.60000000000001,1020.6940552296358,619.4747234017327,19.24734412047415,30.79575059275864,50.49
1771402407.303488,827,997,638,0.07,0.42,181.72,347.6,15.636920928955078,62.52689326177698,False,False,82.7,1012.456604586846,625.1369757227686,20.108804512221795,32.17408721955487,50.42
1771402407.320181,828,987,640,0.09,0.51,181.72,347.6,16.6928768157959,62.46330943680119,False,False,82.80000000000001,1003.6950248908713,629.9485675249258,19.487307430935363,31.17969188949658,50.51
1771402407.33619,829,977,642,0.13,0.75,181.72,347.6,16.009092330932617,62.50684348664747,False,False,82.9,994.4968589498432,633.8614229734167,19.29705959798893,30.87529535678229,50.75
1771402407.35171,830,966,644,0.08,0.48,181.72,347.6,15.520095825195312,62.51640862258491,False,False,83.0,984.9540117973338,636.8364461100185,20.262553332394656,32.42008533183145,50.48
1771402407.367446,831,957,644,0.09,0.54,181.72,347.6,15.735864639282227,62.51067850617162,False,False,83.10000000000001,975.1618324076437,638.8439114869627,18.879549919360166,30.207279870976265,50.54
1771402407.383899,832,946,643,0.09,0.73,181.72,347.6,16.453027725219727,62.52917704954937,False,False,83.2,965.2181610003732,639.8637611737821,19.47238316722798,31.15581306756477,50.73
1771402407.400645,833,936,641,0.25,1.32,181.72,347.6,16.746044158935547,62.46648788241941,False,False,83.30000000000001,955.2223514532803,639.8858051695236,19.25461569374183,30.807385109986928,51.32
1771402407.415649,834,926,638,0.06,0.62,181.72,347.6,15.00391960144043,62.52254365130631,False,False,83.4,945.274278591187,638.9098232178686,19.29574029412871,30.873184470605935,50.62
1771402407.432655,835,916,635,0.13,0.78,181.72,347.6,17.00615882873535,62.40482181421603,False,False,83.5,935.4733402697343,636.9455670078614,19.570289017869275,31.31246242859084,50.78
1771402407.447923,836,905,631,0.11,0.65,181.72,347.6,15.26784896850586,62.50768187177614,False,False,83.60000000000001,925.9174642248691,634.0126627382552,21.133301833200424,33.813282933120675,50.65
1771402407.463923,837,896,625,0.13,0.78,181.72,347.6,16.000032424926758,62.4543340126607,False,False,83.7,916.702129611282,630.1404150190234,21.330776755901773,34.129242809442836,50.78
1771402407.479715,838,888,618,0.13,0.67,181.72,347.6,15.792131423950195,62.524671777960585,False,False,83.80000000000001,907.9194130062447,625.3675140693805,21.238250353451168,33.98120056552187,50.67
1771402407.495508,839,880,610,0.1,0.61,181.72,347.6,15.7928466796875,62.52456303805016,False,False,83.9,899.6570684108968,619.7416491379055,21.938552058801264,35.10168329408202,50.61
1771402407.511705,840,874,602,0.12,0.64,181.72,347.6,16.19696617126465,62.51511964304079,False,False,84.0,891.9976504412662,613.3190320073293,21.26113607004462,34.01781771207139,50.64
1771402407.528588,841,870,594,0.11,0.69,181.72,347.6,16.883134841918945,62.46382106717923,False,False,84.10000000000001,885.017689469837,606.1638353449845,19.32588645605545,30.92141832968872,50.69
1771402407.544106,842,863,584,0.1,0.67,181.72,347.6,15.517950057983398,62.51257289996676,False,False,84.2,878.7869269593699,598.3475515107299,21.33258768114004,34.132140289824065,50.67
1771402407.559946,843,860,574,0.1,0.66,181.72,347.6,15.84005355834961,62.556300069501965,False,False,84.30000000000001,873.3676186292511,589.9482782289151,20.809632536015336,33.29541205762454,50.66
1771402407.576233,844,857,566,0.09,0.49,181.72,347.6,16.286849975585938,62.469480568320854,False,False,84.4,868.8139124169317,581.0499382617439,19.132934126192875,30.6126946019086,50.49
1771402407.591978,845,854,553,0.09,0.54,181.72,347.6,15.745162963867188,62.491725363260834,False,False,84.5,865.171307449629,571.741440880767,21.818334409881512,34.909335055810416,50.54
1771402407.608161,846,854,544,0.07,0.42,181.72,347.6,16.182899475097656,62.50005960470162,False,False,84.60000000000001,862.4761994320911,562.1157935148333,20.000698274926737,32.00111723988278,50.42
1771402407.623928,847,853,534,0.06,0.55,181.72,347.6,15.767097473144531,62.5060516991204,False,False,84.7,860.7555169927457,552.2691724506102,19.847183826802784,31.755494122884453,50.55
1771402407.63989,848,855,522,0.09,0.69,181.72,347.6,15.961885452270508,62.47729701749878,False,False,84.80000000000001,860.0264526217442,542.2999618709084,20.91300260409716,33.460804166555455,50.69
1771402407.655483,849,857,513,0.07,0.42,181.72,347.6,15.59305191040039,62.562691780752104,False,False,84.9,860.2962908892852,532.3077708324603,19.587127102910937,31.3394033646575,50.42
1771402407.671385,850,860,502,0.07,0.41,181.72,347.6,15.902042388916016,62.55969015758112,False,False,85.0,861.5623356605959,522.3924380051413,20.45219842730611,32.723517483689776,50.41
1771402407.688124,851,864,492,0.09,0.54,181.72,347.6,16.7388916015625,62.50307103186174,False,False,85.10000000000001,863.8119370348205,512.6530341169873,20.653890333695358,33.04622453391257,50.54
1771402407.704245,852,870,484,0.09,0.51,181.72,347.6,16.12114906311035,62.49596204621446,False,False,85.2,867.0226177386465,503.18687207223275,19.41651011501416,31.066416184022653,50.51
1771402407.72015,853,876,475,0.1,0.65,181.72,347.6,15.904903411865234,62.50643982775463,False,False,85.30000000000001,871.1622977117922,494.08853463292894,19.692016602213656,31.50722656354185,50.65
1771402407.735855,854,883,466,0.07,0.45,181.72,347.6,15.705108642578125,62.49908172943316,False,False,85.4,876.189614640361,485.4489293792614,20.60684844284256,32.970957508548096,50.45
1771402407.751686,855,891,459,0.12,0.62,181.72,347.6,15.83099365234375,62.50468552467196,False,False,85.5,882.0543372354132,477.35438039104974,20.41832906574547,32.66932650519276,50.62
1771402407.76874,856,897,452,0.17,0.92,181.72,347.6,17.053842544555664,62.48587565010247,False,False,85.60000000000001,888.6978671273994,469.88576572608093,19.71867201011689,31.549875216187026,50.92
1771402407.78347,857,908,447,0.1,0.61,181.72,347.6,14.729976654052734,62.55468290922324,False,False,85.7,896.0538243616961,463.11770931329374,20.062194941955905,32.09951190712945,50.61
1771402407.799672,858,917,443,0.12,0.72,181.72,347.6,16.20197296142578,62.53290604120402,False,False,85.80000000000001,904.0487106451767,457.1178353351408,19.158527357354725,30.65364377176756,50.72
1771402407.815629,859,926,438,0.08,0.53,181.72,347.6,15.957117080688477,62.52585240704848,False,False,85.9,912.6026437168522,451.9460925491188,19.338631098559887,30.941809757695818,50.53
1771402407.832575,860,936,436,0.09,0.75,181.72,347.6,16.946077346801758,62.44100739987932,False,False,86.0,921.6301555050259,447.65415529959404,18.501669291088145,29.602670865741032,50.75
1771402407.847735,861,948,434,0.12,0.69,181.72,347.6,15.159845352172852,62.534988255038975,False,False,86.10000000000001,931.0410460960103,444.28490720483734,19.833946499115168,31.734314398584267,50.69
1771402407.863763,862,957,433,0.22,0.88,181.72,347.6,16.028165817260742,62.47194626074264,False,False,86.2,940.7412849818446,441.87201267808723,18.521836383083944,29.63493821293431,50.88
1771402407.879371,863,968,434,0.07,0.54,181.72,347.6,15.607833862304688,62.55252164286153,False,False,86.30000000000001,950.633950582057,440.43958056385736,18.521551506956673,29.634482411130676,50.54
1771402407.896183,864,979,436,0.1,0.65,181.72,347.6,16.81208610534668,62.44522171360058,False,False,86.4,960.6201986520477,440.00192325033447,18.810435595481437,30.096696952770298,50.65
1771402407.912334,865,988,438,0.09,0.52,181.72,347.6,16.150951385498047,62.49127534644088,False,False,86.5,970.6002499021175,440.5634136647247,17.587563591505745,28.140101746409194,50.52
1771402407.927947,866,999,442,0.09,0.49,181.72,347.6,15.613079071044922,62.50468552467196,False,False,86.60000000000001,980.4743869591437,442.11844158041185,18.525991658950865,29.641586654321383,50.49
1771402407.943585,867,1009,445,0.09,0.6,181.72,347.6,15.637874603271484,62.52658255524471,False,False,86.7,990.1439507096051,444.65146967248575,18.85927008743977,30.174832139903636,50.6
1771402407.960216,868,1017,451,0.1,0.52,181.72,347.6,16.631126403808594,62.5556469754782,False,False,86.80000000000001,999.5123260688428,448.13718876155895,17.720452243366168,28.352723589385867,50.52
1771402407.975725,869,1027,458,0.09,0.52,181.72,347.6,15.508890151977539,62.49465839027574,False,False,86.9,1008.4859073270378,452.540770694718,19.302197079883996,30.883515327814393,50.52
1771402407.99239,870,1032,463,0.1,0.55,174.42,353.0,16.664981842041016,62.46103045784558,False,False,87.0,1016.9750334265312,457.81821633691777,15.89341066180697,25.429457058891153,50.55
1771402408.00757,871,1040,472,0.1,0.51,174.42,353.0,15.180110931396484,62.52057099175272,False,False,87.10000000000001,1024.8948838254698,463.91679519579395,17.131921507898426,27.411074412637483,50.51
1771402408.024323,872,1047,480,0.08,0.54,174.42,353.0,16.752958297729492,62.46785238757644,False,False,87.2,1032.1663259966201,470.7755722873091,17.467912040802357,27.948659265283773,50.54
1771402408.039582,873,1052,490,0.11,0.68,174.42,353.0,15.259027481079102,62.55115343632332,False,False,87.30000000000001,1038.7167060934287,478.326016977977,17.684110851463114,28.29457736234098,50.68
1771402408.056657,874,1057,500,0.18,0.9,174.42,353.0,17.075061798095703,62.46876725964337,False,False,87.4,1044.4805748832343,486.4926877202916,18.416934877331357,29.46709580373017,50.9
1771402408.071843,875,1061,510,0.07,0.48,174.42,353.0,15.185832977294922,62.490964993789596,False,False,87.5,1049.4003416943722,495.19398583973907,18.80877795395458,30.094044726327326,50.48
1771402408.087488,876,1063,521,0.07,0.53,174.42,353.0,15.645027160644531,62.55552257816264,False,False,87.60000000000001,1053.4268498431243,504.342970841778,19.212022910249374,30.739236656398997,50.53
1771402408.104,877,1064,529,0.07,0.42,174.42,353.0,16.512155532836914,62.50793028650372,False,False,87.7,1056.5198677910541,513.8482290925178,16.897589754048713,27.036143606477943,50.42
1771402408.119918,878,1064,541,0.12,0.73,174.42,353.0,15.91801643371582,62.49133741734106,False,False,87.80000000000001,1058.6484911252423,523.6147871935405,18.190224615504203,29.104359384806724,50.73
1771402408.135779,879,1063,551,0.1,0.67,174.42,353.0,15.860795974731445,62.521238886167126,False,False,87.9,1059.7914513449628,533.5450609246926,17.747385232603527,28.395816372165644,50.67
1771402408.151785,880,1061,561,0.07,0.54,174.42,353.0,16.005992889404297,62.51355119745612,False,False,88.0,1059.9373283695124,543.5398302733661,17.492478322899437,27.987965316639098,50.54
1771402408.168072,881,1060,572,0.12,0.91,174.42,353.0,16.28708839416504,62.50058735962353,False,False,88.10000000000001,1059.0846646438827,553.4992308080617,18.523398702925196,29.637437924680313,50.91
1771402408.184382,882,1056,581,0.08,0.53,174.42,353.0,16.30997657775879,62.475792509207835,False,False,88.2,1057.2419797021666,563.3237514907743,17.719827170164464,28.351723472263142,50.53
1771402408.201018,883,1051,590,0.11,0.75,174.42,353.0,16.636133193969727,62.42878600886849,False,False,88.30000000000001,1054.4276850431913,572.9152289583997,17.425223852198368,27.88035816351739,50.75
1771402408.215773,884,1045,601,0.11,0.66,174.42,353.0,14.755010604858398,62.505663575306244,False,False,88.4,1050.6699001689074,582.1778283385994,19.657617199869563,31.452187519791302,50.66
1771402408.231685,885,1039,609,0.12,0.74,174.42,353.0,15.91181755065918,62.53713276945316,False,False,88.5,1046.0061716236203,591.0190008001763,19.297740101983006,30.87638416317281,50.74
1771402408.248089,886,1031,617,0.11,0.66,174.42,353.0,16.404151916503906,62.48451035746475,False,False,88.60000000000001,1040.4830978413295,599.3504082703985,20.035898604501032,32.05743776720165,50.66
1771402408.264067,887,1023,624,0.1,0.74,174.42,353.0,15.977859497070312,62.46233271117112,False,False,88.7,1034.155863549584,607.0888060798184,20.25936256013313,32.41498009621301,50.74
1771402408.279406,888,1015,629,0.07,0.47,174.42,353.0,15.339136123657227,62.55048490262428,False,False,88.80000000000001,1027.0876883819196,614.1568747155005,19.14237651467922,30.627802423486752,50.47
1771402408.296181,889,1005,634,0.09,0.57,174.42,353.0,16.774892807006836,62.50058735962353,False,False,88.9,1019.3491952081855,620.4839923720282,19.712479938404663,31.53996790144746,50.57
1771402408.311992,890,996,639,0.11,0.54,174.42,353.0,15.810966491699219,62.481655847460864,False,False,89.0,1011.0177044941669,626.0069405812453,19.8582738759795,31.7732382015672,50.54
1771402408.327723,891,986,641,0.09,0.55,174.42,353.0,15.731096267700195,62.48196610765366,False,False,89.10000000000001,1002.1764617410523,630.67053587029,19.19311709094422,30.708987345510753,50.55
1771402408.343998,892,974,643,0.08,0.55,174.42,353.0,16.27492904663086,62.49355653302614,False,False,89.2,992.913805723907,634.4281811366126,20.765551415467428,33.22488226474788,50.55
1771402408.359972,893,965,645,0.1,0.74,174.42,353.0,15.974044799804688,62.54384698297019,False,False,89.30000000000001,983.3222858398248,637.2423312308251,19.896923961468868,31.83507833835019,50.74
1771402408.376016,894,954,645,0.08,0.57,174.42,353.0,16.043901443481445,62.47611822135211,False,False,89.4,973.4977373849551,639.08486809542,20.375243522011157,32.60038963521785,50.57
1771402408.391851,895,943,643,0.11,0.67,174.42,353.0,15.835046768188477,62.552397257975635,False,False,89.5,963.5383239998937,639.9373817111084,20.765413155245973,33.22466104839356,50.67
1771402408.407664,896,934,641,0.09,0.68,174.42,353.0,15.813112258911133,62.5168590014622,False,False,89.60000000000001,953.5435568510385,639.7913540436456,19.580894755796663,31.32943160927466,50.68
1771402408.424332,897,924,638,0.08,0.44,174.42,353.0,16.667842864990234,62.47338854841821,False,False,89.7,943.6133003479126,638.6482441532148,19.624010064704073,31.398416103526518,50.44
1771402408.439927,898,913,634,0.08,0.51,174.42,353.0,15.595197677612305,62.48620146739067,False,False,89.80000000000001,933.8467743309864,636.5194736159789,20.99847011828923,33.59755218926277,50.51
1771402408.455887,899,905,630,0.11,0.69,174.42,353.0,15.959978103637695,62.47532721203578,False,False,89.9,924.3415626998392,633.4263124034685,19.642700027184976,31.42832004349596,50.69
1771402408.472262,900,897,624,0.08,0.46,174.42,353.0,16.374826431274414,62.46375905092944,False,False,90.0,915.192638387083,629.3996663600558,18.977051622501406,30.36328259600225,50.46
1771402408.48799,901,887,617,0.1,0.54,174.42,353.0,15.727996826171875,62.53896660133404,False,False,90.10000000000001,906.4914144202172,624.4797684019734,20.877312361695672,33.403699778713076,50.54
1771402408.503807,902,881,609,0.06,0.43,174.42,353.0,15.81716537475586,62.519468220580045,False,False,90.2,898.3248305528791,618.7157765233179,19.863183711002357,31.78109393760377,50.43
1771402408.519657,903,873,601,0.07,0.54,174.42,353.0,15.849828720092773,62.518831426776366,False,False,90.30000000000001,890.774484591555,612.1652826256168,20.99037490387744,33.58459984620391,50.54
1771402408.536382,904,867,591,0.07,0.57,174.42,353.0,16.72506332397461,62.49029774602778,False,False,90.4,883.9158170972802,604.8937370785925,21.89019867606716,35.02431788170746,50.57
1771402408.552192,905,862,582,0.07,0.41,174.42,353.0,15.810012817382812,62.48607734611833,False,False,90.5,877.8173576084821,596.9737947616964,21.780801897083855,34.84928303533417,50.41
1771402408.567973,906,859,573,0.1,0.65,174.42,353.0,15.780925750732422,62.51224680760794,False,False,90.60000000000001,872.5400399164896,588.4845891205728,20.569520684087227,32.91123309453956,50.65
1771402408.583854,907,857,563,0.07,0.41,174.42,353.0,15.881061553955078,62.50482524431719,False,False,90.7,868.136593235233,579.510941491832,19.915694761512523,31.865111618420038,50.41
1771402408.600035,908,854,553,0.11,0.77,174.42,353.0,16.180992126464844,62.49056153995143,False,False,90.80000000000001,864.6510153483646,570.1425135962844,20.181920135356137,32.291072216569816,50.77
1771402408.616049,909,854,542,0.07,0.68,174.42,353.0,16.01409912109375,62.463169902698155,False,False,90.9,862.1181329979518,560.4729116686743,20.17802143152488,32.284834290439804,50.68
1771402408.631879,910,854,531,0.16,0.79,174.42,353.0,15.830039978027344,62.46785238757644,False,False,91.0,860.5632539071798,550.5987511751157,20.668511060891888,33.06961769742702,50.79
1771402408.647977,911,856,521,0.06,0.39,174.42,353.0,16.0980224609375,62.50956055715022,False,False,91.10000000000001,860.0019139139491,540.6186914632952,20.02269636454175,32.0363141832668,50.39
1771402408.663871,912,858,510,0.14,0.75,174.42,353.0,15.893936157226562,62.5243610935057,False,False,91.2,860.4397217419178,530.6324499908872,20.776193944138218,33.24191031062115,50.75
1771402408.679711,913,860,500,0.08,0.49,174.42,353.0,15.84005355834961,62.52858666665342,False,False,91.30000000000001,861.8723029599888,520.7398059816684,20.824146333793145,33.31863413406903,50.49
1771402408.69543,914,865,492,0.08,0.57,174.42,353.0,15.718936920166016,62.52768557741116,False,False,91.4,864.2853436901793,511.03960346450856,19.053011145928952,30.484817833486325,50.57
1771402408.711881,915,870,482,0.08,0.51,174.42,353.0,16.450881958007812,62.48731858103184,False,False,91.5,867.6547336271586,501.628763656497,19.768374668702453,31.629399469923925,50.51
1771402408.727726,916,876,473,0.13,0.66,174.42,353.0,15.845060348510742,62.56608256165224,False,False,91.60000000000001,871.9468069404493,492.60131655818395,20.015993225221838,32.02558916035494,50.66
1771402408.744124,917,884,466,0.1,0.58,174.42,353.0,16.397953033447266,62.45744954117056,False,False,91.7,877.1186786522745,484.0474614369012,19.314850447443227,30.903760715909165,50.58
1771402408.760331,918,892,458,0.15,0.95,174.42,353.0,16.206979751586914,62.457124023650785,False,False,91.80000000000001,883.1186731300846,476.05266558548954,20.1190631420004,32.19050102720064,50.95
1771402408.775343,919,899,452,0.08,0.49,174.42,353.0,15.012025833129883,62.51862951925456,False,False,91.9,889.8868404123904,468.69681036137035,19.02191246727851,30.43505994764562,50.49
1771402408.792057,920,909,447,0.08,0.52,174.42,353.0,16.714096069335938,62.533745125621245,False,False,92.0,897.355555208966,462.05339303841953,19.031493279839477,30.450389247743164,50.52
1771402408.808327,921,918,442,0.07,0.48,174.42,353.0,16.269922256469727,62.4614800391659,False,False,92.10000000000001,905.4501925903946,456.1887924465053,18.942531433475096,30.308050293560154,50.48
1771402408.824046,922,929,438,0.09,0.51,174.42,353.0,15.718936920166016,62.48159379579206,False,False,92.2,914.08987361569,451.1616057361645,19.888180770254912,31.82108923240786,50.51
1771402408.839804,923,939,436,0.09,0.53,174.42,353.0,15.758037567138672,62.47182219609626,False,False,92.30000000000001,923.1882734479483,447.02206289523855,19.27424621155005,30.83879393848008,50.53
1771402408.855535,924,949,433,0.08,0.51,174.42,353.0,15.731096267700195,62.54221492345322,False,False,92.4,932.6544838835746,443.8115248674441,19.597575540655164,31.35612086504826,50.51
1771402408.871707,925,960,433,0.06,0.39,174.42,353.0,16.171932220458984,62.540847167749114,False,False,92.5,942.3939216770103,441.56207028749157,19.577615828368703,31.324185325389927,50.39
1771402408.887321,926,970,434,0.06,0.47,174.42,353.0,15.614032745361328,62.54078499845672,False,False,92.60000000000001,952.3092735852549,440.2961749619728,18.77774268204601,30.044388291273616,50.47
1771402408.903443,927,980,436,0.07,0.42,174.42,353.0,16.122102737426758,62.5092344962179,False,False,92.7,962.3014686896182,440.0264872985314,18.15077437768975,29.0412390043036,50.42
1771402408.920278,928,990,438,0.1,0.56,174.42,353.0,16.83497428894043,62.49596204621446,False,False,92.80000000000001,972.2706682796006,440.7557019271535,17.942215480906402,28.707544769450244,50.56
1771402408.9356,929,1001,442,0.08,0.44,174.42,353.0,15.321969985961914,62.50813212492375,False,False,92.9,982.1172634082754,442.47653277631605,18.888748626612532,30.221997802580052,50.44
1771402408.95225,930,1009,447,0.07,0.46,174.42,353.0,16.649961471557617,62.50911028342414,False,False,93.0,991.7428701519701,445.17178587300526,17.353699821245808,27.76591971399329,50.46
1771402408.96794,931,1019,451,0.06,0.49,174.42,353.0,15.690088272094727,62.47591658962425,False,False,93.10000000000001,1001.0513126299055,448.8145311392119,18.081251407213603,28.930002251541765,50.49
1771402408.983329,932,1027,459,0.07,0.47,174.42,353.0,15.388965606689453,62.5647759786971,False,False,93.2,1009.9495839618014,453.3683714683664,17.956389586828685,28.730223338925896,50.47
1771402409.000873,933,1034,465,0.1,0.97,174.42,353.0,17.544031143188477,62.41605854442035,False,False,93.30000000000001,1018.3487755618893,458.78780639320064,16.839007566376143,26.94241210620183,50.97
1771402409.015815,934,1043,475,0.07,0.48,174.42,353.0,14.941930770874023,62.55486950037285,False,False,93.4,1026.1649654841026,465.0186867113712,19.5715355073948,31.31445681183168,50.48
1771402409.032121,935,1048,482,0.11,0.93,174.42,353.0,16.305923461914062,62.4819040553686,False,False,93.5,1033.3200569424284,471.9987555263947,17.763040820601756,28.42086531296281,50.93
1771402409.048121,936,1053,491,0.06,0.4,174.42,353.0,16.000032424926758,62.4588136514885,False,False,93.60000000000001,1039.7425586281752,479.65827029797674,17.446907587338483,27.915052139741572,50.4
1771402409.063922,937,1058,501,0.11,0.58,174.42,353.0,15.800952911376953,62.5050891609069,False,False,93.7,1045.3682990274935,487.92069968641636,18.183178109223086,29.093084974756938,50.58
1771402409.079591,938,1061,510,0.09,0.48,174.42,353.0,15.669107437133789,62.52130101660555,False,False,93.80000000000001,1050.1410676019377,496.7034882284626,17.167225696550936,27.467561114481498,50.48
1771402409.096393,939,1063,521,0.11,0.57,174.42,353.0,16.802072525024414,62.46003830128157,False,False,93.9,1054.0131764255782,505.91888120420487,17.555715368240303,28.089144589184485,50.57
1771402409.112053,940,1064,532,0.11,0.66,174.42,353.0,15.659809112548828,62.48255561050894,False,False,94.0,1056.9459366669987,515.4748014532346,17.967804443392936,28.748487109428698,50.66
1771402409.127783,941,1064,543,0.1,0.58,174.42,353.0,15.730142593383789,62.51881589538223,False,False,94.10000000000001,1058.910045155309,525.2757693791922,18.440607132645457,29.50497141223273,50.58
1771402409.143945,942,1063,554,0.07,0.42,174.42,353.0,16.16191864013672,62.528462376938,False,False,94.2,1059.8858771677412,535.2238569503279,19.032637989415583,30.452220783064934,50.42
1771402409.159615,943,1061,565,0.09,0.5,174.42,353.0,15.670061111450195,62.59147843618204,False,False,94.30000000000001,1059.8636825133945,545.2196661640345,19.81294587113707,31.700713393819314,50.5
1771402409.175759,944,1058,574,0.07,0.57,174.42,353.0,16.1440372467041,62.5009133303514,False,False,94.4,1058.8436829539185,555.1633221988208,18.8555623494016,30.168899759042556,50.57
1771402409.191481,945,1055,582,0.09,0.6,174.42,353.0,15.722036361694336,62.51327168076326,False,False,94.5,1056.8360699877446,564.9554713305243,17.143135960625,27.429017537,50.6
1771402409.208021,946,1050,592,0.11,0.58,174.42,353.0,16.539812088012695,62.50443713573388,False,False,94.60000000000001,1053.8609030200018,574.4982736418768,17.922527657796557,28.67604425247449,50.58
1771402409.223904,947,1044,601,0.11,0.66,174.42,353.0,15.88296890258789,62.510616396843595,False,False,94.7,1049.9479089355732,583.6963806066115,18.297345840780395,29.27575334524863,50.66
1771402409.239319,948,1038,609,0.09,0.48,174.42,353.0,15.415191650390625,62.505663575306244,False,False,94.80000000000001,1045.136185077885,592.4578877804291,18.01573240672457,28.82517185075931,50.48
1771402409.256151,949,1030,617,0.12,0.66,174.42,353.0,16.83187484741211,62.501953354927444,False,False,94.9,1039.4738086011807,600.6952530798158,18.857301544575876,30.1716824713214,50.66
1771402409.271622,950,1023,624,0.07,0.43,174.42,353.0,15.47098159790039,62.524097014146655,False,False,95.0,1033.017356099482,608.3261714736121,18.601514021671417,29.762422434674267,50.43
1771402409.288258,951,1013,630,0.08,0.47,174.42,353.0,16.636133193969727,62.465185455830756,False,False,95.10000000000001,1025.831338311965,615.2743973476746,19.53168237378119,31.250691798049907,50.47
1771402409.30424,952,1003,634,0.06,0.39,174.42,353.0,15.981912612915039,62.48424661462672,False,False,95.2,1017.9875555529833,621.4705063258458,19.534969495354478,31.255951192567164,50.39
1771402409.319962,953,994,638,0.09,0.52,174.42,353.0,15.722036361694336,62.50064944902384,False,False,95.30000000000001,1009.5643803070523,626.8525889353788,19.144573847077293,30.63131815532367,50.52
1771402409.335527,954,983,642,0.08,0.46,174.42,353.0,15.564918518066406,62.53184944841335,False,False,95.4,1000.6459741569004,631.3668691859176,20.602035696876754,32.963257115002804,50.46
1771402409.352136,955,974,643,0.08,0.45,174.42,353.0,16.60895347595215,62.48145417998787,False,False,95.5,991.3214468687454,634.9682418814224,19.09297410311204,30.548758564979266,50.45
1771402409.367791,956,963,644,0.06,0.37,174.42,353.0,15.655040740966797,62.49174088119781,False,False,95.60000000000001,981.6839660369704,637.6207232963756,19.742992633642718,31.588788213828348,50.37
1771402409.383401,957,952,645,0.08,0.53,174.42,353.0,15.609979629516602,62.56066993037137,False,False,95.7,971.8298261843216,639.2978107132717,20.63339451379939,33.01343122207903,50.53
1771402409.400222,958,942,642,0.08,0.51,174.42,353.0,16.82114601135254,62.48080264781819,False,False,95.80000000000001,961.8574866188583,639.9827472290133,19.959686459465967,31.935498335145546,50.51
1771402409.416311,959,931,641,0.05,0.41,174.42,353.0,16.08896255493164,62.47241150755528,False,False,95.9,951.8665876611042,639.6686891843447,20.909014063470952,33.45442250155352,50.41
1771402409.432008,960,921,638,0.11,0.56,174.42,353.0,15.697002410888672,62.516532864385674,False,False,96.0,941.9569550708916,638.3587745434345,20.96002588300847,33.53604141281355,50.56
1771402409.447649,961,913,634,0.08,0.55,174.42,353.0,15.640974044799805,62.522201921839496,False,False,96.10000000000001,932.2276026213716,636.0660915403743,19.33828939742557,30.94126303588091,50.55
1771402409.464402,962,903,628,0.1,0.62,174.42,353.0,16.752958297729492,62.461294004731165,False,False,96.2,922.7757427861263,632.8135479058708,20.353138484890742,32.565021575825185,50.62
1771402409.480021,963,894,622,0.11,0.59,174.42,353.0,15.619039535522461,62.47630434410221,False,False,96.30000000000001,913.6958154242571,628.6336419807712,20.78293413249093,33.25269461198549,50.59
1771402409.495732,964,887,615,0.08,0.58,174.42,353.0,15.711069107055664,62.5423392678474,False,False,96.4,905.0785441685417,623.5681380033873,20.006167751446135,32.00986840231381,50.58
1771402409.511953,965,879,607,0.09,0.59,174.42,353.0,16.221046447753906,62.51555447357242,False,False,96.5,897.0100299448745,617.6676488150272,20.932269582059853,33.491631331295764,50.59
1771402409.527836,966,872,599,0.12,0.68,174.42,353.0,15.88296890258789,62.508908438687136,False,False,96.60000000000001,889.5708906802813,610.9911301532178,21.27259743542865,34.03615589668584,50.68
1771402409.544291,967,867,591,0.06,0.41,174.42,353.0,16.45493507385254,62.47155856035886,False,False,96.7,882.8354557952434,603.6052915854661,20.239936664864654,32.38389866378345,50.41
1771402409.560039,968,861,581,0.08,0.52,174.42,353.0,15.748023986816406,62.4997336428788,False,False,96.80000000000001,876.8710235286916,595.5839299693054,21.554127242778463,34.48660358844554,50.52
1771402409.576069,969,858,572,0.07,0.41,174.42,353.0,16.030073165893555,62.49869369217229,False,False,96.9,871.7371885162556,587.007192098497,20.345175423483933,32.552280677574295,50.41
1771402409.591852,970,856,561,0.12,0.67,174.42,353.0,15.782833099365234,62.5017670793246,False,False,97.0,867.4852463403586,577.9607739027522,20.4836211368742,32.77379381899872,50.67
1771402409.608004,971,855,550,0.1,0.56,174.42,353.0,16.152143478393555,62.49824357498613,False,False,97.10000000000001,864.1576810017166,568.5350642023333,20.673938335832805,33.07830133733249,50.56
1771402409.623855,972,853,539,0.09,0.6,174.42,353.0,15.851020812988281,62.50103751057069,False,False,97.2,861.7877404332473,558.8242415728442,21.684670526909468,34.69547284305515,50.6
1771402409.639622,973,854,528,0.09,0.59,174.42,353.0,15.76685905456543,62.50580329932407,False,False,97.30000000000001,860.399104297712,548.9253333440249,21.881912881911347,35.011060611058156,50.59
1771402409.656498,974,856,519,0.13,0.71,174.42,353.0,16.8759822845459,62.43055154153635,False,False,97.4,860.0056473883554,538.9372461347564,20.335658200257424,32.537053120411876,50.71
1771402409.671885,975,858,508,0.07,0.38,174.42,353.0,15.38705825805664,62.4997336428788,False,False,97.5,860.6113009965559,528.9597776108097,21.121817402610386,33.79490784417662,50.38
1771402409.687419,976,862,500,0.07,0.4,174.42,353.0,15.533924102783203,62.519996303329684,False,False,97.60000000000001,862.210013631663,519.0926193395621,19.093774351104766,30.550038961767626,50.4
1771402409.704119,977,865,490,0.06,0.39,174.42,353.0,16.700029373168945,62.50032348104848,False,False,97.7,864.7858114854904,509.43436070481374,19.435540968147922,31.096865549036675,50.39
1771402409.719783,978,871,481,0.07,0.54,174.42,353.0,15.664100646972656,62.535687537056745,False,False,97.80000000000001,868.3129580373292,500.08150383424453,19.269768630822806,30.83162980931649,50.54
1771402409.736021,979,877,473,0.08,0.5,174.42,353.0,16.237974166870117,62.45588398799219,False,False,97.9,872.7562112047518,491.12749938206434,18.61762544433143,29.78820071093029,50.5
1771402409.751788,980,885,463,0.1,0.6,174.42,353.0,15.76685905456543,62.51752681656967,False,False,98.0,878.0711754708541,482.6618128009577,20.8469540215255,33.355126434440805,50.6
1771402409.767427,981,893,456,0.07,0.41,174.42,353.0,15.639066696166992,62.55864821066746,False,False,98.10000000000001,884.2047454695837,474.769030432858,20.727590444727497,33.16414471156399,50.41
1771402409.78413,982,902,450,0.1,0.61,174.42,353.0,16.703128814697266,62.49451871607955,False,False,98.2,891.0956365970003,467.5280143501825,20.643072161984104,33.02891545917457,50.61
1771402409.800269,983,910,446,0.11,0.89,174.42,353.0,16.138792037963867,62.46974418651988,False,False,98.30000000000001,898.6749973467863,461.0111143920657,18.803968740321242,30.086349984513987,50.89
1771402409.816191,984,919,442,0.11,0.57,174.42,353.0,15.922069549560547,62.45732553409626,False,False,98.4,906.8670972517315,455.28344526869,17.990476572487584,28.784762515980134,50.57
1771402409.832285,985,929,438,0.11,0.8,174.42,353.0,16.093969345092773,62.462394724588705,False,False,98.5,915.5900835575347,450.4022359566197,18.26585108111774,29.225361729788386,50.8
1771402409.847514,986,939,435,0.07,0.48,174.42,353.0,15.228986740112305,62.48744270723537,False,False,98.60000000000001,924.7567990684659,446.4162578857871,18.253758979751307,29.20601436760209,50.48
1771402409.864222,987,951,434,0.08,0.52,174.42,353.0,16.7081356048584,62.449328117854016,False,False,98.7,934.2756529932501,443.36533763148793,19.16802889589715,30.668846233435442,50.52
1771402409.879639,988,962,434,0.11,0.6,174.42,353.0,15.416860580444336,62.54163983706156,False,False,98.80000000000001,944.0515360899885,441.2799589804023,19.368664370196623,30.989862992314595,50.6
1771402409.896378,989,970,435,0.13,0.58,174.42,353.0,16.7391300201416,62.44939010545201,False,False,98.9,953.9867709662533,440.18095834667764,16.830503066671458,26.928804906674333,50.58
1771402409.911851,990,981,437,0.07,0.54,174.42,353.0,15.472888946533203,62.52599222134048,False,False,99.0,963.9820880393139,440.07931658136465,17.294262577801057,27.67082012448169,50.54
1771402409.927627,991,991,438,0.12,0.59,174.42,353.0,15.77615737915039,62.520384605160615,False,False,99.10000000000001,973.9376174049904,440.97604925538417,17.31998178373634,27.71197085397814,50.59
1771402409.94338,992,1001,442,0.07,0.44,174.42,353.0,15.753030776977539,62.4966759760859,False,False,99.2,983.7538867047186,442.86219651227754,17.26765202971916,27.628243247550653,50.44
1771402409.959973,993,1013,447,0.06,0.44,174.42,353.0,16.592979431152344,62.55864821066746,False,False,99.30000000000001,993.3328150204857,445.7189125921318,19.708864755866397,31.534183609386236,50.44
1771402409.975861,994,1021,453,0.07,0.42,174.42,353.0,15.887975692749023,62.497001906015434,False,False,99.4,1002.5786928669304,449.51765413218106,18.747567555125563,29.996108088200902,50.42
1771402409.991498,995,1029,460,0.07,0.44,174.42,353.0,15.636920928955078,62.54058294911006,False,False,99.5,1011.3991384888934,454.2204653626545,18.525478308465598,29.640765293544955,50.44
1771402410.007888,996,1036,467,0.12,0.55,174.42,353.0,16.390085220336914,62.51516623173699,False,False,99.60000000000001,1019.7060209093729,459.78035734828075,17.821812327154515,28.514899723447222,50.55
1771402410.023859,997,1043,476,0.1,0.78,149.08,351.3,15.970945358276367,62.50409560416743,False,False,99.7,1027.4163405051113,466.14177748619386,18.440037808647496,29.504060493835993,50.78
1771402410.040328,998,1049,484,0.07,0.51,149.08,351.3,16.46900177001953,62.45205568858427,False,False,99.80000000000001,1034.4530583114029,473.24116456918347,18.093259858821426,28.949215774114283,50.51
1771402410.056283,999,1054,494,0.12,0.77,149.08,351.3,15.954971313476562,62.50716952263622,False,False,99.9,1040.745865769955,481.00758386825976,18.560036398896354,29.696058238234166,50.77
1771402410.072357,1000,1058,503,0.08,0.6,149.08,351.3,16.073942184448242,62.48021317803956,False,False,100.0,1046.2318872287683,489.3634358890241,18.012339074900353,28.819742519840567,50.6
1771402410.088207,1001,1061,513,0.1,0.62,149.08,351.3,15.850067138671875,62.47241150755528,False,False,100.10000000000001,1050.8563081748648,498.22523172016395,17.92172596504489,28.67476154407182,50.62
1771402410.103466,1002,1063,523,0.08,0.39,149.08,351.3,15.259027481079102,62.531196864821,False,False,100.2,1054.5729229227798,507.50442722705213,17.63883226370539,28.22213162192862,50.39
1771402410.120216,1003,1065,534,0.07,0.55,149.08,351.3,16.749858856201172,62.460906436551326,False,False,100.30000000000001,1057.3445962865028,517.1083077554807,18.545470414637087,29.672752663419338,50.55
1771402410.135908,1004,1065,544,0.11,0.58,149.08,351.3,15.691995620727539,62.49031326325576,False,False,100.4,1059.1436346219762,526.9409145058278,18.03633591776316,28.858137468421056,50.58
1771402410.151595,1005,1063,554,0.08,0.47,149.08,351.3,15.687227249145508,62.49257886123948,False,False,100.5,1059.952062532835,536.9040033216729,17.365570109533362,27.78491217525338,50.47
1771402410.167821,1006,1061,564,0.06,0.37,149.08,351.3,16.225814819335938,62.51302322357915,False,False,100.60000000000001,1059.7618024746253,546.8980263129288,17.146738380960986,27.434781409537578,50.37
1771402410.183619,1007,1058,574,0.09,0.56,149.08,351.3,15.798091888427734,62.518551862862665,False,False,100.7,1058.5747554629565,556.8231265054488,17.186486752388127,27.498378803821005,50.56
1771402410.200585,1008,1054,584,0.21,1.37,149.08,351.3,16.965866088867188,62.417699507495456,False,False,100.80000000000001,1056.4027820791835,566.5801355789141,17.58479565332106,28.135673045313695,51.37
1771402410.215502,1009,1050,595,0.1,0.59,149.08,351.3,14.917135238647461,62.54227709558851,False,False,100.9,1053.2675839633987,576.0715647238982,19.208403550514973,30.733445680823955,50.59
1771402410.233657,1010,1044,603,1.23,2.05,149.08,351.3,18.15485954284668,62.367797114645185,False,False,101.0,1049.2004869788161,585.2025787178351,18.54166306218762,29.666660899500194,52.05
1771402410.247577,1011,1037,610,0.09,0.58,149.08,351.3,13.920068740844727,62.54437547764171,False,False,101.10000000000001,1044.242128214101,593.8819434872105,17.670318809205305,28.27251009472849,50.58
1771402410.264274,1012,1029,619,0.09,0.56,149.08,351.3,16.696929931640625,62.497793464283426,False,False,101.2,1038.442049951017,602.0229376882631,19.42608946788046,31.081743148608734,50.56
1771402410.28018,1013,1020,624,0.1,0.56,149.08,351.3,15.906095504760742,62.48581359005186,False,False,101.30000000000001,1031.8582046543156,609.544219197993,18.697235523448544,29.91557683751767,50.56
1771402410.296113,1014,1011,631,0.12,0.76,149.08,351.3,15.933036804199219,62.46186761446417,False,False,101.4,1024.5563759298736,616.3706378577581,19.944762847447407,31.911620555915853,50.76
1771402410.311848,1015,1002,636,0.09,0.55,149.08,351.3,15.73491096496582,62.51875376988287,False,False,101.5,1016.6095212366413,622.433986348825,19.93677098097231,31.898833569555695,50.55
1771402410.327736,1016,993,639,0.11,0.61,149.08,351.3,15.887975692749023,62.50358331381583,False,False,101.60000000000001,1008.097042919831,627.6736816973482,18.873425529463464,30.19748084714154,50.61
1771402410.343766,1017,983,643,0.11,0.63,149.08,351.3,16.030073165893555,62.47624230306229,False,False,101.7,999.1039948489355,632.0373705994169,19.481218993406674,31.16995038945068,50.63
1771402410.359374,1018,971,644,0.07,0.46,149.08,351.3,15.608072280883789,62.55525823550979,False,False,101.80000000000001,989.7202325875704,635.4814525179667,20.567273988946376,32.907638382314204,50.46
1771402410.375872,1019,962,644,0.09,0.57,149.08,351.3,16.49785041809082,62.52860220290258,False,False,101.9,980.0395155863943,637.9715153249283,19.02016693063801,30.432267089020815,50.57
1771402410.391789,1020,951,644,0.14,0.7,149.08,351.3,15.917062759399414,62.51426552924983,False,False,102.0,970.1585703696621,639.4826791358406,19.683927616181315,31.494284185890102,50.7
1771402410.407718,1021,941,642,0.09,0.57,149.08,351.3,15.928983688354492,62.49551196837406,False,False,102.10000000000001,960.1761240757718,639.9998449014294,19.280154433710646,30.848247093937033,50.57
1771402410.423541,1022,931,640,0.1,0.66,149.08,351.3,15.823125839233398,62.556097919894526,False,False,102.2,950.1919180083366,639.5178452723169,19.197973591505523,30.716757746408838,50.66
1771402410.439453,1023,920,638,0.08,0.54,149.08,351.3,15.91181755065918,62.53700844576083,False,False,102.30000000000001,940.30571105404,638.0414962294692,20.305753454309986,32.48920552689598,50.54
1771402410.456367,1024,910,633,0.15,0.82,149.08,351.3,16.91412925720215,62.45868963899737,False,False,102.4,930.6162829248262,635.5855489645069,20.77778104332473,33.244449669319565,50.82
1771402410.471998,1025,902,628,0.09,0.65,149.08,351.3,15.630960464477539,62.497079508880674,False,False,102.5,921.2204471836623,632.1745424906729,19.668563621840416,31.469701794944665,50.65
1771402410.487749,1026,893,621,0.11,0.62,149.08,351.3,15.751123428344727,62.505663575306244,False,False,102.60000000000001,912.2120839154219,627.8425584571244,20.394233856960074,32.63077417113612,50.62
1771402410.503684,1027,884,614,0.07,0.4,149.08,351.3,15.934944152832031,62.53954163856435,False,False,102.7,903.6812017081149,622.6328806163622,21.491308206153207,34.38609312984513,50.4
1771402410.520298,1028,877,606,0.07,0.48,149.08,351.3,16.61396026611328,62.483145124487976,False,False,102.80000000000001,895.7130383168198,616.5975623472792,21.505490711705185,34.4087851387283,50.48
1771402410.535271,1029,871,597,0.05,0.35,149.08,351.3,14.972925186157227,62.55200855839554,False,False,102.9,888.38720899622,609.796906555011,21.588790009074557,34.54206401451929,50.35
1771402410.552121,1030,865,589,0.1,0.65,149.08,351.3,16.849994659423828,62.482493557052976,False,False,103.0,881.7769110112885,602.2988631442349,21.408514754876904,34.25362360780305,50.65
1771402410.567358,1031,861,580,0.04,0.3,149.08,351.3,15.237092971801758,62.54209057955347,False,False,103.10000000000001,875.9481922744158,594.1783500861867,20.60276834406904,32.964429350510464,50.3
1771402410.584061,1032,857,569,0.07,0.43,149.08,351.3,16.702890396118164,62.4866048649313,False,False,103.2,870.9592914165041,585.51650486306,21.625372823199424,34.60059651711908,50.43
1771402410.60038,1033,855,560,0.1,0.71,149.08,351.3,16.31903648376465,62.45069187343708,False,False,103.30000000000001,866.8600558858132,576.3998737690965,20.23899170553987,32.38238672886379,50.71
1771402410.615742,1034,854,548,0.1,0.55,149.08,351.3,15.362024307250977,62.54925670353717,False,False,103.4,863.6914438887396,566.919547168632,21.25731285263214,34.011700564211424,50.55
1771402410.631624,1035,854,539,0.09,0.57,149.08,351.3,15.882015228271484,62.51699877553667,False,False,103.5,861.4851151489536,557.1702493512778,19.6515879836899,31.44254077390384,50.57
1771402410.648072,1036,855,528,0.11,0.57,149.08,351.3,16.448020935058594,62.45751154489236,False,False,103.60000000000001,860.2631145739076,547.2493920781341,19.955938223892385,31.929501158227815,50.57
1771402410.663997,1037,857,517,0.12,0.74,149.08,351.3,15.924930572509766,62.50794581248975,False,False,103.7,860.0376519894082,537.2561012756775,20.48260160475855,32.77216256761368,50.74
1771402410.680495,1038,858,508,0.11,0.67,149.08,351.3,16.498088836669922,62.45368304596232,False,False,103.80000000000001,860.8109801430717,527.2902266022605,19.493959365180363,31.19033498428858,50.67
1771402410.696442,1039,862,498,0.14,0.76,149.08,351.3,15.94686508178711,62.472613116659474,False,False,103.9,862.5753721956147,517.4513437833427,19.45985169885096,31.135762718161537,50.76
1771402410.711827,1040,867,487,0.11,0.76,149.08,351.3,15.385150909423828,62.49745200531652,False,False,104.0,865.3131989248787,507.8377596837469,20.905920848042523,33.44947335686804,50.76
1771402410.727558,1041,871,479,0.1,0.64,149.08,351.3,15.730857849121094,62.49147707731729,False,False,104.10000000000001,868.9971048711908,498.54553005796663,19.647883706493296,31.436613930389274,50.64
1771402410.744045,1042,879,469,0.07,0.51,149.08,351.3,16.48712158203125,62.505539376703695,False,False,104.2,873.5902816640717,489.6674997928225,21.363768397930137,34.18202943668822,50.51
1771402410.759889,1043,887,462,0.1,0.64,149.08,351.3,15.843868255615234,62.52474944955674,False,False,104.30000000000001,879.0468357993104,481.29237523203483,20.86740431622393,33.387846905958284,50.64
1771402410.776431,1044,894,457,0.08,0.57,149.08,351.3,16.54219627380371,62.48437072862609,False,False,104.4,885.3122471916835,473.50383785176916,18.650836782726408,29.841338852362252,50.57
1771402410.792176,1045,903,450,0.08,0.47,149.08,351.3,15.744924545288086,62.50709189471135,False,False,104.5,892.3239139216284,466.3797081429797,19.55181968007058,31.282911488112926,50.47
1771402410.807555,1046,913,444,0.09,0.47,149.08,351.3,15.378952026367188,62.497327839344536,False,False,104.60000000000001,900.0117777329298,459.99116805479173,20.601246889822235,32.96199502371557,50.47
1771402410.824206,1047,922,440,0.08,0.46,149.08,351.3,16.651153564453125,62.50103751057069,False,False,104.7,908.2990240316526,454.40204976799754,19.878022537594397,31.804836060151036,50.46
1771402410.839943,1048,933,436,0.11,0.55,149.08,351.3,15.736818313598633,62.48021317803956,False,False,104.80000000000001,917.102849392182,449.6681979050004,20.965186176562018,33.54429788249923,50.55
1771402410.855769,1049,942,434,0.08,0.64,149.08,351.3,15.825986862182617,62.5396815140842,False,False,104.9,926.3352889016707,445.83691154881325,19.634043109063175,31.41446897450108,50.64
1771402410.871715,1050,951,433,0.11,0.55,149.08,351.3,15.946149826049805,62.508846332876466,False,False,105.0,935.9040950763798,442.94647164625155,18.0781261106528,28.92500177704448,50.55
1771402410.887365,1051,962,434,0.09,0.51,149.08,351.3,15.650033950805664,62.51706089754816,False,False,105.10000000000001,945.71365956804,441.025758517369,17.737140902921105,28.379425444673767,50.51
1771402410.903444,1052,973,435,0.09,0.46,149.08,351.3,16.078948974609375,62.49583788616271,False,False,105.2,955.6659684508587,440.09396329284675,18.067017235157984,28.907227576252772,50.46
1771402410.920144,1053,983,437,0.09,0.5,149.08,351.3,16.700029373168945,62.488870194020784,False,False,105.30000000000001,965.6615815442774,440.16039616255733,17.624098798237863,28.198558077180582,50.5
1771402410.93565,1054,994,440,0.08,0.39,149.08,351.3,15.50602912902832,62.5137375433067,False,False,105.4,975.6006259863743,441.22439335122635,18.440067873297295,29.50410859727567,50.39
1771402410.952387,1055,1003,443,0.07,0.52,149.08,351.3,16.736984252929688,62.44216937811223,False,False,105.5,985.3837941304968,443.2753237506552,17.61835725612337,28.189371609797394,50.52
1771402410.967964,1056,1012,448,0.05,0.45,149.08,351.3,15.576839447021484,62.49506189701628,False,False,105.60000000000001,994.9133357944354,446.2926951422409,17.171749577461537,27.47479932393846,50.45
1771402410.984111,1057,1023,454,0.1,0.56,149.08,351.3,16.147136688232422,62.483595024219206,False,False,105.7,1004.0940349479291,450.2463589484482,19.274992495303874,30.839987992486197,50.56
1771402411.000528,1058,1029,461,0.19,1.03,149.08,351.3,16.41702651977539,62.48697723651484,False,False,105.80000000000001,1012.8341610797744,455.096811467434,17.209938490468225,27.535901584749162,51.03
1771402411.015757,1059,1039,468,0.1,0.65,149.08,351.3,15.228986740112305,62.53425791051719,False,False,105.9,1021.0463857387612,460.7955885809737,19.3451753400158,30.952280544025278,50.65
1771402411.032789,1060,1044,476,0.18,1.66,149.08,351.3,17.03190803527832,62.47188422835786,False,False,106.0,1028.6486550906984,467.2857499919147,17.652250387068335,28.243600619309337,51.66
1771402411.047395,1061,1049,485,0.1,0.5,149.08,351.3,14.605998992919922,62.55291034881831,False,False,106.10000000000001,1035.5650097731989,474.5024481528022,17.049855048616926,27.279768077787082,50.5
1771402411.06453,1062,1055,495,0.31,0.93,149.08,351.3,17.134904861450195,62.430814831279825,False,False,106.2,1041.7263438565158,482.3735762011337,18.319839665347356,29.311743464555768,50.93
1771402411.080186,1063,1059,504,0.1,0.65,149.08,351.3,15.655994415283203,62.501953354927444,False,False,106.30000000000001,1047.0710953271566,490.8204884273015,17.77634079299445,28.44214526879112,50.65
1771402411.09606,1064,1062,514,0.12,0.72,149.08,351.3,15.874147415161133,62.490096022765364,False,False,106.4,1051.5458611951653,499.7587860765173,17.666385939550484,28.266217503280775,50.72
1771402411.112209,1065,1064,526,0.11,0.66,149.08,351.3,16.149044036865234,62.460053803485486,False,False,106.5,1055.1059310791507,509.0991606332797,19.09824162766039,30.55718660425662,50.66
1771402411.128044,1066,1064,535,0.1,0.68,149.08,351.3,15.834808349609375,62.4854877768086,False,False,106.60000000000001,1057.7157339376345,518.7482861625364,17.424413981463076,27.87906237034092,50.68
1771402411.144014,1067,1064,546,0.1,0.66,149.08,351.3,15.969991683959961,62.47430358265304,False,False,106.7,1059.3491934831402,528.6097517915729,18.001409222834987,28.80225475653598,50.66
1771402411.15979,1068,1062,556,0.09,0.64,149.08,351.3,15.77615737915039,62.55179088874075,False,False,106.80000000000001,1059.9899887278398,538.5850250155939,17.530587526426487,28.04894004228238,50.64
1771402411.176094,1069,1060,566,0.09,0.5,149.08,351.3,16.30401611328125,62.4614800391659,False,False,106.9,1059.6317170574664,548.5744362019293,17.42945512649186,27.887128202386975,50.5
1771402411.192072,1070,1058,577,0.12,0.81,149.08,351.3,15.977859497070312,62.603358703882996,False,False,107.0,1058.2779582041221,558.4781744560668,18.52391109466725,29.6382577514676,50.81
1771402411.20762,1071,1053,587,0.09,0.58,149.08,351.3,15.547990798950195,62.497203673865926,False,False,107.10000000000001,1055.9422384787756,568.1972848991129,19.03152286158718,30.450436578539488,50.58
1771402411.224284,1072,1048,595,0.08,0.46,149.08,351.3,16.66402816772461,62.499345597522854,False,False,107.2,1052.6478956208373,577.634657392229,17.97659749750954,28.762555996015266,50.46
1771402411.239979,1073,1042,604,0.09,0.54,149.08,351.3,15.69509506225586,62.51308533769002,False,False,107.30000000000001,1048.4278456151774,586.6959968290469,18.45929914685038,29.53487863496061,50.54
1771402411.255821,1074,1035,613,0.13,0.7,149.08,351.3,15.841960906982422,62.51901780410786,False,False,107.4,1043.3242538064908,595.2907653011921,19.56809124703629,31.308945995258064,50.7
1771402411.271734,1075,1028,619,0.07,0.42,149.08,351.3,15.913009643554688,62.50741793329151,False,False,107.5,1037.3881135971062,603.3330867231449,18.26441481506235,29.223063704099758,50.42
1771402411.287472,1076,1019,626,0.1,0.55,149.08,351.3,15.73801040649414,62.51718514194153,False,False,107.60000000000001,1030.6787369377676,610.7426048776962,19.21408343844891,30.742533501518256,50.55
1771402411.304006,1077,1010,632,0.06,0.4,149.08,351.3,16.534090042114258,62.48437072862609,False,False,107.7,1023.2631617022321,617.4452863087046,19.691397842081667,31.506236547330666,50.4
1771402411.319956,1078,1001,636,0.11,0.76,149.08,351.3,15.94996452331543,62.46213116841438,False,False,107.80000000000001,1015.2154818669877,623.3741600389254,19.01293663360093,30.420698613761488,50.76
1771402411.335273,1079,990,640,0.07,0.4,149.08,351.3,15.316963195800781,62.53901322558039,False,False,107.9,1006.6161071887412,628.4699867218696,20.224643984545207,32.35943037527233,50.4
1771402411.352127,1080,981,642,0.1,0.65,149.08,351.3,16.854047775268555,62.47799500986854,False,False,108.0,997.5509597767012,632.6818505417785,18.99374051775308,30.389984828404927,50.65
1771402411.368089,1081,971,643,0.06,0.31,149.08,351.3,15.961885452270508,62.47585454935443,False,False,108.10000000000001,988.1106155872681,635.967667947621,18.499374580514292,29.598999328822867,50.31
1771402411.38384,1082,959,645,0.1,0.56,149.08,351.3,15.751123428344727,62.48053893627914,False,False,108.2,978.3893994190224,638.2946081380238,20.516117806569632,32.825788490511414,50.56
1771402411.399933,1083,949,644,0.11,0.68,149.08,351.3,16.093015670776367,62.4687517531139,False,False,108.30000000000001,968.4844424505077,639.6394210957893,19.966425468445603,31.946280749512965,50.68
1771402411.415524,1084,939,642,0.1,0.62,149.08,351.3,15.590906143188477,62.55493169767009,False,False,108.4,958.4947117376128,639.9886698943791,19.598194675183574,31.357111480293717,50.62
1771402411.433212,1085,928,640,0.1,0.72,149.08,351.3,17.68803596496582,62.42105910670241,False,False,108.5,948.5200213674534,639.3388649552444,20.530669167568515,32.849070668109626,50.72
1771402411.447932,1086,918,636,0.11,0.76,149.08,351.3,14.719963073730469,62.48809437789446,False,False,108.60000000000001,938.6600351490126,637.6964989145396,20.729572135610308,33.16731541697649,50.76
1771402411.463873,1087,910,633,0.13,0.72,149.08,351.3,15.94090461730957,62.487706477055234,False,False,108.7,929.0132708053098,635.0779817508499,19.12648621344006,30.602377941504095,50.72
1771402411.480554,1088,900,627,0.12,0.65,149.08,351.3,16.681194305419922,62.48333128910822,False,False,108.80000000000001,919.6761156168682,631.5094768221074,20.186255397608736,32.298008636173975,50.65
1771402411.496355,1089,891,621,0.1,0.63,149.08,351.3,15.800952911376953,62.42949840476954,False,False,108.9,910.74186335188,627.0266394499704,20.64125848063156,33.026013569010495,50.63
1771402411.511949,1090,884,613,0.07,0.5,149.08,351.3,15.594005584716797,62.511190912837186,False,False,109.0,902.2997821057048,621.6742606636317,20.251538785408442,32.402462056653505,50.5
1771402411.527841,1091,876,605,0.09,0.66,149.08,351.3,15.89202880859375,62.468565675360765,False,False,109.10000000000001,894.434222363572,615.5058196626622,21.21774731054165,33.94839569686664,50.66
1771402411.544317,1092,871,596,0.1,0.69,149.08,351.3,16.475915908813477,62.48333128910822,False,False,109.2,887.2237741984188,608.58294947053,20.531475022978555,32.850360036765686,50.69
1771402411.55996,1093,864,586,0.07,0.51,149.08,351.3,15.642881393432617,62.52735932736529,False,False,109.30000000000001,880.7404820248523,600.9748211177962,22.460832707947368,35.93733233271579,50.51
1771402411.575984,1094,861,577,0.11,0.7,149.08,351.3,16.024112701416016,62.48424661462672,False,False,109.4,875.0491247551811,592.7574525080505,21.111021195814025,33.77763391330244,50.7
1771402411.591626,1095,858,569,0.09,0.48,149.08,351.3,15.641927719116211,62.499873340386536,False,False,109.5,870.20656854993,584.0129488721396,19.34913304521987,30.95861287235179,50.48
1771402411.607742,1096,855,556,0.08,0.5,149.08,351.3,16.11614227294922,62.52148740866174,False,False,109.60000000000001,866.2611986299653,574.8286823998437,21.939322585205705,35.10291613632913,50.5
1771402411.6236,1097,854,548,0.12,0.72,149.08,351.3,15.857934951782227,62.52585240704848,False,False,109.7,863.2524358273624,565.2964192458415,19.615649045274488,31.38503847243918,50.72
1771402411.639427,1098,854,537,0.07,0.46,149.08,351.3,15.826940536499023,62.569613719564046,False,False,109.80000000000001,861.2103427054794,555.511402632618,19.86607835878428,31.785725374054845,50.46
1771402411.65665,1099,855,526,0.15,0.96,149.08,351.3,17.223119735717773,62.48644971141467,False,False,109.9,860.1553231837645,545.5714012116788,20.23899954339546,32.38239926943274,50.96
1771402411.672052,1100,857,516,0.07,0.45,149.08,351.3,15.401840209960938,62.48536365837156,False,False,110.0,860.0979186685352,535.5757321914929,19.81934385669488,31.710950170711804,50.45
1771402411.687833,1101,860,505,0.07,0.45,149.08,351.3,15.781164169311523,62.48209021259353,False,False,110.10000000000001,861.0387027267324,525.6242689927797,20.650408587750846,33.04065374040135,50.45
1771402411.704452,1102,862,496,0.1,0.56,149.08,351.3,16.618967056274414,62.473512619286,False,False,110.2,862.9682753550283,515.8164433463071,19.84008528360082,31.744136453761314,50.56
1771402411.720208,1103,867,486,0.07,0.57,149.08,351.3,15.755891799926758,62.47923592370161,False,False,110.30000000000001,865.8673569015532,506.2502518038959,20.281902733955892,32.45104437432943,50.57
1771402411.73589,1104,873,478,0.09,0.52,149.08,351.3,15.681982040405273,62.535252426407624,False,False,110.4,869.7069807018025,497.021276589278,19.304220760862528,30.886753217380043,50.52
1771402411.751607,1105,880,470,0.08,0.53,149.08,351.3,15.717029571533203,62.5370706075452,False,False,110.5,874.4487825039755,488.22173057210284,19.04855586994657,30.47768939191451,50.53
1771402411.768036,1106,889,460,0.07,0.36,149.08,351.3,16.42894744873047,62.46870523357169,False,False,110.60000000000001,880.0453837918968,479.93953590742973,21.857956071831225,34.97272971492996,50.36
1771402411.783898,1107,896,455,0.1,0.65,149.08,351.3,15.862226486206055,62.52005843129851,False,False,110.7,886.4408651754864,472.25744554662094,19.7280633967913,31.56490143486608,50.65
1771402411.800264,1108,904,449,0.11,0.6,149.08,351.3,16.365766525268555,62.479111830100116,False,False,110.80000000000001,893.5713251188264,465.2522163971979,19.310406458657727,30.896650333852364,50.6
1771402411.816121,1109,914,443,0.1,0.67,149.08,351.3,15.857219696044922,62.477079867497814,False,False,110.9,901.3655184231775,458.99384239320284,20.382176508255434,32.61148241320869,50.67
1771402411.832035,1110,922,440,0.11,0.68,149.08,351.3,15.913963317871094,62.47917387683925,False,False,111.0,909.7455680854615,453.54485513893917,18.265656360583,29.225050176932804,50.68
1771402411.848021,1111,933,436,0.11,0.74,149.08,351.3,15.985965728759766,62.45732553409626,False,False,111.10000000000001,918.6277434195301,448.95969911385527,19.352404510461234,30.963847216737975,50.74
1771402411.863916,1112,943,435,0.13,0.74,149.08,351.3,15.894889831542969,62.469294486225806,False,False,111.2,927.9232966654998,445.2841876813039,18.250246565479898,29.200394504767836,50.74
1771402411.879665,1113,954,434,0.09,0.55,149.08,351.3,15.748977661132812,62.53121240236729,False,False,111.30000000000001,937.5393497280409,442.55504533655557,18.551059486893724,29.68169517902996,50.55
1771402411.896625,1114,965,433,0.12,0.8,149.08,351.3,16.96014404296875,62.43659227697171,False,False,111.4,947.379822183594,440.7995407677853,19.269237205196028,30.830779528313645,50.8
1771402411.911692,1115,975,436,0.11,0.63,149.08,351.3,15.066862106323242,62.545292592533684,False,False,111.5,957.3463912842125,440.0352143963511,18.108916475445138,28.97426636071222,50.63
1771402411.928539,1116,986,437,0.11,0.7,149.08,351.3,16.84713363647461,62.46258076558026,False,False,111.60000000000001,967.3394743659541,440.26970311870366,18.94481922382333,30.31171075811733,50.7
1771402411.944057,1117,996,440,0.1,0.61,149.08,351.3,15.517950057983398,62.50352121858627,False,False,111.7,977.2592238459374,441.50066400104095,18.800762838265396,30.08122054122463,50.61
1771402411.959766,1118,1007,444,0.11,0.58,149.08,351.3,15.70892333984375,62.549660915633424,False,False,111.80000000000001,987.0065248663943,443.7157976891285,19.99549496440668,31.99279194305069,50.58
1771402411.975937,1119,1014,448,0.06,0.31,149.08,351.3,16.170978546142578,62.48829608823411,False,False,111.9,996.4839856175552,446.8929712993803,17.55096214997942,28.08153943996707,50.31
1771402411.991829,1120,1023,456,0.13,0.67,149.08,351.3,15.89202880859375,62.56256735541659,False,False,112.0,1005.5969104444276,451.00043956331666,18.106991208903846,28.971185934246154,50.67
1771402412.008368,1121,1031,461,0.09,0.48,149.08,351.3,16.53909683227539,62.43671620172912,False,False,112.10000000000001,1014.2542460144753,455.99716201579383,17.477089701661825,27.96334352265892,50.48
1771402412.024268,1122,1038,469,0.11,0.68,149.08,351.3,15.899896621704102,62.51706089754816,False,False,112.2,1022.3694910924145,461.83321305776195,17.19522153929818,27.51235446287709,50.68
1771402412.039265,1123,1044,478,0.07,0.39,149.08,351.3,14.997005462646484,62.56001674510132,False,False,112.30000000000001,1029.861560831972,468.4502807963534,17.061436017420302,27.298297627872483,50.39
1771402412.056299,1124,1050,486,0.16,0.85,168.11,352.1,17.034053802490234,62.48444830012608,False,False,112.4,1036.6555969488572,475.782249678034,16.80700789651103,26.89121263441765,50.85
1771402412.071334,1125,1055,496,0.07,0.37,168.11,352.1,15.034914016723633,62.55703092898313,False,False,112.5,1042.683715680001,483.7558610933657,17.366916738903655,27.787066782245848,50.37
1771402412.088044,1126,1059,507,0.1,0.6,168.11,352.1,16.71004295349121,62.499997516473236,False,False,112.60000000000001,1047.8856860556734,492.2914453528132,18.435551368546935,29.496882189675098,50.6
1771402412.103915,1127,1063,517,0.12,0.6,168.11,352.1,15.871047973632812,62.50643982775463,False,False,112.7,1052.2095317074222,501.30371771994265,19.047505962418505,30.476009539869608,50.6
1771402412.11981,1128,1064,527,0.11,0.68,168.11,352.1,15.89512825012207,62.49869369217229,False,False,112.80000000000001,1055.6120501987698,510.7026305483255,18.329264931042147,29.326823889667434,50.68
1771402412.135516,1129,1065,538,0.08,0.41,168.11,352.1,15.70582389831543,62.537661150660256,False,False,112.9,1058.0592446896726,520.3942730078453,18.924473762832157,30.27915802053145,50.41
1771402412.152499,1130,1064,547,0.12,0.8,168.11,352.1,16.9830322265625,62.47220989975233,False,False,113.0,1059.5266636217132,530.2818094106791,17.306317775141025,27.69010844022564,50.8
1771402412.167365,1131,1062,558,0.05,0.3,168.11,352.1,14.866113662719727,62.51659498547124,False,False,113.10000000000001,1059.9996450299864,540.266446761476,17.84601721588386,28.55362754541418,50.3
1771402412.184226,1132,1060,569,0.1,0.59,168.11,352.1,16.8609619140625,62.503769600244794,False,False,113.2,1059.473463040608,550.2484218643065,18.7589691547437,30.014350647589918,50.59
1771402412.200372,1133,1056,578,0.1,0.59,168.11,352.1,16.145944595336914,62.47442765715534,False,False,113.30000000000001,1057.9533750900828,560.1279981235481,17.978435007376387,28.76549601180222,50.59
1771402412.215515,1134,1053,588,0.07,0.52,168.11,352.1,15.14291763305664,62.519934175484345,False,False,113.4,1055.4545693947387,569.8064620789694,18.358369562615483,29.37339130018477,50.52
1771402412.233303,1135,1048,597,0.68,1.53,168.11,352.1,17.788171768188477,62.39801364355524,False,False,113.5,1052.0020131950878,579.187109718004,18.256921148213504,29.211073837141605,51.53
1771402412.248286,1136,1041,605,0.1,0.57,168.11,352.1,14.982938766479492,62.44705015898476,False,False,113.60000000000001,1047.6302032914134,588.176212710274,18.083125129673167,28.93300020747707,50.57
1771402412.264217,1137,1034,613,0.1,0.72,168.11,352.1,15.930891036987305,62.48627904343629,False,False,113.7,1042.382821363146,596.6839549100802,18.343528051678415,29.349644882685464,50.72
1771402412.280197,1138,1026,621,0.11,0.66,168.11,352.1,15.980005264282227,62.484324185818544,False,False,113.80000000000001,1036.312297515957,604.6253297696504,19.351312751601867,30.96210040256299,50.66
1771402412.296024,1139,1017,626,0.1,0.63,168.11,352.1,15.827178955078125,62.45114130593928,False,False,113.9,1029.4792864174815,611.920989696455,18.813588722433188,30.1017419558931,50.63
1771402412.31184,1140,1007,633,0.11,0.56,168.11,352.1,15.815973281860352,62.51869164450698,False,False,114.0,1021.952061255921,618.4980388681311,20.82957062618071,33.32731300188914,50.56
1771402412.327644,1141,998,637,0.14,0.62,168.11,352.1,15.804052352905273,62.52897507519879,False,False,114.10000000000001,1013.805831576919,624.2907615834395,20.281741862249103,32.45078697959856,50.62
1771402412.343439,1142,989,641,0.09,0.58,168.11,352.1,15.794992446899414,62.52611650123607,False,False,114.2,1005.1219918146448,629.2412788718266,19.95460204167518,31.92736326668029,50.58
1771402412.360323,1143,978,643,0.1,0.68,168.11,352.1,16.88385009765625,62.47462927927268,False,False,114.30000000000001,995.9873080255051,633.3001268009718,20.436016981829493,32.69762717092719,50.68
1771402412.37576,1144,969,644,0.07,0.49,168.11,352.1,15.437126159667969,62.484634472511885,False,False,114.4,986.493050950398,636.4267507040428,19.062028655207122,30.499245848331395,50.49
1771402412.391566,1145,958,644,0.1,0.64,168.11,352.1,15.805959701538086,62.60734575438324,False,False,114.5,976.734084067633,638.589910388525,19.49961475151064,31.199383602417026,50.64
1771402412.407811,1146,946,643,0.1,0.64,168.11,352.1,16.244888305664062,62.5078837085919,False,False,114.60000000000001,966.8079157484157,639.7679922778968,21.05742699640436,33.69188319424698,50.64
1771402412.423784,1147,937,641,0.11,0.71,168.11,352.1,15.973091125488281,62.50578777440235,False,False,114.7,956.8137249854392,639.9492253673413,19.841568111599855,31.746508978559767,50.71
1771402412.439474,1148,926,640,0.1,0.59,168.11,352.1,15.690088272094727,62.57039156121753,False,False,114.80000000000001,946.8513704291643,639.1317988357366,20.86943751124726,33.39110001799561,50.59
1771402412.45657,1149,918,636,0.15,0.86,168.11,352.1,17.09580421447754,62.48601528566707,False,False,114.9,937.0203926332035,637.3238801387813,19.066410111583213,30.506256178533143,50.86
1771402412.47172,1150,908,631,0.07,0.52,168.11,352.1,15.150070190429688,62.514917759493,False,False,115.0,927.4190194780035,634.543533402477,19.73967949237146,31.58348718779434,50.52
1771402412.487471,1151,899,625,0.1,0.62,168.11,352.1,15.751123428344727,62.524097014146655,False,False,115.10000000000001,918.1431847103378,630.8185389323518,20.007921335346243,32.01267413655399,50.62
1771402412.50355,1152,891,619,0.06,0.36,168.11,352.1,16.078948974609375,62.54997185157016,False,False,115.2,909.2855694050239,626.1861156418327,19.64694140276646,31.435106244426333,50.36
1771402412.5203,1153,881,611,0.1,0.57,168.11,352.1,16.749858856201172,62.4778709211963,False,False,115.30000000000001,900.934675926252,620.6925491731618,22.166118599313897,35.46578975890223,50.57
1771402412.535441,1154,876,604,0.05,0.35,168.11,352.1,15.141010284423828,62.53537674311811,False,False,115.4,893.1739436412258,614.3927294265638,20.073693360360153,32.11790937657624,50.35
1771402412.552311,1155,870,595,0.11,0.64,168.11,352.1,16.87002182006836,62.45543448722578,False,False,115.5,886.0809152215791,607.3496021185026,20.275810880182757,32.441297408292414,50.64
1771402412.568108,1156,864,585,0.06,0.64,168.11,352.1,15.797138214111328,62.47618026214559,False,False,115.60000000000001,879.7264618626366,599.6335398488909,21.481668725358404,34.370669960573444,50.64
1771402412.58391,1157,861,576,0.1,0.62,168.11,352.1,15.80190658569336,62.47982537504047,False,False,115.7,874.1740751618597,591.3216389613376,20.206654271103563,32.3306468337657,50.62
1771402412.600069,1158,857,566,0.11,0.86,168.11,352.1,16.1590576171875,62.45822459654152,False,False,115.80000000000001,869.4792327317859,582.4969492219598,20.68527454993036,33.09643927988857,50.86
1771402412.615856,1159,854,556,0.1,0.68,168.11,352.1,15.786886215209961,62.55174424544038,False,False,115.9,865.6888438860694,573.2476440135811,20.835313662436704,33.336501859898725,50.68
1771402412.631583,1160,853,545,0.09,0.63,168.11,352.1,15.727043151855469,62.53054429484926,False,False,116.0,862.8407809371198,563.6661393364286,21.10132050795277,33.76211281272443,50.63
1771402412.647719,1161,853,534,0.11,0.58,168.11,352.1,16.13593101501465,62.50743345902302,False,False,116.10000000000001,860.9635007884783,553.8481704180108,21.386145369151812,34.2178325906429,50.58
1771402412.664428,1162,855,524,0.12,0.73,168.11,352.1,16.709089279174805,62.50156528200781,False,False,116.2,860.0757606028445,543.8918351583741,20.529209718479564,32.8467355495673,50.73
1771402412.680423,1163,857,513,0.09,0.56,168.11,352.1,15.995025634765625,62.48599977057352,False,False,116.30000000000001,860.186430386705,533.8966139683032,21.138160136341124,33.8210562181458,50.56
1771402412.696093,1164,860,503,0.1,0.57,168.11,352.1,15.670061111450195,62.486775534689514,False,False,116.4,861.294404364162,523.9623757939513,21.002301816343785,33.603682906150055,50.57
1771402412.711783,1165,864,495,0.09,0.59,168.11,352.1,15.689849853515625,62.488544348901364,False,False,116.5,863.3886120254803,514.1883802593325,19.198117934634297,30.716988695414877,50.59
1771402412.727655,1166,868,484,0.13,0.78,168.11,352.1,15.872001647949219,62.5248115869726,False,False,116.60000000000001,866.4481287399614,504.6722858969739,20.73045365190931,33.1687258430549,50.78
1771402412.743724,1167,874,476,0.06,0.45,168.11,352.1,16.06917381286621,62.511330661567555,False,False,116.7,870.442384827935,495.5091743761444,19.830897875570756,31.72943660091321,50.45
1771402412.760527,1168,881,468,0.11,0.67,168.11,352.1,16.80278778076172,62.4828813931749,False,False,116.80000000000001,875.331471002897,486.79060047823555,19.626993843267567,31.403190149228106,50.67
1771402412.775771,1169,889,460,0.08,0.54,168.11,352.1,15.244007110595703,62.5228077175438,False,False,116.9,881.0665371319028,478.6036773116604,20.224654325744744,32.35944692119159,50.54
1771402412.791714,1170,897,455,0.15,0.69,168.11,352.1,15.943050384521484,62.520912703391275,False,False,117.0,887.5902803299526,471.0302059064611,18.58790804992366,29.740652879877853,50.69
1771402412.808031,1171,905,449,0.05,0.4,168.11,352.1,16.317129135131836,62.499345597522854,False,False,117.10000000000001,894.8375175114755,464.1458578854606,18.239327329047402,29.182923726475842,50.4
1771402412.823967,1172,915,444,0.12,0.79,168.11,352.1,15.935897827148438,62.4966759760859,False,False,117.2,902.7358366781698,458.0194193784238,18.626696478244593,29.80271436519135,50.79
1771402412.839893,1173,925,439,0.08,0.54,168.11,352.1,15.926122665405273,62.48514645229323,False,False,117.30000000000001,911.2063204357612,452.71210373377994,19.449611428685174,31.11937828589628,50.54
1771402412.85554,1174,936,436,0.07,0.51,168.11,352.1,15.646934509277344,62.570718260479104,False,False,117.4,920.1643345105113,448.27693989508657,20.037254170233833,32.05960667237413,50.51
1771402412.87228,1175,945,434,0.08,0.5,168.11,352.1,16.739845275878906,62.46174358984542,False,False,117.5,929.520373386912,444.7582425533488,18.85095814321671,30.16153302914674,50.5
1771402412.888177,1176,957,434,0.1,0.69,168.11,352.1,15.897035598754883,62.52358439587648,False,False,117.60000000000001,939.180954617207,442.1911693692783,19.61156888140873,31.378510210253967,50.69
1771402412.903953,1177,967,434,0.05,0.34,168.11,352.1,15.77615737915039,62.50676585953241,False,False,117.7,949.049552867104,440.6013696895694,19.12581067691667,30.601297083066676,50.34
1771402412.919712,1178,977,436,0.1,0.64,168.11,352.1,15.758991241455078,62.50350569479816,False,False,117.80000000000001,959.0275643650177,440.0047282671035,18.41320969160234,29.461135506563743,50.64
1771402412.935474,1179,989,437,0.05,0.36,168.11,352.1,15.761852264404297,62.53015586680879,False,False,117.9,969.0152921183504,440.40720654575046,20.273075878126416,32.436921405002266,50.36
1771402412.952318,1180,996,440,0.11,0.7,168.11,352.1,16.84403419494629,62.46817801693548,False,False,118.0,978.9129420528958,441.80478309559163,17.1821067191957,27.491370750713124,50.7
1771402412.968083,1181,1006,445,0.07,0.54,168.11,352.1,15.764951705932617,62.51856739412561,False,False,118.10000000000001,988.6216201222376,444.1834937937188,17.397550677055484,27.836081083288775,50.54
1771402412.983665,1182,1016,450,0.13,0.6,168.11,352.1,15.582084655761719,62.53927743095619,False,False,118.2,998.0443204243663,447.5195713491328,18.126195279618695,29.001912447389913,50.6
1771402412.999764,1183,1025,456,0.1,0.64,168.11,352.1,16.098976135253906,62.46752676161221,False,False,118.30000000000001,1007.0868944525964,451.77968277766144,18.403543892674264,29.44567022827882,50.64
1771402413.016298,1184,1033,463,0.1,0.61,168.11,352.1,16.534090042114258,62.50005960470162,False,False,118.4,1015.6589917963128,456.9212624541153,18.375571165873897,29.400913865398234,50.61
1771402413.032352,1185,1039,470,0.11,0.67,168.11,352.1,16.05391502380371,62.433788610802516,False,False,118.5,1023.674962892417,462.8929374139482,16.892812109025893,27.02849937444143,50.67
1771402413.048323,1186,1046,479,0.09,0.48,168.11,352.1,15.970945358276367,62.48184200320679,False,False,118.60000000000001,1031.0547148074456,469.63504065493555,17.63700691788419,28.219211068614705,50.48
1771402413.064261,1187,1051,489,0.1,0.68,168.11,352.1,15.938043594360352,62.477483147272466,False,False,118.7,1037.724511499683,477.0802073101348,17.841526075182287,28.54644172029166,50.68
1771402413.079767,1188,1056,499,0.1,0.71,168.11,352.1,15.50602912902832,62.502807132314096,False,False,118.80000000000001,1043.6177105653244,485.15404773537404,18.575023169793898,29.720037071670237,50.71
1771402413.095459,1189,1060,508,0.1,0.61,168.11,352.1,15.691995620727539,62.50370750464509,False,False,118.9,1048.6754291073364,493.7758907859788,18.181616782766223,29.090586852425957,50.61
1771402413.11178,1190,1062,518,0.1,0.68,168.11,352.1,16.32094383239746,62.54684708598151,False,False,119.0,1052.8471320739077,502.85958985619095,17.692004142980675,28.30720662876908,50.68
1771402413.127551,1191,1065,529,0.11,0.64,168.11,352.1,15.771150588989258,62.48789266885704,False,False,119.10000000000001,1056.0911371879783,512.3143836275741,18.915010714540703,30.264017143265125,50.64
1771402413.143938,1192,1065,540,0.11,0.68,168.11,352.1,16.386985778808594,62.51875376988287,False,False,119.2,1058.3750314227732,522.0458029261011,19.137486805159156,30.61997888825465,50.68
1771402413.159664,1193,1064,549,0.11,0.53,168.11,352.1,15.725851058959961,62.54613200939864,False,False,119.30000000000001,1059.6759948620538,531.9566146269234,17.58334454556887,28.133351272910193,50.53
1771402413.17655,1194,1062,559,0.1,0.67,168.11,352.1,16.885995864868164,62.432688898906015,False,False,119.4,1059.981028709176,541.9477931756024,17.171313364306254,27.474101382890005,50.67
1771402413.192446,1195,1060,569,0.1,0.65,168.11,352.1,15.896081924438477,62.55584912217119,False,False,119.5,1059.2870851667703,551.9195100187256,17.095361521765266,27.352578434824427,50.65
1771402413.207901,1196,1056,579,0.09,0.65,168.11,352.1,15.455007553100586,62.525075672367905,False,False,119.60000000000001,1057.6010978893248,561.7721310578092,17.30210919918439,27.683374718695024,50.65
1771402413.223699,1197,1051,590,0.1,0.59,168.11,352.1,15.798091888427734,62.533729586816285,False,False,119.7,1054.9399127044032,571.4072121602716,19.005648417548702,30.409037468077923,50.59
1771402413.240149,1198,1046,599,0.09,0.62,168.11,352.1,16.449928283691406,62.50311760260148,False,False,119.80000000000001,1051.3301192947013,580.7284827806739,19.033089953863993,30.45294392618239,50.62
1771402413.255894,1199,1039,608,0.09,0.56,168.11,352.1,15.744924545288086,62.50847370060403,False,False,119.9,1046.8077855227307,589.6428078641768,19.94863448661316,31.917815178581055,50.56
1771402413.271515,1200,1033,616,0.06,0.43,168.11,352.1,15.620946884155273,62.52117675585218,False,False,120.0,1041.418097052656,598.0611184212314,19.815847957758965,31.705356732414344,50.43
1771402413.288297,1201,1026,620,0.1,0.59,168.11,352.1,16.782045364379883,62.45752704584205,False,False,120.10000000000001,1035.2149058700752,605.8993014754764,16.844708043591893,26.95153286974703,50.59
1771402413.304009,1202,1016,629,0.05,0.35,168.11,352.1,15.71202278137207,62.46292184360978,False,False,120.2,1028.2601922107838,613.0790404927901,20.094508321319534,32.15121331411125,50.35
1771402413.319878,1203,1007,633,0.1,0.66,168.11,352.1,15.869140625,62.52897507519879,False,False,120.30000000000001,1020.6234452747407,619.52859789422,19.159251964768067,30.654803143628907,50.66
1771402413.335872,1204,997,638,0.14,0.84,168.11,352.1,15.993833541870117,62.492718526764705,False,False,120.4,1012.3809689129602,625.1835318341491,20.020890613249854,32.033424981199765,50.84
1771402413.352525,1205,987,640,0.1,0.64,168.11,352.1,16.653060913085938,62.43763016200751,False,False,120.5,1003.6151192246477,629.9873400819235,19.398854231224938,31.0381667699599,50.64
1771402413.36816,1206,977,642,0.08,0.57,168.11,352.1,15.635013580322266,62.477281506734364,False,False,120.60000000000001,994.4134816822828,633.8920245734598,19.208555641082953,30.733689025732723,50.57
1771402413.384227,1207,966,644,0.08,0.51,168.11,352.1,16.067028045654297,62.471170864787176,False,False,120.7,984.8679960065347,636.8585709920344,20.174272764548927,32.278836423278285,50.51
1771402413.401072,1208,957,644,0.14,1.08,168.11,352.1,16.844987869262695,62.39614165704246,False,False,120.80000000000001,975.0740375349543,638.8573385864438,18.79142887673571,30.06628620277714,51.08
1771402413.415991,1209,946,643,0.1,0.61,168.11,352.1,14.919042587280273,62.53770777296014,False,False,120.9,965.1294642631403,639.8683563315886,19.38410676458072,31.014570823329155,50.61
1771402413.431933,1210,936,641,0.09,0.79,168.11,352.1,15.941858291625977,62.486139406692864,False,False,121.0,955.1336390799846,639.8815224723579,19.166302106117264,30.66608336978762,50.79
1771402413.448276,1211,926,638,0.09,0.55,168.11,352.1,16.343116760253906,62.44763900317327,False,False,121.10000000000001,945.1864369665352,638.8967054570251,19.207379939686916,30.731807903499067,50.55
1771402413.464204,1212,914,634,0.13,0.73,168.11,352.1,15.928030014038086,62.45744954117056,False,False,121.2,935.3872470782046,636.9237452516702,21.58616741992046,34.537867871872734,50.73
1771402413.479794,1213,905,630,0.1,0.58,168.11,352.1,15.58995246887207,62.53295265641423,False,False,121.30000000000001,925.8339796811729,633.9823550224908,21.21117301991292,33.93787683186067,50.58
1771402413.49558,1214,896,625,0.12,0.73,168.11,352.1,15.785932540893555,62.49094947623795,False,False,121.4,916.6220878653835,630.1019241683633,21.243825883002497,33.990121412803994,50.73
1771402413.511945,1215,887,618,0.08,0.59,168.11,352.1,16.36505126953125,62.52383293701834,False,False,121.5,907.8436138088117,625.3212246716819,22.09200233804373,35.34720374086997,50.59
1771402413.527855,1216,881,610,0.11,0.75,168.11,352.1,15.909910202026367,62.51648627365252,False,False,121.60000000000001,899.586269122452,619.6880237015274,20.959656560487087,33.53545049677934,50.75
1771402413.543678,1217,874,603,0.09,0.57,168.11,352.1,15.823125839233398,62.51510411349082,False,False,121.7,891.9325584648975,613.2586063399067,20.659517349980398,33.05522775996864,50.57
1771402413.560486,1218,868,594,0.12,0.7,168.11,352.1,16.808032989501953,62.4728612527279,False,False,121.80000000000001,884.9589551830561,606.0972131998121,20.831436054737427,33.330297687579886,50.7
1771402413.575988,1219,863,584,0.08,0.56,168.11,352.1,15.501976013183594,62.49139948836454,False,False,121.9,878.7351372157551,598.27539855426,21.245741857643186,33.9931869722291,50.56
1771402413.591896,1220,860,574,0.12,0.75,168.11,352.1,15.908002853393555,62.47962371938344,False,False,122.0,873.323290894802,589.8713153896394,20.72217972282161,33.15548755651458,50.75
1771402413.608007,1221,856,563,0.07,0.41,168.11,352.1,16.110897064208984,62.481252513816685,False,False,122.10000000000001,868.7774895997165,580.9689345269094,22.048738025184583,35.277980840295335,50.41
1771402413.623896,1222,855,553,0.11,0.7,168.11,352.1,15.88892936706543,62.53466192878265,False,False,122.2,865.1431534743986,571.657205612917,21.23616923288813,33.97787077262101,50.7
1771402413.640091,1223,854,544,0.07,0.49,168.11,352.1,16.195058822631836,62.521627203433226,False,False,122.30000000000001,862.4565956040593,562.0291683649199,19.913937861237372,31.862300577979795,50.49
1771402413.655975,1224,853,534,0.13,0.77,168.11,352.1,15.884160995483398,62.50768187177614,False,False,122.4,860.744659186882,552.1810229484968,19.76181523480883,31.618904375694125,50.77
1771402413.671646,1225,856,523,0.1,0.49,168.11,352.1,15.671014785766602,62.508908438687136,False,False,122.5,860.0244493256557,542.2111687772831,19.628173581972103,31.405077731155366,50.49
1771402413.688457,1226,857,513,0.11,0.69,168.11,352.1,16.810894012451172,62.44782495627679,False,False,122.60000000000001,860.3031621192442,532.2192213385607,19.50100891868412,31.201614269894595,50.69
1771402413.703356,1227,860,502,0.05,0.38,168.11,352.1,14.899015426635742,62.523972742278985,False,False,122.7,861.5780127615441,522.3050168682413,20.366242517832283,32.58598802853165,50.38
1771402413.720098,1228,864,492,0.1,0.64,168.11,352.1,16.74199104309082,62.52793415115984,False,False,122.80000000000001,863.8362633663473,512.5676148201893,20.568266554983932,32.909226487974294,50.64
1771402413.735835,1229,870,484,0.07,0.55,168.11,352.1,15.737056732177734,62.49582236619093,False,False,122.9,867.0553502400887,503.1043080969144,19.32991334875494,30.927861358007902,50.55
1771402413.75184,1230,876,475,0.11,0.66,168.11,352.1,16.00503921508789,62.491787435054995,False,False,123.0,871.2031093308144,494.0096509310409,19.60553464234381,31.368855427750095,50.66
1771402413.767762,1231,883,466,0.09,0.69,168.11,352.1,15.921831130981445,62.51752681656967,False,False,123.10000000000001,876.2380976007579,485.3745141306749,20.520602375578513,32.83296380092562,50.69
1771402413.783476,1232,891,459,0.09,0.61,168.11,352.1,15.714168548583984,62.53197375159431,False,False,123.2,882.1100071114699,477.28517712833155,20.33174060853065,32.53078497364904,50.61
1771402413.799663,1233,898,452,0.11,0.58,168.11,352.1,16.186952590942383,62.51497987736883,False,False,123.30000000000001,888.7601676841167,469.8224659053566,20.075228321820873,32.1203653149134,50.58
1771402413.815603,1234,908,447,0.11,0.66,168.11,352.1,15.939950942993164,62.49589996612691,False,False,123.4,896.1221331125051,463.0609454054478,19.97592774100421,31.961484385606735,50.66
1771402413.832595,1235,917,443,0.13,0.78,168.11,352.1,16.99209213256836,62.47948411238342,False,False,123.5,904.1223450716178,457.06817450637755,19.072166379212852,30.515466206740562,50.78
1771402413.847774,1236,926,438,0.09,0.59,168.11,352.1,15.178918838500977,62.52624078162572,False,False,123.60000000000001,912.6808680880791,451.90403099402204,19.254125603877057,30.80660096620329,50.59
1771402413.863616,1237,936,436,0.11,0.7,168.11,352.1,15.841960906982422,62.52195339366448,False,False,123.7,921.7121882289778,447.62011328331926,18.416530561463908,29.466448898342254,50.7
1771402413.880114,1238,948,434,0.09,0.56,168.11,352.1,16.498088836669922,62.473838307658625,False,False,123.80000000000001,931.1260675288258,444.2592248639584,19.747943990476788,31.59671038476286,50.56
1771402413.89612,1239,957,433,0.11,0.71,168.11,352.1,16.005992889404297,62.45796107555714,False,False,123.9,940.8284456174714,441.8549466220648,18.437170358455138,29.49947257352822,50.71
1771402413.912014,1240,968,434,0.1,0.64,168.11,352.1,15.893936157226562,62.51979438828378,False,False,124.0,950.7223795402339,440.43130131108205,18.435775147946853,29.497240236714966,50.64
1771402413.927936,1241,978,436,0.11,0.68,168.11,352.1,15.922069549560547,62.50956055715022,False,False,124.10000000000001,960.7090123798582,440.002513524363,17.748193355736376,28.397109369178203,50.68
1771402413.943922,1242,988,438,0.1,0.6,168.11,352.1,15.985965728759766,62.483269234111546,False,False,124.2,970.6885610021499,440.5728675677342,17.501587576485306,28.00254012237649,50.6
1771402413.959717,1243,999,442,0.14,0.62,168.11,352.1,15.794992446899414,62.50305550829725,False,False,124.30000000000001,980.561313056078,442.1366646521285,18.43919340543671,29.502709448698738,50.62
1771402413.977321,1244,1008,445,0.07,1.47,168.11,352.1,17.60387420654297,62.433478828884034,False,False,124.4,990.2286232666148,444.6782798340007,17.774288589564275,28.43886174330284,51.47
1771402413.992258,1245,1017,451,0.11,0.7,168.11,352.1,14.937162399291992,62.506113799377964,False,False,124.5,999.593899065726,448.17231813460006,17.634288601076232,28.21486176172197,50.7
1771402414.007488,1246,1026,457,0.09,0.5,168.11,352.1,15.229940414428711,62.554403024585945,False,False,124.60000000000001,1008.5635657133768,452.5838682782031,17.986980291755234,28.779168466808375,50.5
1771402414.024287,1247,1035,464,0.1,0.61,168.11,352.1,16.798973083496094,62.49830565972979,False,False,124.7,1017.0480012653986,457.8688515140384,18.970114399339785,30.352183038943657,50.61
1771402414.039568,1248,1041,472,0.09,0.49,168.11,352.1,15.280961990356445,62.51296110959171,False,False,124.80000000000001,1024.96243204634,463.9744620365981,17.93356756114828,28.69370809783725,50.49
1771402414.056361,1249,1047,480,0.12,0.63,168.11,352.1,16.793012619018555,62.44133274942529,False,False,124.9,1032.227779679998,470.83969460378546,17.381878153254743,27.811005045207587,50.63
1771402414.071836,1250,1052,490,0.07,0.4,168.11,352.1,15.475034713745117,62.496350049555886,False,False,125.0,1038.7714512144235,478.39595408113433,17.596828823953526,28.15492611832564,50.4
1771402414.087767,1251,1057,500,0.1,0.68,168.11,352.1,15.930891036987305,62.485953225339095,False,False,125.10000000000001,1044.528064446695,486.56774082171546,18.329614373423205,29.327382997477127,50.68
1771402414.10369,1252,1061,510,0.11,0.61,153.63,352.3,15.923023223876953,62.516160140464855,False,False,125.2,1049.4401012002777,495.2734050336482,18.721748304119444,29.95479728659111,50.61
1771402414.11933,1253,1063,521,0.08,0.48,153.63,352.3,15.640020370483398,62.52175146597713,False,False,125.30000000000001,1053.4584820276345,504.4259625978394,19.124311256230705,30.598898009969126,50.48
1771402414.136516,1254,1064,529,0.14,1.04,153.63,352.3,17.18616485595703,62.50220172412509,False,False,125.4,1056.5430565958375,513.9339641845384,16.8104562735714,26.896730037714242,51.04
1771402414.151908,1255,1064,540,0.1,0.61,153.63,352.3,15.391826629638672,62.53505041280727,False,False,125.5,1058.6630048554264,523.7024089848194,17.14919794250735,27.43871670801176,50.61
1771402414.167841,1256,1063,551,0.14,0.8,153.63,352.3,15.933036804199219,62.50390931579523,False,False,125.60000000000001,1059.7971449841536,533.6336939272583,17.65918647233441,28.25469835573506,50.8
1771402414.183745,1257,1061,561,0.27,0.9,153.63,352.3,15.903949737548828,62.497017426573066,False,False,125.7,1059.934145028749,543.6285888955535,17.404079136209013,27.846526617934423,50.9
1771402414.199716,1258,1060,573,0.16,0.7,153.63,352.3,15.971183776855469,62.52819826293334,False,False,125.80000000000001,1059.0726361300538,553.5872282030579,19.434909636719016,31.095855418750425,50.7
1771402414.215994,1259,1056,582,0.1,0.55,153.63,352.3,16.277790069580078,62.49349445771752,False,False,125.9,1057.2212262002065,563.4101084176963,18.62996141901205,29.80793827041928,50.55
1771402414.231974,1260,1051,590,0.12,0.84,153.63,352.3,15.980005264282227,62.47013186438381,False,False,126.0,1054.3984139152315,572.9990825673782,17.33725499293538,27.739607988696612,50.84
1771402414.24816,1261,1045,601,0.11,0.76,153.63,352.3,16.185998916625977,62.50892396515909,False,False,126.10000000000001,1050.6324038823818,582.2583407920946,19.56971546445004,31.311544743120066,50.76
1771402414.264001,1262,1038,609,0.1,0.63,153.63,352.3,15.841007232666016,62.500525270346586,False,False,126.2,1045.9608248290297,591.0953676443654,19.594657224583752,31.351451559334002,50.63
1771402414.280392,1263,1031,615,0.1,0.64,153.63,352.3,16.39103889465332,62.46656540952424,False,False,126.30000000000001,1040.430353628856,599.4218664730179,18.210156884270983,29.136251014833572,50.64
1771402414.296132,1264,1024,624,0.1,0.68,153.63,352.3,15.740156173706055,62.48306755622361,False,False,126.4,1034.0962489219637,607.1546416541283,19.639255079943364,31.422808127909384,50.68
1771402414.311944,1265,1015,629,0.08,0.58,153.63,352.3,15.811920166015625,62.53784764027688,False,False,126.5,1027.0217989888067,614.216429854204,19.054595172371048,30.487352275793675,50.58
1771402414.328673,1266,1006,633,0.55,1.58,153.63,352.3,16.728878021240234,62.46662743134667,False,False,126.60000000000001,1019.2776893946137,620.5366720198674,18.21075451485176,29.137207223762818,51.58
1771402414.343302,1267,994,639,0.07,0.44,153.63,352.3,14.629125595092773,62.560281127972296,False,False,126.7,1010.9412967225899,626.0522183805917,21.322583884387008,34.116134215019216,50.44
1771402414.360361,1268,986,641,0.21,0.83,153.63,352.3,17.0590877532959,62.546318549539585,False,False,126.80000000000001,1002.0959154526665,630.7079594203394,19.105093392935018,30.568149428696028,50.83
1771402414.37565,1269,974,643,0.11,0.57,153.63,352.3,15.288829803466797,62.52221745491604,False,False,126.9,992.829925710601,634.4573765136234,20.677101303053647,33.083362084885835,50.57
1771402414.392665,1270,966,645,0.14,0.84,153.63,352.3,17.01498031616211,62.452381153275184,False,False,127.0,983.2359102029658,637.2630067242408,18.89279400919418,30.22847041471069,50.84
1771402414.407714,1271,955,645,0.1,0.69,153.63,352.3,15.048980712890625,62.536619937408275,False,False,127.10000000000001,973.409729161352,639.0968171225453,19.333020867909045,30.932833388654473,50.69
1771402414.424112,1272,943,643,0.15,0.81,153.63,352.3,16.398191452026367,62.505989598986226,False,False,127.2,963.4495625386263,639.9404848812137,20.677167136319,33.0834674181104,50.81
1771402414.440623,1273,934,641,0.24,1.17,153.63,352.3,16.510963439941406,62.44607394177035,False,False,127.30000000000001,953.4549290272871,639.7855803508811,19.49279555479266,31.188472887668258,51.17
1771402414.456365,1274,922,638,0.24,1.06,153.63,352.3,15.742063522338867,62.448925201466565,False,False,127.4,943.5256917015959,638.63365128641,21.535016071155415,34.45602571384866,51.06
1771402414.473002,1275,914,634,0.2,1.29,153.63,352.3,16.63684844970703,62.43126397773238,False,False,127.5,933.76106021874,636.4962073822355,19.91809610037555,31.86895376060088,51.29
1771402414.488399,1276,905,630,0.1,0.62,153.63,352.3,15.397071838378906,62.464596280692035,False,False,127.60000000000001,924.2585995487368,633.3946052713027,19.55548520304627,31.288776324874032,50.62
1771402414.505002,1277,896,624,0.25,1.15,153.63,352.3,16.60299301147461,62.41392232554621,False,False,127.7,915.1132551375076,629.3598351366514,19.850550487166466,31.760880779466344,51.15
1771402414.520514,1278,888,617,0.1,0.74,153.63,352.3,15.51198959350586,62.49818149036581,False,False,127.80000000000001,906.4164042433582,624.4322110677483,19.859549506732094,31.77527921077135,50.74
1771402414.536654,1279,881,609,0.14,0.88,153.63,352.3,16.139984130859375,62.45667450503496,False,False,127.9,898.2549429256285,618.6609682554353,19.775423206577,31.640677130523198,50.88
1771402414.551868,1280,872,601,0.12,0.73,153.63,352.3,15.213966369628906,62.50182917106885,False,False,128.0,890.7104178079835,612.1037710501731,21.757147471209755,34.81143595393561,50.73
1771402414.568003,1281,866,591,0.13,0.88,153.63,352.3,16.134977340698242,62.50026139229582,False,False,128.1,883.8582112915103,604.8261367989156,22.584901357202234,36.13584217152358,50.88
1771402414.58391,1282,862,581,0.09,0.56,153.63,352.3,15.907049179077148,62.49908172943316,False,False,128.20000000000002,877.7667883586818,596.9007812174328,22.392553638924877,35.8280858222798,50.56
1771402414.599791,1283,858,572,0.1,0.54,153.63,352.3,15.881061553955078,62.51953034749933,False,False,128.3,872.4970124938892,588.4068918389254,21.894051042741637,35.03048166838662,50.54
1771402414.61588,1284,857,563,0.08,0.56,153.63,352.3,16.08896255493164,62.50619142487344,False,False,128.4,868.1015375556156,579.4293367983544,19.828445318090463,31.72551250894474,50.56
1771402414.631811,1285,854,553,0.11,0.65,153.63,352.3,15.930891036987305,62.48927362601972,False,False,128.5,864.6242816764932,570.0578168581002,20.09588209325372,32.15341134920595,50.65
1771402414.647961,1286,854,542,0.1,0.7,153.63,352.3,16.14999771118164,62.532315587890125,False,False,128.6,862.0999884478383,560.3859691475931,20.091134222620646,32.14581475619303,50.7
1771402414.663866,1287,854,531,0.11,0.71,153.63,352.3,15.905141830444336,62.46681349755291,False,False,128.70000000000002,860.553879773171,550.510431572066,20.581794873369244,32.93087179739079,50.71
1771402414.679836,1288,856,521,0.09,0.57,153.63,352.3,15.969991683959961,62.51706089754816,False,False,128.8,860.0014038592939,540.5298772385603,19.935579695569608,31.896927512911372,50.57
1771402414.695646,1289,858,510,0.11,0.58,153.63,352.3,15.810012817382812,62.5123089201759,False,False,128.9,860.4480808629133,530.544028546841,20.68937429804923,33.10299887687877,50.58
1771402414.711901,1290,860,500,0.11,0.61,153.63,352.3,16.254901885986328,62.496039646497316,False,False,129.0,861.8894477350611,520.6526607961531,20.73891054767552,33.18225687628083,50.61
1771402414.727758,1291,865,490,0.12,0.65,153.63,352.3,15.85698127746582,62.50026139229582,False,False,129.1,864.3111028144034,510.95460526341003,20.965926191743936,33.5454819067903,50.65
1771402414.743866,1292,870,482,0.1,0.6,153.63,352.3,16.108036041259766,62.47462927927268,False,False,129.20000000000002,867.688849723881,501.54676171374126,19.682919221817325,31.49267075490772,50.6
1771402414.759764,1293,876,473,0.15,0.68,153.63,352.3,15.897989273071289,62.49343238253221,False,False,129.3,871.9889391329075,492.52313021008086,19.930911230530658,31.88945796884905,50.68
1771402414.775956,1294,884,464,0.1,0.66,153.63,352.3,16.191959381103516,62.477033335551134,False,False,129.4,877.168405969529,483.9738718955947,21.109861096151132,33.77577775384181,50.66
1771402414.791771,1295,892,457,0.1,0.62,153.63,352.3,15.815019607543945,62.55370332394996,False,False,129.5,883.1754987132182,475.98440813335196,20.93512777926359,33.49620444682174,50.62
1771402414.808308,1296,899,452,0.09,0.58,153.63,352.3,16.536951065063477,62.46526297970274,False,False,129.6,889.9501964789611,468.6345670042994,18.93694175916311,30.299106814660973,50.58
1771402414.824027,1297,909,445,0.09,0.51,153.63,352.3,15.719175338745117,62.473248969281,False,False,129.70000000000002,897.4248087261017,461.9977856914623,20.5647701528661,32.90363224458576,50.51
1771402414.840222,1298,918,443,0.09,0.53,153.63,352.3,16.194820404052734,62.49298234112676,False,False,129.8,905.524651599841,456.140376719894,18.119156107448294,28.99064977191727,50.53
1771402414.856202,1299,928,439,0.13,0.77,153.63,352.3,15.980005264282227,62.49467390966941,False,False,129.9,914.1687941476386,451.1208653838345,18.390694195256323,29.425110712410117,50.77
1771402414.871612,1300,940,434,0.11,0.51,153.63,352.3,15.410184860229492,62.526178641369135,False,False,130.0,923.2708669545303,446.9894049813238,21.179908739696316,33.887853983514105,50.51
1771402414.888253,1301,948,434,0.08,0.47,153.63,352.3,16.640901565551758,62.4793755295925,False,False,130.1,932.7399251177753,443.7872756990246,18.129000276347874,29.006400442156597,50.47
1771402414.904972,1302,959,433,0.16,1.4,153.63,352.3,16.71910285949707,62.43171313064757,False,False,130.20000000000002,942.4813569382634,441.5464721542419,18.598595508378878,29.757752813406206,51.4
1771402414.919741,1303,970,434,0.12,0.66,153.63,352.3,14.768838882446289,62.49844535085401,False,False,130.3,952.3978292493282,440.2893837152852,18.69205078780552,29.907281260488833,50.66
1771402414.936536,1304,980,437,0.1,0.65,153.63,352.3,16.79515838623047,62.55113788886569,False,False,130.4,962.3902599375901,440.0285707942977,17.868273171230502,28.589237073968803,50.65
1771402414.952009,1305,992,438,0.12,0.64,153.63,352.3,15.472888946533203,62.516222260809684,False,False,130.5,972.3588079386707,440.7666393477725,19.83508807317651,31.736140917082416,50.64
1771402414.968471,1306,1002,442,0.17,1.31,153.63,352.3,16.462087631225586,62.436065602240824,False,False,130.6,982.2038708161066,442.4962148386964,19.80234733135289,31.683755730164627,51.31
1771402414.984394,1307,1009,447,0.16,0.88,153.63,352.3,15.923023223876953,62.493028896833636,False,False,130.70000000000002,991.8270799559747,445.20001592048663,17.266995266258345,27.62719242601335,50.88
1771402415.000427,1308,1019,451,0.12,0.64,153.63,352.3,16.032934188842773,62.44412159890425,False,False,130.8,1001.1322834335538,448.85102710649016,17.9964824284052,28.79437188544832,50.64
1771402415.016068,1309,1028,459,0.11,0.67,153.63,352.3,15.640974044799805,62.519079930131966,False,False,130.9,1010.0265067315901,453.41276869980095,18.821891878116315,30.115027004986104,50.67
1771402415.032571,1310,1034,465,0.14,0.92,153.63,352.3,16.503095626831055,62.452179674733195,False,False,131.0,1018.4208817109289,458.83966128632994,16.75287138767592,26.804594220281473,50.92
1771402415.048134,1311,1043,474,0.11,0.66,153.63,352.3,15.563011169433594,62.476102711172985,False,False,131.1,1026.2315345515883,465.07748114924476,18.994545957633715,30.391273532213944,50.66
1771402415.06372,1312,1049,484,0.08,0.48,153.63,352.3,15.585899353027344,62.49804180042109,False,False,131.20000000000002,1033.3804237922445,472.0639020544263,19.658117790780715,31.452988465249142,50.48
1771402415.079946,1313,1052,491,0.08,0.49,153.63,352.3,16.22605323791504,62.45991428392729,False,False,131.3,1039.79612009471,479.72911799358974,16.6122685369929,26.57962965918864,50.49
1771402415.095659,1314,1058,501,0.12,0.58,153.63,352.3,15.712976455688477,62.55584912217119,False,False,131.4,1045.4145199422794,487.99654066285643,18.09652626931558,28.954442030904925,50.58
1771402415.111391,1315,1061,510,0.08,0.47,153.63,352.3,15.732049942016602,62.53366743167368,False,False,131.5,1050.1794861408723,496.78356470776157,17.080915725144827,27.329465160231724,50.47
1771402415.128313,1316,1064,522,0.12,0.68,153.63,352.3,16.9219970703125,62.46927897943459,False,False,131.6,1054.0434087233205,506.0023930886525,18.842959872080705,30.148735795329127,50.68
1771402415.144014,1317,1064,532,0.09,0.63,153.63,352.3,15.700817108154297,62.482493557052976,False,False,131.70000000000002,1056.9676806524237,515.5609143196897,17.88007420037398,28.608118720598366,50.63
1771402415.159619,1318,1064,543,0.1,0.5,153.63,352.3,15.60521125793457,62.50631562606725,False,False,131.8,1058.923083569701,525.3636228163541,18.352571498404934,29.364114397447896,50.5
1771402415.175724,1319,1063,554,0.1,0.55,153.63,352.3,16.104936599731445,62.51757340885378,False,False,131.9,1059.8900797355739,535.3125731556945,18.944432588820334,30.311092142112535,50.55
1771402415.192526,1320,1061,563,0.14,0.68,153.63,352.3,16.802072525024414,62.46406913340985,False,False,132.0,1059.859007243999,545.3083587146058,17.728396313268487,28.365434101229578,50.68
1771402415.207952,1321,1058,574,0.07,0.45,153.63,352.3,15.425920486450195,62.513535668685385,False,False,132.1,1058.8301765610418,555.2511049079509,18.767265658458783,30.027625053534052,50.45
1771402415.223701,1322,1055,584,0.1,0.6,153.63,352.3,15.748977661132812,62.51953034749933,False,False,132.20000000000002,1056.8138674227987,565.0414671024035,19.045106580345973,30.472170528553555,50.6
1771402415.240069,1323,1050,592,0.1,0.61,153.63,352.3,16.36791229248047,62.52103696309504,False,False,132.3,1053.8302261236774,574.5816232351748,17.834530587596188,28.5352489401539,50.61
1771402415.255774,1324,1044,601,0.12,0.63,153.63,352.3,15.705108642578125,62.52332032307834,False,False,132.4,1049.9090642212775,583.7762512197448,18.209188944500607,29.13470231120097,50.63
1771402415.272283,1325,1038,609,0.1,0.54,153.63,352.3,16.509056091308594,62.477932965470806,False,False,132.5,1045.0895606691638,592.5334813726322,17.927858382617963,28.68457341218874,50.54
1771402415.288148,1326,1030,616,0.11,0.59,153.63,352.3,15.864849090576172,62.53419575432432,False,False,132.6,1039.4198703537133,600.7658143449044,17.911291691407673,28.658066706252278,50.59
1771402415.303764,1327,1021,624,0.14,0.62,153.63,352.3,15.616178512573242,62.46993027129407,False,False,132.70000000000002,1032.9566429464053,608.390995386752,19.662205765483684,31.459529224773895,50.62
1771402415.320543,1328,1013,630,0.11,0.65,153.63,352.3,16.778945922851562,62.488156442475656,False,False,132.8,1025.7644568790386,615.3328362097504,19.44368928641997,31.109902858271955,50.65
1771402415.335419,1329,1003,635,0.07,0.38,153.63,352.3,14.87588882446289,62.5150419953681,False,False,132.9,1017.9151740973756,621.5219762350661,20.102724764646904,32.16435962343505,50.38
1771402415.352249,1330,994,638,0.11,0.69,153.63,352.3,16.829967498779297,62.52709522267887,False,False,133.0,1009.487222040343,626.8965756214236,19.05623466106698,30.489975457707168,50.69
1771402415.36779,1331,984,642,0.05,0.32,153.63,352.3,15.54107666015625,62.49504637742991,False,False,133.1,1000.5648100189842,631.4029331483608,19.664454145059526,31.463126632095243,50.32
1771402415.383645,1332,974,643,0.11,0.78,153.63,352.3,15.855073928833008,62.530419997351274,False,False,133.20000000000002,991.2370878248564,634.9960227810734,19.004758562078845,30.407613699326152,50.78
1771402415.399924,1333,963,644,0.14,0.85,153.63,352.3,16.278982162475586,62.545541306292876,False,False,133.3,981.5972549747937,637.6399435556666,19.654724891806456,31.44755982689033,50.85
1771402415.416431,1334,952,645,0.11,0.74,153.63,352.3,16.50691032409668,62.4957137266043,False,False,133.4,971.7416294921262,639.3082782897259,20.54574484002936,32.87319174404698,50.74
1771402415.433572,1335,943,642,0.1,0.72,153.63,352.3,17.141103744506836,62.462906339982176,False,False,133.5,961.7686855288401,639.9843575340667,18.876609097795264,30.20257455647242,50.72
1771402415.448119,1336,931,641,0.08,0.57,153.63,352.3,14.546871185302734,62.518241239224245,False,False,133.6,951.7780694443995,639.6614261283617,20.82114189582604,33.313827033321665,50.57
1771402415.464211,1337,921,638,0.11,0.83,153.63,352.3,16.09206199645996,62.55154212527596,False,False,133.70000000000002,941.8696041722588,638.3427106964691,20.87241789846682,33.39586863754691,50.83
1771402415.480342,1338,913,634,0.08,0.59,153.63,352.3,16.130924224853516,62.51120644044304,False,False,133.8,932.1422918221197,636.041387407076,19.250833715685083,30.801333945096133,50.59
1771402415.496137,1339,901,628,0.1,0.61,153.63,352.3,15.794992446899414,62.53368297044774,False,False,133.9,922.6933244835598,632.7804503217733,22.21380274576948,35.54208439323117,50.61
1771402415.512555,1340,895,622,0.11,0.68,153.63,352.3,16.417980194091797,62.45531048815299,False,False,134.0,913.6171131148128,628.5924816459949,19.74987885994531,31.599806175912494,50.68
1771402415.528459,1341,888,616,0.1,0.64,153.63,352.3,15.90418815612793,62.47031795146763,False,False,134.1,905.0043442196786,623.5193261783907,18.592686425537018,29.748298280859228,50.64
1771402415.543534,1342,877,607,0.07,0.58,153.63,352.3,15.074968338012695,62.52448536691715,False,False,134.20000000000002,896.9410737379524,617.611673211429,22.588803203547837,36.14208512567654,50.58
1771402415.560275,1343,873,599,0.09,0.58,153.63,352.3,16.741037368774414,62.468503649689396,False,False,134.3,889.507867202929,610.9285500607485,20.36663904873169,32.58662247797071,50.58
1771402415.575897,1344,866,590,0.07,0.51,153.63,352.3,15.62190055847168,62.4988954709466,False,False,134.4,882.7789947572129,603.5367322837227,21.558705573010602,34.49392891681696,50.51
1771402415.591561,1345,861,580,0.09,0.49,153.63,352.3,15.664100646972656,62.51626885114933,False,False,134.5,876.8216890700121,595.5100764801693,22.15599958135138,35.44959933016221,50.49
1771402415.607743,1346,858,570,0.14,0.66,153.63,352.3,16.18194580078125,62.51418788369885,False,False,134.6,871.6954735705294,586.9287823416178,21.77497802274297,34.83996483638875,50.66
1771402415.624032,1347,856,561,0.15,1.08,153.63,352.3,16.28899574279785,62.48919604253844,False,False,134.70000000000002,867.4515677095334,577.8785913224993,20.396696988433636,32.63471518149382,51.08
1771402415.640314,1348,855,551,0.07,0.46,153.63,352.3,16.282081604003906,62.46889131215625,False,False,134.8,864.1323751915405,568.4499299398865,19.695185491536037,31.51229678645766,50.46
1771402415.65653,1349,853,540,0.16,0.99,153.63,352.3,16.215801239013672,62.44251023326408,False,False,134.9,861.7710602910101,558.7370062616109,20.688327681960665,33.10132429113706,50.99
1771402415.671744,1350,854,529,0.11,0.52,153.63,352.3,15.214204788208008,62.510212689219784,False,False,135.0,860.3912164858815,548.8368686104002,20.84104134719961,33.345666155519375,50.52
1771402415.687393,1351,856,519,0.07,0.53,153.63,352.3,15.648841857910156,62.52377080154763,False,False,135.1,860.0066307193396,538.8484358891146,20.24879001237973,32.39806401980756,50.53
1771402415.703705,1352,857,507,0.07,0.37,153.63,352.3,16.312122344970703,62.51047665130679,False,False,135.20000000000002,860.6211456452369,528.8715092157659,22.169249224079483,35.470798758527174,50.37
1771402415.719396,1353,862,499,0.08,0.54,153.63,352.3,15.691041946411133,62.52395720833026,False,False,135.3,862.2286212335651,519.0057747437459,20.007081015628856,32.01132962500617,50.54
1771402415.735117,1354,865,489,0.04,0.29,153.63,352.3,15.720844268798828,62.55466736001102,False,False,135.4,864.8129961196066,509.34980763071826,20.350666845548854,32.561066952878164,50.29
1771402415.75178,1355,871,481,0.07,0.44,153.63,352.3,16.663074493408203,62.499407684456,False,False,135.5,868.3484480837807,500.00008710823784,19.184213241231237,30.69474118596998,50.44
1771402415.767649,1356,877,473,0.07,0.4,153.63,352.3,15.868902206420898,62.542929910471976,False,False,135.6,872.7996520587265,491.05003249315865,18.532312209539427,29.651699535263084,50.4
1771402415.78444,1357,885,464,0.1,0.6,153.63,352.3,16.791105270385742,62.473124899460416,False,False,135.70000000000002,878.1221330857002,482.5890697726974,19.82066013797304,31.71305622075686,50.6
1771402415.799827,1358,893,457,0.17,0.97,153.63,352.3,15.38705825805664,62.52571259338176,False,False,135.8,884.2627106936557,474.7017380895394,19.740611839895156,31.584978943832247,50.97
1771402415.81624,1359,902,450,0.08,0.55,153.63,352.3,16.412973403930664,62.49751408848752,False,False,135.9,891.1600302609409,467.46684505465504,20.55713063895458,32.89140902232732,50.55
1771402415.832237,1360,910,444,0.12,0.69,153.63,352.3,15.996932983398438,62.45934071006983,False,False,136.0,898.74517605039,460.95667932771113,20.351904971268432,32.56304795402949,50.69
1771402415.847915,1361,919,441,0.08,0.51,153.63,352.3,15.677928924560547,62.522015525523,False,False,136.1,906.9423597925909,455.2362883326767,18.656328493635485,29.850125589816777,50.51
1771402415.863759,1362,929,438,0.11,0.62,153.63,352.3,15.844106674194336,62.57907358650276,False,False,136.20000000000002,915.6696779372227,450.36282832546294,18.18067684389767,29.089082950236268,50.62
1771402415.879648,1363,939,435,0.09,0.48,153.63,352.3,15.88892936706543,62.5060516991204,False,False,136.3,924.839930006247,446.384993307513,18.16936033106563,29.070976529705007,50.48
1771402415.896666,1364,950,434,0.17,0.88,153.63,352.3,17.01807975769043,62.491539148618216,False,False,136.4,934.3614898722749,443.34252849142734,18.216636287418503,29.146618059869603,50.88
1771402415.912327,1365,962,434,0.09,0.56,153.63,352.3,15.661001205444336,62.479297970687206,False,False,136.5,944.1392212565344,441.26583317994306,19.282109560984118,30.851375297574588,50.56
1771402415.928315,1366,973,435,0.11,0.78,153.63,352.3,15.987873077392578,62.51016610790643,False,False,136.6,954.0754282991221,440.1756570261484,19.619552485059067,31.391283976094506,50.78
1771402415.943429,1367,983,437,0.1,0.58,153.63,352.3,15.114068984985352,62.56289397297789,False,False,136.70000000000002,964.0708317037448,440.08289270980777,19.178572414237138,30.68571586277942,50.58
1771402415.960195,1368,994,438,0.08,0.6,153.63,352.3,16.766071319580078,62.51510411349082,False,False,136.8,974.025560703619,440.98846710130636,20.196761146787846,32.314817834860555,50.6
1771402415.97613,1369,1002,442,0.1,0.55,153.63,352.3,15.934944152832031,62.49596204621446,False,False,136.9,983.8401509371765,442.88333200066717,18.181319902799498,29.090111844479196,50.55
1771402415.991934,1370,1011,447,0.12,0.7,153.63,352.3,15.804052352905273,62.541499952781656,False,False,137.0,993.4165382630761,445.7485545441749,17.627939255136248,28.204702808217995,50.7
1771402416.008259,1371,1020,453,0.1,0.53,153.63,352.3,16.324996948242188,62.4918650249711,False,False,137.1,1002.6590385846899,449.5555063752915,17.67974771137671,28.287596338202736,50.53
1771402416.024125,1372,1028,460,0.12,0.68,153.63,352.3,15.86604118347168,62.473636690646586,False,False,137.20000000000002,1011.4753038939713,454.2661496897328,17.49121553172198,27.985944850755168,50.68
1771402416.039528,1373,1036,467,0.09,0.52,153.63,352.3,15.402793884277344,62.52723504252906,False,False,137.3,1019.7772449822149,459.83341729663,17.73521040222846,28.376336643565537,50.52
1771402416.056438,1374,1043,475,0.16,0.77,153.63,352.3,16.910076141357422,62.449328117854016,False,False,137.4,1027.4819115983264,466.2016828983501,17.838762610207628,28.542020176332205,50.77
1771402416.07204,1375,1049,484,0.06,0.43,153.63,352.3,15.60211181640625,62.45777506208345,False,False,137.5,1034.5123212603016,473.3073168900695,18.006285218059304,28.810056348894886,50.43
1771402416.0879,1376,1054,494,0.15,0.63,153.63,352.3,15.859842300415039,62.52690879718465,False,False,137.6,1040.7982284387426,481.07932212575327,18.4724305137595,29.555888822015202,50.63
1771402416.104011,1377,1059,503,0.09,0.41,153.63,352.3,16.111135482788086,62.50018378152846,False,False,137.70000000000002,1046.276826426969,489.4400432981722,18.594396239860036,29.751033983776058,50.41
1771402416.119977,1378,1061,513,0.1,0.69,153.63,352.3,15.965938568115234,62.47670761386513,False,False,137.8,1050.8933748848622,498.3059428450539,17.83421394092708,28.534742305483327,50.69
1771402416.136397,1379,1063,522,0.07,0.55,146.79,329.1,16.41988754272461,62.45622499288968,False,False,137.9,1054.6017467862612,507.58843562880475,16.680043305314857,26.688069288503772,50.55
1771402416.152091,1380,1065,534,0.11,0.64,146.79,329.1,15.694141387939453,62.5283380877167,False,False,138.0,1057.3648893049517,517.1947740499139,18.458345932371287,29.53335349179406,50.64
1771402416.167969,1381,1065,545,0.1,0.66,146.79,329.1,15.877962112426758,62.4988954709466,False,False,138.1,1059.1551940342608,527.0289747503108,18.897605808728976,30.236169293966363,50.66
1771402416.184395,1382,1063,553,0.11,0.67,146.79,329.1,16.42608642578125,62.4548454960152,False,False,138.20000000000002,1059.9547728411292,536.9927776473545,16.294311151323896,26.070897842118235,50.67
1771402416.201444,1383,1061,564,0.13,1.57,146.79,329.1,17.04883575439453,62.41060992748802,False,False,138.3,1059.7556365984237,546.9866277160875,17.05881815209323,27.29410904334917,51.57
1771402416.216082,1384,1058,574,0.09,0.55,146.79,329.1,14.638185501098633,62.47994947147641,False,False,138.4,1058.5597750096565,556.9106697101535,17.098495776439005,27.357593242302407,50.55
1771402416.231989,1385,1054,584,0.08,0.63,146.79,329.1,15.906810760498047,62.519157587835736,False,False,138.5,1056.3791367285228,566.6657458823997,17.496761339932252,27.994818143891603,50.63
1771402416.2481,1386,1049,596,0.1,0.64,146.79,329.1,16.111135482788086,62.50311760260148,False,False,138.6,1053.2355099719045,576.1543867363127,20.292558008638103,32.46809281382097,50.64
1771402416.26409,1387,1043,605,0.08,0.75,146.79,329.1,15.990018844604492,62.4787860867415,False,False,138.70000000000002,1049.160304819208,585.2817849090105,20.658106443720406,33.05297030995265,50.75
1771402416.280068,1388,1037,610,0.1,0.62,146.79,329.1,15.977859497070312,62.53094826513049,False,False,138.8,1044.1942393732375,593.9567424550629,17.582468336744444,28.13194933879111,50.62
1771402416.296045,1389,1029,619,0.1,0.7,146.79,329.1,15.977144241333008,62.45926320089706,False,False,138.9,1038.386932918365,602.092582066232,19.338440754129632,30.94150520660741,50.7
1771402416.312125,1390,1020,624,0.09,0.72,146.79,329.1,16.07990264892578,62.50807002065567,False,False,139.0,1031.796410141047,609.6080131224742,18.60872318292349,29.773957092677584,50.72
1771402416.327961,1391,1011,631,0.1,0.66,146.79,329.1,15.836000442504883,62.488870194020784,False,False,139.1,1024.488521366338,616.4279439209466,19.856611670202835,31.770578672324536,50.66
1771402416.344428,1392,1002,635,0.09,0.59,146.79,329.1,16.46709442138672,62.449064671935396,False,False,139.20000000000002,1016.5362846032051,622.4842319674821,19.181971210206104,30.691153936329766,50.59
1771402416.360152,1393,993,638,0.07,0.45,146.79,329.1,15.723943710327148,62.48516196696303,False,False,139.3,1008.0191559727302,627.7163648338587,18.202422870692118,29.12387659310739,50.45
1771402416.376189,1394,983,643,0.1,0.51,146.79,329.1,16.0369873046875,62.515756361232604,False,False,139.4,999.0222358087985,632.0720647779907,19.394117884791193,31.03058861566591,50.51
1771402416.391874,1395,971,644,0.07,0.49,146.79,329.1,15.685081481933594,62.61074137746585,False,False,139.5,989.6354183637015,635.5078110858394,20.479162339899958,32.76665974383993,50.49
1771402416.40854,1396,960,644,0.12,0.74,146.79,329.1,16.665935516357422,62.472597608220646,False,False,139.6,979.9524936144813,637.9892749160033,20.83820571621525,33.3411291459444,50.74
1771402416.424404,1397,952,644,0.1,0.61,146.79,329.1,15.863895416259766,62.48744270723537,False,False,139.70000000000002,970.0702101444799,639.4916623021549,18.624113494700264,29.798581591520424,50.61
1771402416.44036,1398,941,642,0.09,0.54,146.79,329.1,15.95616340637207,62.498817863571524,False,False,139.8,960.0873084634866,639.9999618861538,19.19180806586821,30.706892905389132,50.54
1771402416.456382,1399,931,640,0.14,0.81,146.79,329.1,16.0219669342041,62.48404493042934,False,False,139.9,950.1035344251864,639.5090949065789,19.109840798526474,30.57574527764236,50.81
1771402416.471807,1400,920,638,0.06,0.37,146.79,329.1,15.424966812133789,62.54872812637089,False,False,140.0,940.2186425995732,638.0239659440311,20.218656803451317,32.34985088552211,50.37
1771402416.48729,1401,909,632,0.07,0.38,146.79,329.1,15.482902526855469,62.576210430203886,False,False,140.1,930.5313995582576,635.5594139161859,21.823624684366095,34.91779949498575,50.38
1771402416.503669,1402,901,628,0.12,0.57,146.79,329.1,16.379117965698242,62.491213275664016,False,False,140.20000000000002,921.138597031529,632.1400638122316,20.55974753657394,32.89559605851831,50.57
1771402416.520324,1403,894,621,0.08,0.43,146.79,329.1,16.65496826171875,62.49681565992515,False,False,140.3,912.1340847973922,627.8000806481222,19.36714042547267,30.98742468075627,50.43
1771402416.535971,1404,884,614,0.06,0.39,146.79,329.1,15.646934509277344,62.49518605398474,False,False,140.4,903.6078329655918,622.5828281010248,21.4040195248063,34.24643123969008,50.39
1771402416.551652,1405,877,606,0.12,0.52,146.79,329.1,15.681028366088867,62.49408417812851,False,False,140.5,895.6450330260271,616.5404352337956,21.418170590867064,34.2690729453873,50.52
1771402416.567922,1406,871,597,0.1,0.48,146.79,329.1,16.270160675048828,62.48834263695896,False,False,140.6,888.3252466435425,609.7332756386145,21.501173915591558,34.40187826494649,50.48
1771402416.583765,1407,865,589,0.13,0.66,146.79,329.1,15.842914581298828,62.517387040134025,False,False,140.70000000000002,881.7216107040704,602.2293642040065,21.322015424924768,34.11522467987963,50.66
1771402416.599468,1408,861,580,0.05,0.31,146.79,329.1,15.702962875366211,62.555133839740314,False,False,140.8,875.9001065550497,594.1036775325671,20.51650299867088,32.82640479787341,50.31
1771402416.616042,1409,857,569,0.07,0.39,146.79,329.1,16.57390594482422,62.53178729700819,False,False,140.9,870.9189007416021,585.4374047995203,21.5388967776408,34.46223484422528,50.39
1771402416.632222,1410,855,560,0.2,1.01,146.79,329.1,16.180038452148438,62.468906818755,False,False,141.0,866.8277638256479,576.317136537326,20.153038031350096,32.24486085016015,51.01
1771402416.647583,1411,854,548,0.09,0.56,146.79,329.1,15.36107063293457,62.48762889746529,False,False,141.1,863.6675730949014,566.8339994516998,21.170297704375585,33.87247632700094,50.56
1771402416.664772,1412,854,539,0.15,0.86,146.79,329.1,17.18902587890625,62.43061349186444,False,False,141.20000000000002,861.4699041305232,557.0827459136905,19.564896306862895,31.303834090980633,50.86
1771402416.679834,1413,855,528,0.1,0.69,146.79,329.1,15.06185531616211,62.47151203663618,False,False,141.3,860.2567153143541,547.1608072253194,19.868809461616433,31.79009513858629,50.69
1771402416.695462,1414,857,518,0.1,0.58,146.79,329.1,15.62809944152832,62.477545190776816,False,False,141.4,860.0401284280174,537.1673201182011,19.406919935230253,31.051071896368406,50.58
1771402416.711575,1415,858,508,0.08,0.38,146.79,329.1,16.1130428314209,62.51334932403832,False,False,141.5,860.8223075360875,527.2021362121022,19.40843772528804,31.053500360460863,50.38
1771402416.728162,1416,862,496,0.09,0.48,146.79,329.1,16.587018966674805,62.46661192587952,False,False,141.6,862.5954373634704,517.3648243305606,21.373120135570563,34.1969922169129,50.48
1771402416.743408,1417,867,487,0.06,0.43,146.79,329.1,15.245914459228516,62.567264755160295,False,False,141.70000000000002,865.3418013830507,507.75367564211115,20.81981448791536,33.31170318066457,50.43
1771402416.760203,1418,873,478,0.12,0.63,146.79,329.1,16.794919967651367,62.47554434985358,False,False,141.8,869.0339588333704,498.46472156743073,20.845486594653163,33.35277855144506,50.63
1771402416.776099,1419,879,470,0.1,0.58,146.79,329.1,15.896081924438477,62.50918791636239,False,False,141.9,873.6350188976517,489.5907742651109,20.31210128310427,32.49936205296683,50.58
1771402416.791665,1420,887,463,0.07,0.46,146.79,329.1,15.566110610961914,62.537257093639795,False,False,142.0,879.0990093046403,481.22049928325936,19.859814905970694,31.77570384955311,50.46
1771402416.807298,1421,894,456,0.08,0.45,146.79,329.1,15.632867813110352,62.54019439634349,False,False,142.1,885.3713356683447,473.43752964264974,19.455623562010757,31.128997699217212,50.45
1771402416.824213,1422,903,450,0.12,0.74,146.79,329.1,16.915082931518555,62.47045751750804,False,False,142.20000000000002,892.3893269770965,466.31963020322144,19.465783107002633,31.14525297120421,50.74
1771402416.83978,1423,913,444,0.1,0.6,146.79,329.1,15.56706428527832,62.49139948836454,False,False,142.3,900.0828617815741,459.9379206633124,20.515110889877217,32.82417742380355,50.6
1771402416.856642,1424,921,441,0.15,0.73,146.79,329.1,16.861915588378906,62.50156528200781,False,False,142.4,908.3750688251575,454.3561649551307,18.37868410627295,29.40589457003672,50.73
1771402416.872107,1425,932,437,0.06,0.35,146.79,329.1,15.465021133422852,62.51432764582949,False,False,142.5,917.1830951161065,449.6301341366293,19.469487888683535,31.151180621893655,50.35
1771402416.88775,1426,942,434,0.07,0.45,146.79,329.1,15.642881393432617,62.53680642081507,False,False,142.6,926.4189337672683,445.8070491455285,19.54932312060182,31.278916992962913,50.45
1771402416.903753,1427,951,433,0.06,0.42,146.79,329.1,16.003131866455078,62.47891017904904,False,False,142.70000000000002,935.9903033318055,442.9251089833149,17.99440975419549,28.791055606712785,50.42
1771402416.920276,1428,962,434,0.06,0.42,146.79,329.1,16.522884368896484,62.49473598732117,False,False,142.8,945.8015698488981,441.01310904344814,17.651425942835917,28.242281508537467,50.42
1771402416.936228,1429,972,435,0.06,0.38,146.79,329.1,15.952110290527344,62.49361860845808,False,False,142.9,955.7547023866836,440.09015339730337,17.024081653742847,27.238530645988554,50.38
1771402416.952148,1430,983,437,0.1,0.67,146.79,329.1,15.919923782348633,62.48607734611833,False,False,143.0,965.7502525349124,440.1654639126082,17.53778633098602,28.060458129577633,50.67
1771402416.967714,1431,994,440,0.05,0.41,146.79,329.1,15.566110610961914,62.53550106032285,False,False,143.1,975.6883480605932,441.2382881115881,18.35347253784096,29.365556060545536,50.41
1771402416.983833,1432,1005,444,0.09,0.57,146.79,329.1,16.119003295898438,62.51901780410786,False,False,143.20000000000002,985.4696907983337,443.29790668947606,19.542924871404878,31.268679794247806,50.57
1771402416.9997,1433,1013,448,0.07,0.45,146.79,329.1,15.866994857788086,62.488792611541264,False,False,143.3,994.9965488047749,446.3237406182601,18.081319101595547,28.930110562552876,50.45
1771402417.015874,1434,1023,454,0.09,0.64,146.79,329.1,16.173839569091797,62.536744259555896,False,False,143.4,1004.1737328638798,450.28555676553196,19.189200682223483,30.70272109155757,50.64
1771402417.031908,1435,1029,461,0.14,0.82,146.79,329.1,16.03412628173828,62.50859791086787,False,False,143.5,1012.9095475861036,455.1437699739504,17.123028032502592,27.396844852004147,50.82
1771402417.048134,1436,1038,468,0.13,0.68,146.79,329.1,16.22605323791504,62.48475858805208,False,False,143.6,1021.1167075984182,460.8498385830487,18.334949430139382,29.33591908822301,50.68
1771402417.064052,1437,1044,477,0.1,0.66,146.79,329.1,15.91801643371582,62.497327839344536,False,False,143.70000000000002,1028.7132096709092,467.3467494414622,18.0795797769609,28.927327643137442,50.66
1771402417.080003,1438,1049,485,0.08,0.55,146.79,329.1,15.950918197631836,62.49830565972979,False,False,143.8,1035.6231520659335,474.56958756348314,16.962710993440442,27.140337589504707,50.55
1771402417.096086,1439,1055,495,0.14,0.75,146.79,329.1,16.0830020904541,62.52024481594583,False,False,143.9,1041.7774929232055,482.4461847381509,18.232744473186575,29.17239115709852,50.75
1771402417.112584,1440,1059,504,0.1,0.72,146.79,329.1,16.498088836669922,62.467914411954524,False,False,144.0,1047.1147401032345,490.8978406101531,17.689714059040558,28.303542494464892,50.72
1771402417.128432,1441,1061,513,0.1,0.61,146.79,329.1,15.847921371459961,62.469868242912824,False,False,144.1,1051.5815655964561,499.8401090277626,16.18300457316361,25.892807317061777,50.61
1771402417.14431,1442,1064,525,0.08,0.45,146.79,329.1,15.877962112426758,62.505539376703695,False,False,144.20000000000002,1055.13333835908,509.1836418008744,18.132150323048016,29.011440516876824,50.45
1771402417.160005,1443,1064,535,0.1,0.56,146.79,329.1,15.69509506225586,62.59381365040193,False,False,144.3,1057.7345702517193,518.8350814385756,17.33667217282845,27.738675476525522,50.56
1771402417.175857,1444,1065,547,0.26,0.78,146.79,329.1,15.851974487304688,62.51465375989793,False,False,144.4,1059.3592706251575,528.6979939463505,19.151533971670116,30.642454354672186,50.78
1771402417.191533,1445,1063,557,0.08,0.46,146.79,329.1,15.676021575927734,62.52968975953009,False,False,144.5,1059.9912060103172,538.673832362667,18.57151748091639,29.714427969466225,50.46
1771402417.208399,1446,1060,566,0.09,0.56,146.79,329.1,16.865968704223633,62.48053893627914,False,False,144.6,1059.6240623177202,548.662921407643,17.341154034795977,27.745846455673565,50.56
1771402417.224333,1447,1058,577,0.12,0.72,146.79,329.1,15.933990478515625,62.48418455781193,False,False,144.70000000000002,1058.2615079257807,558.5654534054977,18.436401344625875,29.4982421514014,50.72
1771402417.23957,1448,1053,587,0.1,0.56,146.79,329.1,15.236854553222656,62.532439892924316,False,False,144.8,1055.9171570275835,568.2824855298448,18.943472571417498,30.309556114268,50.56
1771402417.256662,1449,1048,595,0.12,0.85,146.79,329.1,17.091989517211914,62.45986777754641,False,False,144.9,1052.6144336023633,577.7169284077246,17.888475651500794,28.62156104240127,50.85
1771402417.271876,1450,1042,604,0.09,0.64,146.79,329.1,15.214204788208008,62.5162067307119,False,False,145.0,1048.38633737085,586.7745162045134,18.37124375220383,29.39399000352613,50.64
1771402417.287691,1451,1035,613,0.12,0.58,146.79,329.1,15.815019607543945,62.51757340885378,False,False,145.1,1043.2751140729658,595.364748496986,19.480236356244664,31.168378169991463,50.58
1771402417.30326,1452,1028,619,0.07,0.39,146.79,329.1,15.568971633911133,62.576132630700016,False,False,145.20000000000002,1037.3318333623558,603.4017945236317,18.176554348549786,29.082486957679656,50.39
1771402417.319784,1453,1019,626,0.06,0.35,146.79,329.1,16.52383804321289,62.523972742278985,False,False,145.3,1030.6158785352964,610.8053507772418,19.126055504191825,30.60168880670692,50.35
1771402417.335329,1454,1010,632,0.06,0.45,146.79,329.1,15.545129776000977,62.55603572027815,False,False,145.4,1023.1943531924184,617.501443371023,19.60354816072675,31.3656770571628,50.45
1771402417.352054,1455,1001,636,0.09,0.51,146.79,329.1,16.72506332397461,62.4882805720079,False,False,145.5,1015.1414107617176,623.4231671612122,18.925015788274344,30.28002526123895,50.51
1771402417.367451,1456,990,640,0.06,0.35,146.79,329.1,15.396833419799805,62.570982733808655,False,False,145.6,1006.5375135820127,628.5113542411593,20.13649266499463,32.21838826399141,50.35
1771402417.384195,1457,981,642,0.09,0.56,146.79,329.1,16.744136810302734,62.51359778381461,False,False,145.70000000000002,997.4686289498505,632.7151651274937,18.90565783297593,30.24905253276149,50.56
1771402417.400037,1458,971,643,0.09,0.52,146.79,329.1,15.841960906982422,62.52103696309504,False,False,145.8,988.0253701627062,635.9925967314318,18.41105455278174,29.45768728445078,50.52
1771402417.416173,1459,959,645,0.08,0.54,146.79,329.1,16.13593101501465,62.51361331261621,False,False,145.9,978.3020911408516,638.3109020397634,20.428283186097286,32.685253097755655,50.54
1771402417.432029,1460,949,644,0.09,0.64,146.79,329.1,15.856027603149414,62.48554983621203,False,False,146.0,968.3959436741849,639.6469173121774,19.878429512895966,31.805487220633545,50.64
1771402417.448112,1461,939,642,0.08,0.51,146.79,329.1,16.0830020904541,62.44652330780798,False,False,146.1,958.4059067136556,639.9872935256997,19.510002632772558,31.216004212436093,50.51
1771402417.463928,1462,928,640,0.08,0.65,146.79,329.1,15.815973281860352,62.483145124487976,False,False,146.20000000000002,948.4317974063034,639.328629753718,20.44282473778562,32.70851958045699,50.65
1771402417.480283,1463,919,636,0.07,0.49,146.79,329.1,16.355037689208984,62.50266742169106,False,False,146.3,938.5732737553309,637.6775071469169,19.645026742895574,31.43204278863292,50.49
1771402417.496393,1464,908,633,0.13,0.83,146.79,329.1,16.109943389892578,62.47253557454233,False,False,146.4,928.9288388702611,635.0504231765951,21.029040198270327,33.64646431723252,50.83
1771402417.512263,1465,900,627,0.08,0.57,146.79,329.1,15.870094299316406,62.460239830532664,False,False,146.5,919.5948567564393,631.4736267973854,20.099048435875247,32.1584774974004,50.57
1771402417.52831,1466,891,619,0.12,0.75,146.79,329.1,16.047000885009766,62.47475335506866,False,False,146.6,910.6645894777424,626.9828561763773,21.223149437839393,33.95703910054303,50.75
1771402417.543923,1467,884,613,0.08,0.55,146.79,329.1,15.61284065246582,62.48972361401015,False,False,146.70000000000002,902.2272653128632,621.6229816091626,20.164052484990776,32.26248397598524,50.55
1771402417.559927,1468,877,605,0.12,0.72,146.79,329.1,16.004085540771484,62.47013186438381,False,False,146.8,894.367187215853,615.4475571906812,20.26747747113696,32.42796395381914,50.72
1771402417.576287,1469,871,596,0.1,0.52,146.79,329.1,16.360044479370117,62.48404493042934,False,False,146.9,887.1628904888587,608.5182857203973,20.443740027997386,32.70998404479582,50.52
1771402417.592151,1470,865,587,0.12,0.7,146.79,329.1,15.863895416259766,62.50462342725236,False,False,147.0,880.6863580833522,600.9044021883292,20.961732517470047,33.53877202795208,50.7
1771402417.608444,1471,862,578,0.09,0.57,146.79,329.1,16.293048858642578,62.443997644748585,False,False,147.1,875.0023013702724,592.6819820019141,19.611742309848918,31.37878769575827,50.57
1771402417.624148,1472,858,567,0.1,0.57,146.79,329.1,15.703916549682617,62.540660660242736,False,False,147.20000000000002,870.1675135653959,583.9331808656814,20.851402844748144,33.36224455159703,50.57
1771402417.639465,1473,855,557,0.08,0.54,146.79,329.1,15.317201614379883,62.52401934417147,False,False,147.3,866.2303022703034,574.74541390862,21.000461991837803,33.60073918694049,50.54
1771402417.656382,1474,855,548,0.13,0.7,146.79,329.1,16.916990280151367,62.4401553099935,False,False,147.4,863.2300067987848,565.2104822610905,19.07704672026976,30.523274752431615,50.7
1771402417.671772,1475,854,536,0.07,0.53,146.79,329.1,15.38991928100586,62.48717893964232,False,False,147.5,861.1966051114258,555.4236558082858,20.713993581358388,33.14238973017342,50.53
1771402417.687666,1476,855,526,0.12,0.6,146.79,329.1,15.893936157226562,62.532315587890125,False,False,147.6,860.1504142857332,545.4827212850274,20.15200228227322,32.24320365163715,50.6
1771402417.703509,1477,857,516,0.07,0.51,146.79,329.1,15.84315299987793,62.49341686375515,False,False,147.70000000000002,860.1018875146128,535.487005223033,19.73233586567552,31.57173738508083,50.51
1771402417.720273,1478,859,504,0.1,0.61,146.79,329.1,16.763925552368164,62.49543436940161,False,False,147.8,861.0515096615209,525.5363815130551,21.63387206597962,34.61419530556739,50.61
1771402417.735756,1479,862,495,0.04,0.36,146.79,329.1,15.482902526855469,62.52234171980623,False,False,147.9,862.9897924158686,515.730273497962,20.753889474669965,33.206223159471946,50.36
1771402417.752546,1480,867,487,0.11,0.65,146.79,329.1,16.790151596069336,62.44269615582447,False,False,148.0,865.8973690970856,506.16666056757236,19.198350768245568,30.71736122919291,50.65
1771402417.76796,1481,873,476,0.04,0.25,146.79,329.1,15.413999557495117,62.45692251450559,False,False,148.1,869.7451881600904,496.9410991809764,21.192532529660195,33.90805204745631,50.25
1771402417.783754,1482,880,470,0.11,0.63,146.79,329.1,15.794038772583008,62.529891738497696,False,False,148.20000000000002,874.4948034687267,488.1457680979814,18.962491627253588,30.33998660360574,50.63
1771402417.800449,1483,888,461,0.04,0.64,146.79,329.1,16.69478416442871,62.45648849922456,False,False,148.3,880.098758436842,479.8685473594237,20.456091945779644,32.72974711324743,50.64
1771402417.816132,1484,896,454,0.07,0.54,146.79,329.1,15.683174133300781,62.533216810584854,False,False,148.4,886.5010601988173,472.19214021883505,20.52276353438417,32.83642165501467,50.54
1771402417.831955,1485,904,450,0.09,0.58,146.79,329.1,15.822887420654297,62.50990214844206,False,False,148.5,893.6377390717666,465.1932467988813,18.39051929219262,29.424830867508195,50.58
1771402417.848275,1486,914,443,0.1,0.67,146.79,329.1,16.319990158081055,62.46583666233611,False,False,148.6,901.4374877194639,458.94179772908814,20.29673938428979,32.47478301486366,50.67
1771402417.864185,1487,923,440,0.1,0.73,146.79,329.1,15.910148620605469,62.47188422835786,False,False,148.70000000000002,909.8223736316779,453.50025542210506,18.865490536033626,30.184784857653803,50.73
1771402417.879627,1488,933,436,0.11,0.6,146.79,329.1,15.44189453125,62.54227709558851,False,False,148.8,918.7086178000436,448.9229899699319,19.26777815286939,30.828445044591025,50.6
1771402417.896567,1489,944,435,0.12,0.68,146.79,329.1,16.94011688232422,62.477932965470806,False,False,148.9,928.0074318102351,445.2557358959222,18.99848299394425,30.3975727903108,50.68
1771402417.911938,1490,954,434,0.08,0.69,146.79,329.1,15.370845794677734,62.513675427899734,False,False,149.0,937.6259049864416,442.53513519055053,18.465089228975113,29.54414276636018,50.69
1771402417.927911,1491,965,433,0.1,0.69,146.79,329.1,15.973091125488281,62.48717893964232,False,False,149.1,947.4679327241311,440.78837119675387,19.1841629701173,30.69466075218768,50.69
1771402417.943842,1492,975,436,0.09,0.59,146.79,329.1,15.930891036987305,62.49942320620856,False,False,149.20000000000002,957.4351767354932,440.03289700295477,18.021855469118623,28.8349687505898,50.59
1771402417.959694,1493,986,437,0.12,0.63,146.79,329.1,15.851974487304688,62.50040109216278,False,False,149.3,967.4280476130936,440.27626105757156,18.85871952118913,30.173951233902606,50.63
1771402417.976465,1494,995,440,0.07,0.62,146.79,329.1,16.77107810974121,62.46154205089041,False,False,149.4,977.3466998943301,441.5160317474156,17.718277480613565,28.349243968981703,50.62
1771402417.99245,1495,1005,444,0.1,0.78,146.79,329.1,15.98501205444336,62.464735821167814,False,False,149.5,987.0920296842789,443.73982169356765,17.909860233398934,28.655776373438293,50.78
1771402418.007834,1496,1014,448,0.1,0.65,146.79,329.1,15.38395881652832,62.51954587924844,False,False,149.6,996.566664869057,446.92541152197305,17.46642247814012,27.946275965024192,50.65
1771402418.023839,1497,1023,456,0.12,0.85,146.79,329.1,16.00503921508789,62.513877303423705,False,False,149.70000000000002,1005.6759380257984,451.04097187208356,18.019852476073318,28.831763961717307,50.85
1771402418.039916,1498,1032,463,0.1,0.55,146.79,329.1,16.077041625976562,62.505663575306244,False,False,149.8,1014.328832308241,456.045381425302,18.990441993534592,30.384707189655348,50.55
1771402418.055541,1499,1039,469,0.08,0.47,146.79,329.1,15.625,62.53550106032285,False,False,149.9,1022.4388908569841,461.8886377756115,18.023368406969414,28.83738945115106,50.47
1771402418.071996,1500,1044,478,0.07,0.42,146.79,329.1,16.45493507385254,62.53831386918452,False,False,150.0,1029.9250806478376,468.5123570370835,16.974060320431708,27.158496512690732,50.42
1771402418.08793,1501,1050,486,0.11,0.73,146.79,329.1,15.933990478515625,62.532704042762866,False,False,150.1,1036.7126021470162,475.85035719636795,16.720352590325277,26.75256414452044,50.73
1771402418.104077,1502,1055,495,0.07,0.78,146.79,329.1,16.147136688232422,62.51516623173699,False,False,150.20000000000002,1042.7336366833588,483.8293193814959,16.590592951925025,26.54494872308004,50.78
1771402418.12017,1503,1059,507,0.07,0.42,146.79,329.1,16.093015670776367,62.48925810930805,False,False,150.3,1047.9280240700637,492.36952043980335,18.347740546302198,29.356384874083517,50.42
1771402418.136724,1504,1062,516,0.27,1.23,146.79,329.1,16.553878784179688,62.443610291183894,False,False,150.4,1052.2438637054008,501.38562950533293,17.5716254329015,28.114600692642398,51.23
1771402418.15175,1505,1064,527,0.1,0.8,146.79,329.1,15.026092529296875,62.48587565010247,False,False,150.5,1055.6380331463613,510.78756059663135,18.24186616191591,29.18698585906546,50.8
1771402418.168094,1506,1065,538,0.16,1.23,145.26,329.9,16.34383201599121,62.519872047762476,False,False,150.6,1058.076618973854,520.4813727260995,18.837077968598233,30.139324749757172,51.23
1771402418.184226,1507,1064,548,0.1,0.68,145.26,329.9,16.132116317749023,62.50696769043261,False,False,150.70000000000002,1059.5352556443804,530.370208527291,18.1863544871489,29.098167179438242,50.68
1771402418.20106,1508,1062,558,0.22,1.38,145.26,329.9,16.834020614624023,62.40313510623684,False,False,150.8,1059.9993689424887,540.3552620216891,17.757795554390356,28.41247288702457,51.38
1771402418.216458,1509,1060,569,0.11,0.72,145.26,329.9,15.398025512695312,62.51327168076326,False,False,150.9,1059.4643216015202,550.3367658554006,18.67092017236267,29.873472275780273,50.72
1771402418.233169,1510,1056,578,0.21,1.51,145.26,329.9,16.710996627807617,62.415934701652176,False,False,151.0,1057.935459637643,560.2149881415654,17.89001539444848,28.624024631117567,51.51
1771402418.247748,1511,1053,587,0.07,0.43,145.26,329.9,14.578819274902344,62.49630348890053,False,False,151.1,1055.4280589342252,569.8912289484064,17.280205932914086,27.648329492662537,50.43
1771402418.263687,1512,1046,598,0.14,0.84,145.26,329.9,15.938997268676758,62.472225407998664,False,False,151.20000000000002,1051.967172610258,579.268806476324,19.658706971263793,31.45393115402207,50.84
1771402418.279373,1513,1040,607,0.07,0.41,145.26,329.9,15.68603515625,62.52676897879352,False,False,151.3,1047.5873806978757,588.2540230704693,20.223253865216478,32.35720618434637,50.41
1771402418.296343,1514,1034,613,0.15,0.79,145.26,329.9,16.970157623291016,62.434051927850284,False,False,151.4,1042.332444630099,596.7571014167538,18.255448170321266,29.208717072514027,50.79
1771402418.31131,1515,1026,621,0.06,0.43,145.26,329.9,14.966964721679688,62.54847938726618,False,False,151.5,1036.2548699910662,604.6930815670855,19.26338358937486,30.821413742999777,50.43
1771402418.328122,1516,1018,626,0.12,0.65,145.26,329.9,16.811847686767578,62.45634899559383,False,False,151.6,1029.4153818975915,611.9826698310886,18.077513350351378,28.924021360562204,50.65
1771402418.343823,1517,1008,632,0.14,0.77,145.26,329.9,15.701055526733398,62.52423682058827,False,False,151.70000000000002,1021.8823182538686,618.5530310524484,19.327176047682403,30.923481676291846,50.77
1771402418.359535,1518,998,638,0.09,0.68,145.26,329.9,15.71202278137207,62.532704042762866,False,False,151.8,1013.7309469417298,624.33851635371,20.83503844732156,33.33606151571449,50.68
1771402418.375746,1519,989,641,0.07,0.37,145.26,329.9,16.21103286743164,62.52780986403845,False,False,151.9,1005.042713768839,629.2813190781725,19.866961207404135,31.787137931846615,50.37
1771402418.391697,1520,978,643,0.11,0.8,145.26,329.9,15.950918197631836,62.521627203433226,False,False,152.0,995.9044286891116,633.3320523748862,20.34791827105233,32.55666923368373,50.8
1771402418.407582,1521,969,644,0.11,0.66,145.26,329.9,15.885114669799805,62.53452207571536,False,False,152.1,986.4073984263489,636.4502426557449,18.97409697273596,30.358555156377538,50.66
1771402418.424153,1522,958,644,0.08,0.5,145.26,329.9,16.571044921875,62.4853481436016,False,False,152.20000000000002,976.6465141676326,638.6047339941994,19.411372591269078,31.058196146030525,50.5
1771402418.440037,1523,946,643,0.06,0.41,145.26,329.9,15.883922576904297,62.51602037014035,False,False,152.3,966.7193034419621,639.7739994249746,20.968944056155205,33.55031048984833,50.41
1771402418.455871,1524,937,641,0.15,0.69,145.26,329.9,15.83409309387207,62.533993747550845,False,False,152.4,956.724955657406,639.946356034395,19.753076755100412,31.60492280816066,50.69
1771402418.471782,1525,926,640,0.06,0.39,145.26,329.9,15.910863876342773,62.53133670301557,False,False,152.5,946.7633310333352,639.1200816921926,20.78196746769365,33.25114794830984,50.39
1771402418.488248,1526,917,636,0.06,0.37,145.26,329.9,16.466140747070312,62.504033507919985,False,False,152.6,936.9339628301185,637.3034322584648,19.97653147483198,31.962450359731168,50.37
1771402418.503671,1527,908,631,0.09,0.52,145.26,329.9,15.422821044921875,62.51640862258491,False,False,152.70000000000002,927.3350628456822,634.5145590938479,19.651890007595387,31.44302401215262,50.52
1771402418.520294,1528,900,625,0.08,0.47,145.26,329.9,16.62302017211914,62.47611822135211,False,False,152.8,918.062540115702,630.7813276971256,18.965207759813584,30.344332415701736,50.47
1771402418.536176,1529,891,619,0.06,0.33,145.26,329.9,15.882015228271484,62.50723162511494,False,False,152.9,909.2090426222045,626.1410392823709,19.559235037434984,31.294776059895973,50.33
1771402418.551979,1530,881,611,0.1,0.59,145.26,329.9,15.803098678588867,62.511190912837186,False,False,153.0,900.8630315855676,620.6400580775486,22.07873962679402,35.325983402870435,50.59
1771402418.56792,1531,876,604,0.1,0.72,145.26,329.9,15.94090461730957,62.53413359825502,False,False,153.1,893.1078975892448,614.3333480684748,19.986451466639586,31.978322346623337,50.72
1771402418.583702,1532,870,595,0.07,0.39,145.26,329.9,15.78211784362793,62.52903722101384,False,False,153.20000000000002,886.021127368619,607.2839238168368,20.18839534235851,32.301432547773615,50.39
1771402418.599978,1533,863,585,0.15,0.89,145.26,329.9,16.275882720947266,62.46662743134667,False,False,153.3,879.673529589164,599.5622208395312,22.13740871782429,35.41985394851886,50.89
1771402418.616014,1534,861,577,0.11,0.72,145.26,329.9,16.036033630371094,62.523972742278985,False,False,153.4,874.128527349653,591.2453918402496,19.372388057563704,30.995820892101925,50.72
1771402418.631877,1535,857,566,0.09,0.64,145.26,329.9,15.86294174194336,62.49316856437045,False,False,153.5,869.4415244795293,582.4165358251745,20.59840236217278,32.95744377947645,50.64
1771402418.647672,1536,854,556,0.11,0.69,145.26,329.9,15.794992446899414,62.49960946784064,False,False,153.60000000000002,865.6593519621531,573.1638678051744,20.749430021349145,33.199088034158635,50.69
1771402418.663904,1537,853,545,0.17,1.03,145.26,329.9,16.232013702392578,62.47430358265304,False,False,153.70000000000002,862.8198000150999,563.5798373805848,21.01520472004806,33.6243275520769,51.03
1771402418.68031,1538,853,534,0.09,0.58,145.26,329.9,16.40605926513672,62.49759169262473,False,False,153.8,860.9512405027925,553.7602050153463,21.299951356323913,34.07992217011826,50.58
1771402418.696209,1539,855,523,0.13,0.72,145.26,329.9,15.898942947387695,62.4705195470595,False,False,153.9,860.0723434542144,543.8030852301135,21.41254359502579,34.26006975204127,50.72
1771402418.712032,1540,857,513,0.09,0.5,145.26,329.9,15.823125839233398,62.53348096698718,False,False,154.0,860.19189051815,533.8079662743943,21.051356857841395,33.68217097254623,50.5
1771402418.727782,1541,860,503,0.08,0.55,145.26,329.9,15.749931335449219,62.5115946330964,False,False,154.10000000000002,861.3086872198539,523.8747160728443,20.915698251822086,33.46511720291534,50.55
1771402418.743482,1542,864,494,0.08,0.48,145.26,329.9,15.700101852416992,62.51771318612279,False,False,154.20000000000002,863.4115748958462,514.102584377987,20.11119446421036,32.177911142736576,50.48
1771402418.760464,1543,868,485,0.12,0.81,145.26,329.9,16.981840133666992,62.49901964314762,False,False,154.3,866.4795421875907,504.5892110994775,19.648129261057115,31.437006817691383,50.81
1771402418.7761,1544,874,476,0.1,0.55,145.26,329.9,15.635967254638672,62.502093062358234,False,False,154.4,870.4819349800433,495.4296507184114,19.745584532348154,31.592935251757048,50.55
1771402418.791744,1545,881,468,0.07,0.43,145.26,329.9,15.644073486328125,62.5137375433067,False,False,154.5,875.3787626874372,486.71542253436814,19.541375324272426,31.26620051883588,50.43
1771402418.807831,1546,889,460,0.08,0.55,145.26,329.9,16.087055206298828,62.528912929507264,False,False,154.60000000000002,881.1210978259977,478.53359623481964,20.13880058153461,32.22208093045538,50.55
1771402418.824077,1547,897,452,0.17,1.03,145.26,329.9,16.24584197998047,62.50704531804898,False,False,154.70000000000002,887.6515648811808,470.96592192360345,21.14472590465515,33.83156144744824,51.03
1771402418.83985,1548,905,449,0.07,0.41,145.26,329.9,15.77305793762207,62.4854877768086,False,False,154.8,894.904913584858,464.0880133008943,18.15375760268787,29.046012164300596,50.41
1771402418.855489,1549,915,442,0.07,0.46,145.26,329.9,15.639066696166992,62.57026710525334,False,False,154.9,902.8086708744205,457.9685921561159,20.09040669813753,32.14465071702005,50.46
1771402418.872575,1550,925,439,0.15,0.79,145.26,329.9,17.086029052734375,62.45855012553348,False,False,155.0,911.2838650196659,452.66880172253525,19.364103370120905,30.982565392193447,50.79
1771402418.888146,1551,935,437,0.06,0.41,145.26,329.9,15.570878982543945,62.48471204466673,False,False,155.10000000000002,920.245814682224,448.2415957542857,18.54883984226643,29.678143747626287,50.41
1771402418.904215,1552,945,434,0.07,0.41,145.26,329.9,16.06917381286621,62.47571495919785,False,False,155.20000000000002,929.6049750234882,444.7312094299648,18.766077103571387,30.02572336571422,50.41
1771402418.920098,1553,957,434,0.11,0.6,145.26,329.9,15.88296890258789,62.473698726511685,False,False,155.3,939.2678324070583,442.17271736934435,19.5249347436388,31.239895589822076,50.6
1771402418.935695,1554,968,433,0.08,0.54,145.26,329.9,15.596866607666016,62.55017396158678,False,False,155.4,949.1378387560736,440.591683179369,20.332603873773586,32.532166198037736,50.54
1771402418.952277,1555,977,436,0.06,0.39,145.26,329.9,16.582012176513672,62.51126855094359,False,False,155.5,959.1163762296851,440.0039040310446,18.32635388308289,29.322166212932625,50.39
1771402418.967862,1556,989,437,0.07,0.46,145.26,329.9,15.584945678710938,62.49818149036581,False,False,155.60000000000002,969.1037425799252,440.4152528193275,20.187248726505693,32.29959796240911,50.46
1771402418.983813,1557,998,440,0.07,0.52,145.26,329.9,15.951156616210938,62.50168946481778,False,False,155.70000000000002,979.0001473436012,441.8216194830988,19.086977196666616,30.539163514666587,50.52
1771402419.00084,1558,1006,445,0.16,1.6,145.26,329.9,17.026901245117188,62.43990743366613,False,False,155.8,988.7067089156334,444.208952071537,17.31137410357016,27.698198565712254,51.6
1771402419.016137,1559,1017,450,0.09,0.57,145.26,329.9,15.29693603515625,62.46123199349918,False,False,155.9,998.126442541357,447.55339714656577,19.031474894687733,30.45035983150037,50.57
1771402419.033086,1560,1024,456,0.52,1.68,145.26,329.9,16.949176788330078,62.429111231067225,False,False,156.0,1007.1652293561339,451.82153811852186,17.345577140197523,27.752923424316037,51.68
1771402419.047622,1561,1032,463,0.06,0.47,145.26,329.9,14.535903930664062,62.52005843129851,False,False,156.10000000000002,1015.7327567899385,456.97072913367504,17.348639970752906,27.75782395320465,50.47
1771402419.064697,1562,1039,470,0.14,0.92,145.26,329.9,17.075061798095703,62.45966625069618,False,False,156.20000000000002,1023.7434209406957,462.94952117749517,16.8069169159424,26.891067065507837,50.92
1771402419.080007,1563,1046,479,0.12,0.77,145.26,329.9,15.310049057006836,62.510616396843595,False,False,156.3,1031.1171819001872,469.6981761362076,17.550561295443856,28.08089807271017,50.77
1771402419.095632,1564,1052,490,0.1,0.55,145.26,329.9,15.625,62.57116942221091,False,False,156.4,1037.7803634863467,477.14926368027363,19.16610253910682,30.66576406257091,50.55
1771402419.111968,1565,1056,499,0.06,0.36,145.26,329.9,16.33596420288086,62.48581359005186,False,False,156.5,1043.6663893913208,485.2283350059551,18.487203881461543,29.579526210338468,50.36
1771402419.127645,1566,1060,508,0.08,0.45,145.26,329.9,15.67697525024414,62.52923919576589,False,False,156.60000000000002,1048.7164483899294,493.8546667031542,18.094446413637037,28.95111426181926,50.45
1771402419.143443,1567,1062,517,0.06,0.41,145.26,329.9,15.798091888427734,62.551013509482885,False,False,156.70000000000002,1052.8800819619833,502.9420673170338,16.757039605459948,26.811263368735915,50.41
1771402419.160291,1568,1064,528,0.09,0.6,145.26,329.9,16.847848892211914,62.550111773750245,False,False,156.8,1056.1156884571465,512.3997385445576,17.47943151200674,27.967090419210784,50.6
1771402419.176169,1569,1065,540,0.07,0.4,145.26,329.9,15.877962112426758,62.518831426776366,False,False,156.9,1058.3909387648682,522.1331824611108,19.05000943248273,30.48001509197237,50.4
1771402419.192188,1570,1064,551,0.14,0.85,145.26,329.9,16.019105911254883,62.5639360613283,False,False,157.0,1059.6830993361718,532.0451457125278,19.440219453510934,31.104351125617494,50.85
1771402419.208306,1571,1062,561,0.07,0.41,145.26,329.9,16.11804962158203,62.463681530790375,False,False,157.10000000000002,1059.97925932976,542.0365912384628,19.070769903533158,30.513231845653053,50.41
1771402419.224061,1572,1060,572,0.11,0.65,145.26,329.9,15.754938125610352,62.47565291932849,False,False,157.20000000000002,1059.2764596128745,552.007687817948,20.00540069772231,32.0086411163557,50.65
1771402419.239458,1573,1056,579,0.06,0.39,145.26,329.9,15.397071838378906,62.494456638859425,False,False,157.3,1057.5817223279716,561.8588075499699,17.214015340174765,27.542424544279623,50.39
1771402419.256287,1574,1051,589,0.16,0.69,145.26,329.9,16.82901382446289,62.50364540916877,False,False,157.4,1054.9119807297968,571.4915213025138,17.940190063949455,28.704304102319128,50.69
1771402419.27206,1575,1047,598,0.1,0.54,145.26,329.9,15.772819519042969,62.45121879495553,False,False,157.5,1051.2939099938994,580.809582183916,17.718581425363865,28.349730280582186,50.54
1771402419.287809,1576,1039,606,0.1,0.58,145.26,329.9,15.748977661132812,62.520384605160615,False,False,157.60000000000002,1046.763660687096,589.7198872099932,18.03653236405777,28.85845178249243,50.58
1771402419.30359,1577,1033,616,0.08,0.42,145.26,329.9,15.781164169311523,62.51516623173699,False,False,157.70000000000002,1041.3664975629617,598.1334075582753,19.728492262454818,31.565587619927708,50.42
1771402419.320324,1578,1025,621,0.11,0.62,145.26,329.9,16.733884811401367,62.44867725550462,False,False,157.8,1035.1563472913665,605.9660781145849,18.14304818820727,29.028877101131634,50.62
1771402419.335694,1579,1016,629,0.04,0.28,145.26,329.9,15.37013053894043,62.503381504770864,False,False,157.9,1028.1952596410213,613.1396374238599,20.006885283785387,32.011016454056616,50.28
1771402419.352496,1580,1007,633,0.11,0.62,145.26,329.9,16.801834106445312,62.44802640672198,False,False,158.0,1020.552787498699,619.5824096527456,19.07117667349413,30.51388267759061,50.62
1771402419.36811,1581,997,638,0.05,0.35,145.26,329.9,15.614032745361328,62.46565060194909,False,False,158.10000000000002,1012.3052919197776,625.2300207508296,19.932996031049928,31.892793649679884,50.35
1771402419.384073,1582,986,642,0.11,0.68,145.26,329.9,15.963077545166016,62.50521335772029,False,False,158.20000000000002,1003.5351791538269,630.0260416548689,21.233421448455747,33.973474317529195,50.68
1771402419.400742,1583,978,642,0.18,1.03,145.26,329.9,16.669034957885742,62.45413252151824,False,False,158.3,994.3300772685882,633.9225521093457,18.21857810105652,29.14972496169043,51.03
1771402419.416035,1584,965,644,0.07,0.37,145.26,329.9,15.292882919311523,62.48933569294344,False,False,158.4,984.7819605992966,636.8806194698141,21.02407059267334,33.638512948277345,50.37
1771402419.431886,1585,955,644,0.09,0.65,145.26,329.9,15.851020812988281,62.49323063903165,False,False,158.5,974.9862307715238,638.8706877050151,20.633934793734475,33.01429566997516,50.65
1771402419.447448,1586,946,643,0.07,0.48,145.26,329.9,15.562057495117188,62.552132941735586,False,False,158.60000000000002,965.0407634796684,639.8728727109722,19.295844085461926,30.873350536739082,50.48
1771402419.464148,1587,935,641,0.08,0.52,145.26,329.9,16.700029373168945,62.46895333859745,False,False,158.70000000000002,955.0449305453818,639.8771609863832,20.076354450439478,32.12216712070317,50.52
1771402419.480301,1588,926,638,0.11,0.6,145.26,329.9,16.15285873413086,62.49954738050659,False,False,158.8,945.0986070271576,638.8835096842184,19.119031872453768,30.590450995926027,50.6
1771402419.496353,1589,916,635,0.14,0.83,145.26,329.9,16.0520076751709,62.488482283549615,False,False,158.9,935.3011733017725,636.9018470398316,19.39464650330008,31.03143440528013,50.83
1771402419.512259,1590,905,630,0.07,0.46,145.26,329.9,15.906095504760742,62.481779951168235,False,False,159.0,925.7505220884093,633.9519731713149,21.12350015713198,33.79760025141117,50.46
1771402419.528093,1591,896,625,0.11,0.54,145.26,329.9,15.83409309387207,62.48873054569635,False,False,159.10000000000002,916.542080336964,630.0633622432624,21.156906715698717,33.851050745117945,50.54
1771402419.543573,1592,887,618,0.11,0.52,145.26,329.9,15.479803085327148,62.508411595657215,False,False,159.20000000000002,907.767855753516,625.2748679706658,22.005170678489755,35.208273085583606,50.52
1771402419.560213,1593,882,610,0.07,0.46,145.26,329.9,16.640186309814453,62.48469653022035,False,False,159.3,899.5155174897275,619.6343354054301,19.99034195898791,31.984547134380655,50.46
1771402419.575664,1594,874,603,0.06,0.38,145.26,329.9,15.45095443725586,62.522792184173966,False,False,159.4,891.8675201816698,613.1981228844348,20.573040315140826,32.91686450422532,50.38
1771402419.592325,1595,868,594,0.09,0.5,145.26,329.9,16.66092872619629,62.47084520422569,False,False,159.5,884.9002800903532,606.0305389156609,20.744959236730807,33.191934778769294,50.5
1771402419.607846,1596,863,584,0.14,0.72,145.26,329.9,15.521049499511719,62.488668479974734,False,False,159.60000000000002,878.6834115757053,598.2031996288337,21.158929045428295,33.854286472685274,50.72
1771402419.623656,1597,859,573,0.1,0.58,145.26,329.9,15.810012817382812,62.51614461039794,False,False,159.70000000000002,873.2790315329044,589.7943132107372,22.04403995954504,35.27046393527206,50.58
1771402419.639594,1598,856,563,0.1,0.47,145.26,329.9,15.938043594360352,62.546644997463666,False,False,159.8,868.7411387408855,580.8878984748507,21.96163764979875,35.138620239678,50.47
1771402419.656694,1599,855,553,0.14,0.89,145.26,329.9,17.099857330322266,62.46844162414119,False,False,159.9,865.1150743243988,571.5729453731457,21.148735858721345,33.83797737395415,50.89
1771402419.671595,1600,854,542,0.09,0.38,145.26,329.9,14.901161193847656,62.528462376938,False,False,160.0,862.4370687204763,561.9425258379005,21.653832579692843,34.64613212750855,50.38
1771402419.688492,1601,853,534,0.1,0.68,145.26,329.9,16.896963119506836,62.453807038572926,False,False,160.10000000000002,860.7338796758809,552.0928638377148,19.676499096411757,31.48239855425881,50.68
1771402419.703115,1602,856,523,0.04,0.26,145.26,329.9,14.622926712036133,62.5239106065304,False,False,160.20000000000002,860.0225248925478,542.122373939435,19.540877451914703,31.265403923063523,50.26
1771402419.71979,1603,857,512,0.1,0.48,145.26,329.9,16.67499542236328,62.543909158350324,False,False,160.3,860.310111992329,532.1306779823157,20.401005794554557,32.641609271287294,50.48
1771402419.735371,1604,860,503,0.05,0.33,145.26,329.9,15.581130981445312,62.547484450630364,False,False,160.4,861.5937674999868,522.2176096895452,19.283584133239188,30.853734613182702,50.33
1771402419.75219,1605,864,491,0.1,0.63,145.26,329.9,16.819000244140625,62.47096926499161,False,False,160.5,863.8606655540091,512.4822171626798,21.482669022083254,34.372270435333206,50.63
1771402419.767727,1606,870,484,0.05,0.3,145.26,329.9,15.536785125732422,62.50678138494,False,False,160.60000000000002,867.0881560583779,503.02177322575284,19.243354483881674,30.78936717421068,50.3
1771402419.783586,1607,876,473,0.08,0.57,145.26,329.9,15.859127044677734,62.53197375159431,False,False,160.70000000000002,871.2439909948381,493.9308035073801,21.464346184352713,34.34295389496434,50.57
1771402419.800145,1608,883,466,0.05,0.45,145.26,329.9,16.55888557434082,62.48080264781819,False,False,160.8,876.2866466344419,485.3001419719099,20.43439731302904,32.69503570084647,50.45
1771402419.81587,1609,891,459,0.09,0.53,145.26,329.9,15.725135803222656,62.47520313396042,False,False,160.9,882.1657384289188,477.21602333648724,20.245189149566635,32.392302639306614,50.53
1771402419.831697,1610,898,452,0.15,0.68,145.26,329.9,15.826940536499023,62.557217534140605,False,False,161.0,888.8225244364277,469.7592214422629,19.990397793823366,31.984636470117387,50.68
1771402419.848389,1611,907,449,0.09,0.56,145.26,329.9,16.691923141479492,62.48418455781193,False,False,161.10000000000002,896.1904922516245,463.0042421888711,17.69079582853036,28.305273325648574,50.56
1771402419.864434,1612,917,443,0.14,0.82,145.26,329.9,16.045093536376953,62.48575153012452,False,False,161.20000000000002,904.1960235756221,457.01857909611647,18.98584662716146,30.377354603458336,50.82
1771402419.880029,1613,926,438,0.08,0.52,145.26,329.9,15.594959259033203,62.504499232783324,False,False,161.3,912.75912978571,451.8620389310224,19.16968354868837,30.67149367790139,50.52
1771402419.896023,1614,936,436,0.15,0.9,145.26,329.9,15.994071960449219,62.478646483484724,False,False,161.4,921.7942511552235,447.5861441383931,18.33144937631745,29.33031900210792,50.9
1771402419.912064,1615,948,434,0.09,0.61,145.26,329.9,16.041040420532227,62.513861774490955,False,False,161.5,931.2111117380524,444.2336180455735,19.66198635374487,31.45917816599179,50.61
1771402419.927894,1616,957,433,0.12,0.67,145.26,329.9,15.830039978027344,62.49790211110082,False,False,161.60000000000002,940.9156213760563,441.83795798508487,18.35256758779282,29.36410814046851,50.67
1771402419.943804,1617,968,434,0.09,0.58,145.26,329.9,15.909910202026367,62.50058735962353,False,False,161.70000000000002,950.810815816811,440.42310060035294,18.35004834341996,29.360077349471936,50.58
1771402419.959347,1618,978,436,0.1,0.5,145.26,329.9,15.542984008789062,62.59734793931751,False,False,161.8,960.7978255483837,440.0031826786755,17.661831089178964,28.25892974268634,50.5
1771402419.97647,1619,988,438,0.09,0.61,145.26,329.9,17.122983932495117,62.478320744978376,False,False,161.9,970.776863670803,440.58239990111946,17.415660029508153,27.865056047213045,50.61
1771402419.992,1620,999,442,0.08,0.49,145.26,329.9,15.530109405517578,62.57078048929668,False,False,162.0,980.6482229337811,442.15496492066205,18.35243132707038,29.363890123312608,50.49
1771402420.008381,1621,1009,445,0.08,0.49,145.26,329.9,16.380786895751953,62.45062988325477,False,False,162.10000000000002,990.3132719786026,444.70516518744967,18.689053793928917,29.902486070286265,50.49
1771402420.024266,1622,1017,451,0.11,0.63,145.26,329.9,15.885114669799805,62.528073974761995,False,False,162.20000000000002,999.6754408300468,448.20751994339923,17.548170710923767,28.077073137478028,50.63
1771402420.040251,1623,1027,458,0.08,0.53,145.26,329.9,15.98501205444336,62.48412250112041,False,False,162.3,1008.6411857916743,452.62703481751447,19.128899968059436,30.606239948895098,50.53
1771402420.056218,1624,1035,464,0.14,0.83,145.26,329.9,15.96689224243164,62.46188311757614,False,False,162.4,1017.1209241035097,457.9195514780706,18.88473481784416,30.215575708550652,50.83
1771402420.071859,1625,1042,474,0.05,0.35,145.26,329.9,15.640974044799805,62.507107420280896,False,False,162.5,1025.02992902337,464.03218884806887,19.68096969441353,31.48955151106165,50.35
1771402420.087714,1626,1047,480,0.1,0.61,145.26,329.9,15.855073928833008,62.49551196837406,False,False,162.60000000000002,1032.2891763884672,470.9038714754795,17.295892155775757,27.67342744924121,50.61
1771402420.103879,1627,1052,490,0.09,0.56,145.26,329.9,16.16501808166504,62.47163610005064,False,False,162.70000000000002,1038.8261341987138,478.46593977896174,17.50957696041897,28.01532313667035,50.56
1771402420.119705,1628,1057,500,0.12,0.66,145.26,329.9,15.825986862182617,62.53817399978231,False,False,162.8,1044.5754873325025,486.64283607171654,18.242322857351347,29.187716571762156,50.66
1771402420.135879,1629,1060,509,0.07,0.4,145.26,329.9,16.1740779876709,62.51887802100506,False,False,162.9,1049.479790153804,495.35285950890926,17.231345240333567,27.570152384533706,50.4
1771402420.151407,1630,1063,520,0.06,0.4,145.26,329.9,15.527963638305664,62.55088913059472,False,False,163.0,1053.490040489975,504.50898241550647,18.177209788232183,29.083535661171492,50.4
1771402420.168205,1631,1064,531,0.1,0.51,145.26,329.9,16.798019409179688,62.50657955524293,False,False,163.10000000000002,1056.5661692452697,514.01971983804,18.53622815107282,29.657965041716512,50.51
1771402420.185085,1632,1064,540,0.61,1.68,145.26,329.9,16.880035400390625,62.43340138388475,False,False,163.20000000000002,1058.6774407579962,523.7900436320103,17.06142791025324,27.298284656405183,51.68
1771402420.20027,1633,1063,551,0.11,0.74,145.26,329.9,15.184879302978516,62.447189621078444,False,False,163.3,1059.8027599010943,533.7223319517103,17.57100331332678,28.11360530132285,50.74
1771402420.215977,1634,1061,561,0.1,0.73,158.98,330.8,15.707015991210938,62.52019821967981,False,False,163.4,1059.930882857667,543.7173446554277,17.31569193602447,27.705107097639154,50.73
1771402420.231979,1635,1060,571,0.1,0.72,158.98,330.8,16.00193977355957,62.50527545631207,False,False,163.5,1059.060529465484,553.6752148801389,17.35023873998809,27.760381983980942,50.72
1771402420.248393,1636,1056,582,0.1,0.59,158.98,330.8,16.414165496826172,62.46199163957546,False,False,163.60000000000002,1057.200396007939,563.4964468781956,18.54244937184174,29.667918994946785,50.59
1771402420.264311,1637,1051,592,0.11,0.65,158.98,330.8,15.91801643371582,62.45309408778535,False,False,163.70000000000002,1054.369068323662,573.0829101459351,19.214757607533546,30.743612172053673,50.65
1771402420.279762,1638,1045,601,0.13,0.65,158.98,330.8,15.45095443725586,62.53660439717458,False,False,163.8,1050.5948361029618,582.3388199112527,19.48183341792204,31.170933468675265,50.65
1771402420.295354,1639,1038,609,0.07,0.45,158.98,330.8,15.591859817504883,62.52215532265618,False,False,163.9,1045.9154102265923,591.1716941833703,19.50646578308112,31.21034525292979,50.45
1771402420.31254,1640,1031,616,0.11,0.73,158.98,330.8,17.18616485595703,62.49712607069233,False,False,164.0,1040.3775459710973,599.4932778023209,18.98447381813348,30.37515810901357,50.73
1771402420.328361,1641,1024,623,0.11,0.58,158.98,330.8,15.820980072021484,62.483657079862994,False,False,164.10000000000002,1034.0365758455418,607.2204242553358,18.701012416040673,29.921619865665075,50.58
1771402420.34409,1642,1014,629,0.11,0.65,158.98,330.8,15.728950500488281,62.4988954709466,False,False,164.20000000000002,1026.9558567273775,614.2759264493072,19.612561420338334,31.380098272541336,50.65
1771402420.359954,1643,1006,633,0.1,0.65,158.98,330.8,15.864133834838867,62.55134000641773,False,False,164.3,1019.2061368214569,620.5892881385543,18.12257759411915,28.99612415059064,50.65
1771402420.376541,1644,995,639,0.09,0.7,158.98,330.8,16.586780548095703,62.46707709324256,False,False,164.4,1010.8648487673632,626.0974282999978,20.449200054892255,32.718720087827606,50.7
1771402420.392234,1645,986,641,0.07,0.5,158.98,330.8,15.693187713623047,62.47734354983823,False,False,164.5,1002.0153359580697,630.7453114178938,19.017087678343906,30.427340285350247,50.5
1771402420.407564,1646,975,643,0.09,0.5,158.98,330.8,15.329837799072266,62.49245471463003,False,False,164.60000000000002,992.7460198003041,634.4864973805152,19.68250354006727,31.49200566410763,50.5
1771402420.424253,1647,966,645,0.07,0.47,158.98,330.8,16.689062118530273,62.49316856437045,False,False,164.70000000000002,983.1495162370913,637.2836054943928,18.8055484188158,30.08887747010528,50.47
1771402420.439582,1648,954,645,0.07,0.56,158.98,330.8,15.329122543334961,62.54683154066455,False,False,164.8,973.3217103598504,639.108687979855,20.199902191561602,32.319843506498565,50.56
1771402420.456725,1649,943,643,0.14,0.94,158.98,330.8,17.142772674560547,62.475792509207835,False,False,164.9,963.3607983562658,639.9435092159993,20.58893502872839,32.94229604596542,50.94
1771402420.471836,1650,934,641,0.1,0.54,158.98,330.8,15.111207962036133,62.52754575554605,False,False,165.0,953.3663063664376,639.7797279449891,19.40471298852321,31.04754078163714,50.54
1771402420.487486,1651,922,638,0.07,0.48,158.98,330.8,15.649795532226562,62.53955718025788,False,False,165.10000000000002,943.4380960505856,638.6189806151451,21.447030080551013,34.31524812888162,50.48
1771402420.503821,1652,913,634,0.08,0.59,158.98,330.8,16.335010528564453,62.48385876155659,False,False,165.20000000000002,933.6753668043614,636.4728650300958,20.822724460357225,33.31635913657156,50.59
1771402420.519518,1653,904,630,0.1,0.51,158.98,330.8,15.697002410888672,62.545292592533684,False,False,165.3,924.1756645912611,633.3628244673553,20.45399790010039,32.72639664016062,50.51
1771402420.535986,1654,896,624,0.1,0.56,158.98,330.8,16.468048095703125,62.47904978348422,False,False,165.4,915.0339072956142,629.3199334241835,19.763383277561072,31.621413244097717,50.56
1771402420.551692,1655,888,617,0.07,0.41,158.98,330.8,15.706062316894531,62.541235728626894,False,False,165.5,906.3414363344552,624.384587131482,19.772213176913823,31.635541083062115,50.41
1771402420.567401,1656,881,609,0.06,0.33,158.98,330.8,15.70892333984375,62.52899061164097,False,False,165.60000000000002,898.1851040042773,618.606097937997,19.687684405033938,31.5002950480543,50.33
1771402420.584094,1657,873,601,0.07,0.47,158.98,330.8,16.693115234375,62.47149652874401,False,False,165.70000000000002,890.6464056816028,612.0422025976385,20.816480770941997,33.3063692335072,50.47
1771402420.599837,1658,867,591,0.04,0.57,158.98,330.8,15.743017196655273,62.48418455781193,False,False,165.8,883.8006655481075,604.7584853829105,21.715392763915872,34.74462842226539,50.57
1771402420.61551,1659,862,582,0.06,0.45,158.98,330.8,15.672922134399414,62.57717516012419,False,False,165.9,877.7162839763043,596.8277227885458,21.607011480484758,34.57121836877561,50.45
1771402420.632423,1660,859,573,0.14,0.75,158.98,330.8,16.91293716430664,62.44615141821199,False,False,166.0,872.4540540956295,588.3291563728257,20.39594584006016,32.63351334409626,50.75
1771402420.647857,1661,857,563,0.1,0.63,158.98,330.8,15.434026718139648,62.54137561172484,False,False,166.10000000000002,868.0665543675877,579.3477010021207,19.741224724558375,31.5859595592934,50.63
1771402420.6637,1662,854,551,0.14,0.81,158.98,330.8,15.84315299987793,62.461929626958245,False,False,166.20000000000002,864.5976232391495,569.9730964096259,21.73218823974981,34.771501183599696,50.81
1771402420.679851,1663,854,542,0.1,0.69,158.98,330.8,16.150951385498047,62.49602412642533,False,False,166.3,862.0819211234726,560.2990105455946,20.004280441790808,32.00684870686529,50.69
1771402420.695532,1664,853,530,0.14,0.64,158.98,330.8,15.681028366088867,62.48952189445439,False,False,166.4,860.5445840845164,550.4221036781523,21.771152189297204,34.833843502875524,50.64
1771402420.712244,1665,856,521,0.07,0.51,158.98,330.8,16.711950302124023,62.4964897319382,False,False,166.5,860.0009726857978,540.4410625958475,19.84849357730103,31.75758972368165,50.51
1771402420.728091,1666,858,511,0.12,0.66,158.98,330.8,15.846967697143555,62.47630434410221,False,False,166.60000000000002,860.4565185127194,530.4556145618781,19.61008468068649,31.376135489098385,50.66
1771402420.744362,1667,860,501,0.09,0.6,158.98,330.8,16.271114349365234,62.449514081017185,False,False,166.70000000000002,861.9066699019617,520.5655308722548,19.658214273636446,31.453142837818312,50.6
1771402420.760172,1668,865,490,0.12,0.65,158.98,330.8,15.809774398803711,62.49824357498613,False,False,166.8,864.3369374201994,510.86962997397455,20.880160613255562,33.4082569812089,50.65
1771402420.775859,1669,870,482,0.1,0.57,158.98,330.8,15.687227249145508,62.500711538547506,False,False,166.9,867.7230386377303,501.46479010377425,19.597515322847872,31.356024516556595,50.57
1771402420.791644,1670,877,473,0.14,0.66,158.98,330.8,15.784978866577148,62.50344359972282,False,False,167.0,872.0311407504847,492.4449813128101,20.06979971242932,32.11167953988691,50.66
1771402420.808216,1671,885,464,0.06,0.45,158.98,330.8,16.571998596191406,62.51125302330688,False,False,167.10000000000002,877.2181986262232,483.9003265489668,21.36771933025207,34.18835092840331,50.45
1771402420.824067,1672,892,457,0.12,0.73,158.98,330.8,15.851020812988281,62.52389507261255,False,False,167.20000000000002,883.2323848972615,475.91620117816205,20.849310338773044,33.358896542036874,50.73
1771402420.839562,1673,901,451,0.08,0.43,158.98,330.8,15.494823455810547,62.530419997351274,False,False,167.3,890.0136078024066,468.5723799418976,20.724124838982892,33.15859974237263,50.43
1771402420.856623,1674,908,446,0.14,0.86,158.98,330.8,17.06099510192871,62.46096844713689,False,False,167.4,897.4941116039645,461.94223987442155,19.092634789456117,30.54821566312979,50.86
1771402420.871965,1675,918,443,0.09,0.6,158.98,330.8,15.341997146606445,62.50645535300026,False,False,167.5,905.5991535806758,456.0920271436552,18.03280806324602,28.85249290119363,50.6
1771402420.887526,1676,928,439,0.07,0.44,158.98,330.8,15.561103820800781,62.523972742278985,False,False,167.60000000000002,914.2477508322825,451.0801951413798,18.304520529770897,29.287232847633437,50.44
1771402420.904186,1677,938,435,0.09,0.48,158.98,330.8,16.659975051879883,62.47514109510756,False,False,167.70000000000002,923.3534894338877,446.9568204362737,18.9072955947838,30.25167295165408,50.48
1771402420.919848,1678,949,434,0.07,0.44,158.98,330.8,15.661954879760742,62.4674027145188,False,False,167.8,932.8253878553437,443.7631024253821,18.892756469042965,30.228410350468742,50.44
1771402420.935614,1679,960,433,0.1,0.45,158.98,330.8,15.766143798828125,62.5557713732885,False,False,167.9,942.5688060186166,441.5309516833671,19.406794177312296,31.050870683699674,50.45
1771402420.952375,1680,969,434,0.06,0.5,158.98,330.8,16.760826110839844,62.47560638950732,False,False,168.0,952.4863909101647,440.28267112259203,17.668368391182682,28.269389425892292,50.5
1771402420.968089,1681,980,437,0.04,0.56,158.98,330.8,15.714168548583984,62.51900227262113,False,False,168.10000000000002,962.4790493000723,440.03073314979343,17.781143294359676,28.44982927097548,50.56
1771402420.984509,1682,990,438,0.1,0.67,158.98,330.8,16.41988754272461,62.48418455781193,False,False,168.20000000000002,972.4469378488357,440.77765504591605,17.771475978003092,28.43436156480495,50.67
1771402421.00054,1683,1000,442,0.1,0.66,158.98,330.8,16.03102684020996,62.48119046294899,False,False,168.3,982.2904607090239,442.51597381427325,17.717054238096154,28.347286780953844,50.66
1771402421.016439,1684,1009,447,0.1,0.73,158.98,330.8,15.898942947387695,62.48561189573873,False,False,168.4,991.9112646540544,445.2283207483433,17.18032953975331,27.488527263605295,50.73
1771402421.032402,1685,1019,451,0.1,0.82,158.98,330.8,15.963077545166016,62.464658298604306,False,False,168.5,1001.2132217911233,448.8875949741437,17.91177640673965,28.658842250783444,50.82
1771402421.048008,1686,1029,459,0.07,0.49,158.98,330.8,15.605926513671875,62.48086469791559,False,False,168.60000000000002,1010.1033900393376,453.457234233207,19.692742834631726,31.508388535410763,50.49
1771402421.064114,1687,1035,465,0.11,0.87,158.98,330.8,16.106128692626953,62.48469653022035,False,False,168.70000000000002,1018.4929417762551,458.8915802005758,17.601015983405702,28.161625573449122,50.87
1771402421.079772,1688,1043,475,0.06,0.45,158.98,330.8,15.657901763916016,62.49563612713081,False,False,168.8,1026.2980513741402,465.1363346877014,19.397086928039055,31.03533908486249,50.45
1771402421.095402,1689,1049,484,0.08,0.53,158.98,330.8,15.630006790161133,62.53107256472866,False,False,168.9,1033.440732757917,472.12910217198976,19.5706160443052,31.31298567088832,50.53
1771402421.112042,1690,1052,491,0.11,0.61,158.98,330.8,16.63994789123535,62.45868963899737,False,False,169.0,1039.8496186162556,479.8000132322395,16.524874322319437,26.4397989157111,50.61
1771402421.127897,1691,1058,502,0.11,0.64,158.98,330.8,15.855073928833008,62.52005843129851,False,False,169.10000000000002,1045.4606734801566,488.0724226608052,18.74065420711079,29.985046731377263,50.64
1771402421.143956,1692,1061,510,0.07,0.54,158.98,330.8,16.058921813964844,62.57359647281961,False,False,169.20000000000002,1050.2178335441852,496.86367527716686,16.994650355468206,27.19144056874913,50.54
1771402421.159902,1693,1064,522,0.11,0.69,158.98,330.8,15.946149826049805,62.52395720833026,False,False,169.3,1054.0735668374912,506.0859317911858,18.756109465572678,30.009775144916283,50.69
1771402421.176038,1694,1064,532,0.11,0.66,158.98,330.8,16.13593101501465,62.49602412642533,False,False,169.4,1056.9893481475438,515.6470464642467,17.792367148270454,28.467787437232726,50.66
1771402421.191847,1695,1064,542,0.07,0.59,158.98,330.8,15.809059143066406,62.50858238455789,False,False,169.5,1058.9360439513223,525.4514877990207,17.30597893587359,27.689566297397743,50.59
1771402421.207764,1696,1063,554,0.08,0.46,158.98,330.8,15.916824340820312,62.540987049108914,False,False,169.60000000000002,1059.8942035078474,535.401293058611,18.856242248718008,30.16998759794881,50.46
1771402421.223614,1697,1061,563,0.12,0.73,158.98,330.8,15.850067138671875,62.545416949166025,False,False,169.70000000000002,1059.8542532035553,545.3970470778264,17.640200886096018,28.22432141775363,50.73
1771402421.239762,1698,1058,574,0.08,0.46,158.98,330.8,16.148090362548828,62.499997516473236,False,False,169.8,1058.816592208681,555.3388755866666,18.678982499193715,29.886371998709944,50.46
1771402421.255547,1699,1055,584,0.1,0.67,158.98,330.8,15.784978866577148,62.48742719143296,False,False,169.9,1056.7915884888803,565.1274431210031,18.95740468694121,30.331847499105937,50.67
1771402421.271994,1700,1050,592,0.07,0.39,158.98,330.8,16.447067260742188,62.53556321911058,False,False,170.0,1053.7994752119441,574.664945549703,17.7465524731126,28.39448395698016,50.39
1771402421.287587,1701,1044,601,0.08,0.4,158.98,330.8,15.592813491821289,62.55043826127157,False,False,170.10000000000002,1049.8701485846732,583.8560873011804,18.121048176937443,28.993677083099907,50.4
1771402421.304021,1702,1038,609,0.09,0.51,158.98,330.8,16.4339542388916,62.504499232783324,False,False,170.20000000000002,1045.0428691398668,592.6090335252368,17.840005260596175,28.54400841695388,50.51
1771402421.319764,1703,1030,616,0.09,0.53,158.98,330.8,15.743017196655273,62.51238656105942,False,False,170.3,1039.36586945805,600.8363276765434,17.822919767490276,28.516671627984444,50.53
1771402421.336453,1704,1022,624,0.09,0.58,158.98,330.8,16.689062118530273,62.5057256747926,False,False,170.4,1032.8958722434768,608.4557653515224,18.982709573532983,30.372335317652773,50.58
1771402421.352211,1705,1013,630,0.1,0.57,158.98,330.8,15.758037567138672,62.50150319078788,False,False,170.5,1025.6975235696186,615.3912156475766,19.355714532319173,30.969143251710676,50.57
1771402421.367986,1706,1003,635,0.08,0.53,158.98,330.8,15.774965286254883,62.47253557454233,False,False,170.60000000000002,1017.8427469569647,621.5733818379044,20.0145250380617,32.023240060898715,50.53
1771402421.384137,1707,994,638,0.1,0.56,158.98,330.8,16.150951385498047,62.507557665152774,False,False,170.70000000000002,1009.4100247369888,626.9404937614812,18.967908177615247,30.348653084184395,50.56
1771402421.400457,1708,984,642,0.13,0.86,158.98,330.8,16.319990158081055,62.443098991836884,False,False,170.8,1000.4836138826238,631.4389250100996,19.576665486586997,31.322664778539195,50.86
1771402421.415828,1709,974,644,0.1,0.55,158.98,330.8,15.371084213256836,62.558446045883805,False,False,170.9,991.1527041404472,635.0237287457073,19.359460347859798,30.975136556575677,50.55
1771402421.431974,1710,963,644,0.14,0.87,158.98,330.8,16.145944595336914,62.49102706407324,False,False,171.0,981.5105268762142,637.6590867943565,19.566470952027867,31.30635352324459,50.87
1771402421.44803,1711,952,645,0.09,0.55,158.98,330.8,16.056060791015625,62.464596280692035,False,False,171.10000000000002,971.6534235378659,639.3186675295592,20.45811808056713,32.7329889289074,50.55
1771402421.463929,1712,941,643,0.16,0.77,158.98,330.8,15.898942947387695,62.492966822573216,False,False,171.20000000000002,961.6798830436398,639.9858889691925,20.898383382564745,33.437413412103595,50.77
1771402421.479956,1713,931,640,0.1,0.67,158.98,330.8,16.026973724365234,62.47149652874401,False,False,171.3,951.6895577133373,639.6540844571864,20.69244924933429,33.10791879893487,50.67
1771402421.495721,1714,921,638,0.11,0.66,158.98,330.8,15.765190124511719,62.51724726432341,False,False,171.4,941.782267575296,638.3265692745449,20.78483324595792,33.25573319353267,50.66
1771402421.512344,1715,913,634,0.1,0.54,158.98,330.8,16.62278175354004,62.45758904971774,False,False,171.5,932.0570029976607,636.0166075141549,19.163404424031597,30.661447078450557,50.54
1771402421.528289,1716,903,628,0.12,0.69,158.98,330.8,15.945196151733398,62.44223135149942,False,False,171.60000000000002,922.6109356093433,632.747279550353,20.177350138286474,32.28376022125836,50.69
1771402421.544156,1717,894,622,0.09,0.55,158.98,330.8,15.866994857788086,62.49596204621446,False,False,171.70000000000002,913.5384473932386,628.5512514274594,20.607518574640196,32.97202971942431,50.55
1771402421.559858,1718,885,615,0.08,0.51,158.98,330.8,15.702009201049805,62.498631606657696,False,False,171.8,904.9301876526331,623.4704484714548,21.6555045468061,34.64880727488976,50.51
1771402421.576271,1719,878,607,0.09,0.56,158.98,330.8,16.412973403930664,62.45049040579454,False,False,171.9,896.8721672733428,617.5556363859854,21.623601853210552,34.59776296513688,50.56
1771402421.591939,1720,873,599,0.08,0.54,158.98,330.8,15.667915344238281,62.531523154914574,False,False,172.0,889.44489933137,610.8659140182323,20.27892081711884,32.44627330739014,50.54
1771402421.608342,1721,867,591,0.1,0.62,158.98,330.8,16.4029598236084,62.46844162414119,False,False,172.10000000000002,882.7225946328608,603.4681228627635,20.06624204255071,32.10598726808114,50.62
1771402421.624175,1722,862,581,0.09,0.62,158.98,330.8,15.833139419555664,62.46909289854051,False,False,172.20000000000002,876.772420224268,595.4361792034242,20.654967181666976,33.04794749066716,50.62
1771402421.640356,1723,858,570,0.08,0.51,158.98,330.8,16.180992126464844,62.46713911608107,False,False,172.3,871.6538282814141,586.8503355662489,21.687803840719692,34.70048614515151,50.51
1771402421.65635,1724,856,561,0.14,0.8,158.98,330.8,15.993833541870117,62.446802227911824,False,False,172.4,867.4179620830105,577.7963788627576,20.309805538959626,32.4956888623354,50.8
1771402421.671624,1725,855,550,0.08,0.43,158.98,330.8,15.2740478515625,62.54039644317957,False,False,172.5,864.1071450039204,568.3647732354915,20.498902070927063,32.7982433134833,50.43
1771402421.68825,1726,853,540,0.07,0.49,158.98,330.8,16.62611961364746,62.48964602941151,False,False,172.60000000000002,861.754457633987,558.6497561702009,20.602279817370256,32.96364770779241,50.49
1771402421.703639,1727,854,529,0.08,0.41,158.98,330.8,15.388965606689453,62.54711135755222,False,False,172.70000000000002,860.383407247717,548.7483969060503,20.754446955992393,33.20711512958783,50.41
1771402421.720346,1728,856,519,0.11,0.58,158.98,330.8,16.70694351196289,62.488668479974734,False,False,172.8,860.00769292736,538.7596265518499,20.161955363222685,32.2591285811563,50.58
1771402421.735539,1729,858,508,0.07,0.43,158.98,330.8,15.192985534667969,62.520850573724616,False,False,172.9,860.6310686862106,528.7832495991305,20.949128533934676,33.518605654295484,50.43
1771402421.752252,1730,862,498,0.11,0.57,158.98,330.8,16.71314239501953,62.460441361084236,False,False,173.0,862.2473059597469,518.9189467086519,20.92040849594349,33.472653593509584,50.57
1771402421.768007,1731,865,490,0.07,0.55,158.98,330.8,15.754938125610352,62.51361331261621,False,False,173.10000000000002,864.8402558393896,509.2652787341879,19.265941007456714,30.825505611930744,50.55
1771402421.784081,1732,872,479,0.12,0.64,158.98,330.8,16.073942184448242,62.49909725102382,False,False,173.20000000000002,868.384010427055,499.91870193506657,21.228930054051343,33.96628808648215,50.64
1771402421.800671,1733,877,472,0.17,0.93,158.98,330.8,16.590118408203125,62.4278723074908,False,False,173.3,872.8431616983135,490.9726042170944,19.42264182455301,31.076226919284817,50.93
1771402421.815594,1734,885,464,0.08,0.55,158.98,330.8,14.922857284545898,62.56706253468237,False,False,173.4,878.173155287662,482.51637203148255,19.734787608045004,31.575660172872006,50.55
1771402421.832724,1735,893,457,0.15,0.92,158.98,330.8,17.130136489868164,62.45061438572842,False,False,173.5,884.3207356610174,474.634497254971,19.65464634384235,31.447434150147764,50.92
1771402421.848215,1736,902,451,0.1,0.68,158.98,330.8,15.491008758544922,62.45517098978464,False,False,173.60000000000002,891.224478227411,467.40573297492324,19.628039736968695,31.40486357914991,50.68
1771402421.864299,1737,911,444,0.14,0.85,158.98,330.8,16.083955764770508,62.492640934729174,False,False,173.70000000000002,898.8154030731896,460.9023066145179,20.836323359940756,33.33811737590521,50.85
1771402421.880282,1738,921,441,0.1,0.72,158.98,330.8,15.982866287231445,62.47176016395787,False,False,173.8,907.017664186522,455.18919826019896,19.92081981415683,31.873311702650927,50.72
1771402421.895997,1739,930,438,0.09,0.56,158.98,330.8,15.71512222290039,62.47507905637791,False,False,173.9,915.7493072856709,450.32349140214023,18.84013490336144,30.144215845378305,50.56
1771402421.911566,1740,939,435,0.09,0.5,158.98,330.8,15.568971633911133,62.55270822111789,False,False,174.0,924.923088679087,446.35380257487867,18.085028759893397,28.936046015829437,50.5
1771402421.928339,1741,950,434,0.11,0.58,158.98,330.8,16.772985458374023,62.48373464959107,False,False,174.10000000000002,934.4473469755391,443.31979559697083,18.131288042182522,29.010060867492037,50.58
1771402421.943719,1742,961,434,0.12,0.6,158.98,330.8,15.379905700683594,62.55147993471893,False,False,174.20000000000002,944.2269189344247,441.25178526323225,18.273604951853176,29.237767922965084,50.6
1771402421.959512,1743,973,435,0.1,0.64,158.98,330.8,15.793085098266602,62.56700031325984,False,False,174.3,954.1640903054302,440.17043444932347,19.532662041225656,31.25225926596105,50.64
1771402421.976098,1744,983,437,0.08,0.48,158.98,330.8,16.5860652923584,62.522201921839496,False,False,174.4,964.1595721570087,440.08654765512983,19.091581855214326,30.54653096834292,50.48
1771402421.991807,1745,994,439,0.09,0.54,158.98,330.8,15.70892333984375,62.53876456373651,False,False,174.5,974.113492938566,441.0009630497698,19.986921129353803,31.979073806966085,50.54
1771402422.008274,1746,1001,442,0.11,0.68,158.98,330.8,16.46709442138672,62.48267971779063,False,False,174.60000000000002,983.9263963639845,442.90454409688624,17.09754781081115,27.356076497297842,50.68
1771402422.024112,1747,1011,447,0.08,0.55,158.98,330.8,15.837907791137695,62.50013721516057,False,False,174.70000000000002,993.5002351459464,445.77827084389554,17.542359934685145,28.067775895496233,50.55
1771402422.039993,1748,1020,453,0.11,0.71,158.98,330.8,15.881061553955078,62.48561189573873,False,False,174.8,1002.7393506520353,449.5934299630698,17.59359927160737,28.14975883457179,50.71
1771402422.055959,1749,1028,460,0.14,0.75,158.98,330.8,15.965938568115234,62.46375905092944,False,False,174.9,1011.5514286941603,454.3119016456141,17.404308687576744,27.84689390012279,50.75
1771402422.072542,1750,1035,467,0.12,0.65,158.98,330.8,16.582965850830078,62.46746473800392,False,False,175.0,1019.84842190141,459.8865404821959,16.73832802848329,26.781324845573266,50.65
1771402422.088278,1751,1043,476,0.08,0.56,158.98,330.8,15.736103057861328,62.47520313396042,False,False,175.10000000000002,1027.547429460281,466.2616465242926,18.2651981840553,29.22431709448848,50.56
1771402422.103574,1752,1049,484,0.08,0.47,158.98,330.8,15.295982360839844,62.52487372451198,False,False,175.20000000000002,1034.5715254321942,473.37352181965775,17.919344766790665,28.670951626865065,50.47
1771402422.120448,1753,1053,493,0.1,0.66,158.98,330.8,16.874074935913086,62.46447224523695,False,False,175.3,1040.850527372058,481.15110686121534,16.97073816165493,27.153181058647885,50.66
1771402422.135984,1754,1059,504,0.07,0.4,158.98,330.8,15.535831451416016,62.50352121858627,False,False,175.4,1046.3216975680514,489.5166905901578,19.248522125534162,30.79763540085466,50.4
1771402422.151798,1755,1061,513,0.1,0.62,158.98,330.8,15.814065933227539,62.50319522065526,False,False,175.5,1050.9303698961044,498.3866868591599,17.746728469820315,28.394765551712503,50.62
1771402422.167811,1756,1063,523,0.17,0.89,158.98,330.8,16.012907028198242,62.496939823862,False,False,175.60000000000002,1054.6304960257407,507.67246959753544,17.46372769524356,27.941964312389693,50.89
1771402422.183851,1757,1065,535,0.1,0.63,158.98,330.8,16.04008674621582,62.48457241492668,False,False,175.70000000000002,1057.3851055197697,517.281258333629,19.28575702907805,30.857211246524876,50.63
1771402422.199965,1758,1065,545,0.1,0.62,158.98,330.8,16.113996505737305,62.48679105016831,False,False,175.8,1059.1666752306814,527.1170452266354,18.810309654297313,30.0964954468757,50.62
1771402422.216032,1759,1063,556,0.08,0.57,158.98,330.8,16.067028045654297,62.46844162414119,False,False,175.9,1059.9574043028329,537.0815543451985,19.161549378119165,30.658479004990664,50.57
1771402422.232046,1760,1061,566,0.1,0.79,158.98,330.8,16.01386070251465,62.49662941494491,False,False,176.0,1059.7493920327151,547.0752236080345,18.96605340532735,30.34568544852376,50.79
1771402422.247812,1761,1058,574,0.07,0.45,156.23,330.5,15.766143798828125,62.4853481436016,False,False,176.10000000000002,1058.5447168101716,556.9981995753399,17.010524215416083,27.216838744665733,50.45
1771402422.26378,1762,1054,584,0.13,0.8,156.23,330.5,15.968084335327148,62.515678711978225,False,False,176.20000000000002,1056.3554153518135,566.7513351513434,17.40874551887187,27.853992830194994,50.8
1771402422.280209,1763,1050,594,0.07,0.55,156.23,330.5,16.42894744873047,62.47103129555935,False,False,176.3,1053.203362434126,576.2371802293303,18.049357248657447,28.878971597851915,50.55
1771402422.295965,1764,1044,603,0.09,0.55,156.23,330.5,15.755891799926758,62.53178729700819,False,False,176.4,1049.1200523279322,585.3609553808851,18.367112753938475,29.38738040630156,50.55
1771402422.311588,1765,1037,612,0.08,0.42,156.23,330.5,15.623092651367188,62.54058294911006,False,False,176.5,1044.1462841180503,594.0314988606125,19.337435452822284,30.939896724515656,50.42
1771402422.328375,1766,1029,619,0.09,0.63,156.23,330.5,16.787052154541016,62.47467580763842,False,False,176.60000000000002,1038.3317540523226,602.1621774641658,19.25081560457338,30.801304967317407,50.63
1771402422.343705,1767,1020,624,0.14,0.61,156.23,330.5,15.329837799072266,62.5281361187859,False,False,176.70000000000002,1031.734558993141,609.6717521385788,18.5202203426911,29.63235254830576,50.61
1771402422.36062,1768,1012,630,0.12,0.76,156.23,330.5,16.915082931518555,62.48938224321715,False,False,176.8,1024.4206159327928,616.4851896960424,18.355429651792505,29.36868744286801,50.76
1771402422.376004,1769,1002,635,0.11,0.68,156.23,330.5,15.38395881652832,62.488544348901364,False,False,176.9,1016.4630033726686,622.5344125207057,19.09369890203996,30.54991824326394,50.68
1771402422.391795,1770,991,639,0.09,0.58,156.23,330.5,15.790939331054688,62.51165674436836,False,False,177.0,1007.9412311470322,627.7589787777116,20.33140110511602,32.53024176818563,50.58
1771402422.408217,1771,981,643,0.08,0.46,156.23,330.5,16.422033309936523,62.487830604799825,False,False,177.10000000000002,998.9404459870361,632.1066863280333,20.988660866515914,33.58185738642546,50.46
1771402422.424114,1772,971,644,0.12,0.67,156.23,330.5,15.897035598754883,62.487954733037554,False,False,177.20000000000002,989.5505807627402,635.5340943149866,20.39106681128989,32.625706898063825,50.67
1771402422.439947,1773,960,645,0.09,0.57,156.23,330.5,15.832901000976562,62.50058735962353,False,False,177.3,979.8654559035863,638.0069572109178,21.06036527953078,33.69658444724925,50.57
1771402422.455765,1774,950,644,0.11,0.67,156.23,330.5,15.818119049072266,62.49714159131163,False,False,177.4,969.9818419756905,639.5005669871903,20.482160681388777,32.77145709022204,50.67
1771402422.471708,1775,940,642,0.12,0.53,156.23,330.5,15.943050384521484,62.541422239563204,False,False,177.5,959.9984927823318,639.9999999886414,20.098251506298062,32.1572024100769,50.53
1771402422.488435,1776,931,640,0.1,0.61,156.23,330.5,16.726970672607422,62.49049947059256,False,False,177.60000000000002,950.0151586485911,639.5002660458111,19.021724224056477,30.434758758490364,50.61
1771402422.504235,1777,922,638,0.08,0.42,156.23,330.5,15.799999237060547,62.49486014299468,False,False,177.70000000000002,940.1315897490867,638.0063583350662,18.13159086394827,29.01054538231723,50.42
1771402422.519962,1778,911,633,0.09,0.5,156.23,330.5,15.727043151855469,62.49323063903165,False,False,177.8,930.4465394371862,635.5332034884323,19.610839247616166,31.377342796185864,50.5
1771402422.535866,1779,903,628,0.09,0.67,156.23,330.5,15.903949737548828,62.52638059765461,False,False,177.9,921.0567775341541,632.1055124516206,18.517625317743732,29.628200508389973,50.67
1771402422.552108,1780,892,620,0.08,0.57,156.23,330.5,16.242027282714844,62.48899432638871,False,False,178.0,912.0561234370828,627.7575335804269,21.50412552453484,34.406600839255745,50.57
1771402422.568476,1781,884,613,0.19,0.98,156.23,330.5,16.36791229248047,62.49127534644088,False,False,178.10000000000002,903.5345087064871,622.5327104424798,21.736365813630982,34.77818530180957,50.98
1771402422.583997,1782,877,606,0.12,0.76,156.23,330.5,15.521049499511719,62.5115946330964,False,False,178.20000000000002,895.5770784998889,616.48324774348,21.330877357535307,34.12940377205649,50.76
1771402422.599937,1783,871,597,0.09,0.57,156.23,330.5,15.939950942993164,62.52729718488541,False,False,178.3,888.2633408295331,609.6695897150277,21.413580740823352,34.261729185317364,50.57
1771402422.616402,1784,866,590,0.11,0.64,156.23,330.5,16.464948654174805,62.496613894579994,False,False,178.4,881.6663721446218,602.1598161758473,19.831700522249214,31.730720835598742,50.64
1771402422.632364,1785,861,580,0.13,0.81,156.23,330.5,15.96212387084961,62.45185421214224,False,False,178.5,875.8520871755867,594.0289623007413,20.43027842949891,32.68844548719825,50.81
1771402422.647836,1786,857,569,0.11,0.73,156.23,330.5,15.471935272216797,62.52697093889254,False,False,178.60000000000002,870.8785803358899,585.3582688939244,21.452457979114772,34.32393276658364,50.73
1771402422.663723,1787,855,560,0.12,0.67,156.23,330.5,15.887022018432617,62.49453423540385,False,False,178.70000000000002,866.7955452618536,576.2343706577722,20.067129308358243,32.10740689337319,50.67
1771402422.680182,1788,853,547,0.11,0.66,156.23,330.5,16.458988189697266,62.51067850617162,False,False,178.8,863.6437782902643,566.748430567498,22.434137517889784,35.894620028623656,50.66
1771402422.696036,1789,854,537,0.11,0.66,156.23,330.5,15.854120254516602,62.46765080919829,False,False,178.9,861.4547708348664,556.9952290008489,21.339699880662877,34.14351980906061,50.66
1771402422.712125,1790,855,528,0.1,0.74,156.23,330.5,16.08896255493164,62.50827185997811,False,False,179.0,860.2503947345645,547.0722167238991,19.781711140144584,31.650737824231335,50.74
1771402422.727883,1791,857,518,0.08,0.56,156.23,330.5,15.758037567138672,62.50807002065567,False,False,179.10000000000002,860.0426837172391,537.0785411952054,19.319644363711802,30.911430981938885,50.56
1771402422.74409,1792,858,508,0.11,0.64,156.23,330.5,16.206979751586914,62.499407684456,False,False,179.20000000000002,860.8337131627154,527.1140559171861,19.322967264213403,30.916747622741447,50.64
1771402422.75991,1793,862,498,0.1,0.64,156.23,330.5,15.820026397705078,62.54958318213226,False,False,179.3,862.6155793662535,517.2783227329155,19.288148313163816,30.861037301062105,50.64
1771402422.776273,1794,867,487,0.11,0.63,156.23,330.5,16.362905502319336,62.4558219875018,False,False,179.4,865.3704785097544,507.6696170371097,20.733750474719876,33.1740007595518,50.63
1771402422.79208,1795,873,478,0.1,0.56,156.23,330.5,15.806913375854492,62.54196623614815,False,False,179.5,869.0708845516247,498.3839458408653,20.759171376767217,33.214674202827545,50.56
1771402422.808091,1796,879,470,0.09,0.64,156.23,330.5,16.01099967956543,62.50808554671112,False,False,179.60000000000002,873.679824257887,489.5140885013379,20.22631750875612,32.36210801400979,50.64
1771402422.823867,1797,887,463,0.09,0.56,156.23,330.5,15.77615737915039,62.5281361187859,False,False,179.70000000000002,879.1512466265069,481.1486697010841,19.773141921226546,31.637027073962475,50.56
1771402422.840594,1798,894,457,0.1,1.07,156.23,330.5,16.726970672607422,62.479685767139266,False,False,179.8,885.43048301379,473.3712739395136,18.47850729305645,29.56561166889032,51.07
1771402422.85679,1799,902,451,0.15,0.97,156.23,330.5,16.196012496948242,62.44841381507735,False,False,179.9,892.454793365394,466.2596103842109,17.999074386624496,28.798519018599194,50.97
1771402422.872439,1800,912,444,0.1,0.58,156.23,330.5,15.648841857910156,62.44322294242484,False,False,180.0,900.1539930942142,459.88473642661694,19.815466962830204,31.704747140528326,50.58
1771402422.888178,1801,922,440,0.09,0.55,156.23,330.5,15.739202499389648,62.51047665130679,False,False,180.10000000000002,908.4511543415796,454.3103477000615,19.706782334322213,31.53085173491554,50.55
1771402422.903706,1802,933,436,0.07,0.76,156.23,330.5,15.527963638305664,62.50083571796493,False,False,180.20000000000002,917.2633746149787,449.5921416540556,20.79393404943877,33.270294479102034,50.76
1771402422.919473,1803,943,434,0.09,0.63,156.23,330.5,15.76685905456543,62.50254323499492,False,False,180.3,926.5026051223747,445.7772610437775,20.269877045546608,32.431803272874575,50.63
1771402422.936224,1804,954,433,0.1,0.54,156.23,330.5,16.75105094909668,62.4918029530228,False,False,180.4,936.0765305266214,442.90382289525337,20.47770655868672,32.764330493898754,50.54
1771402422.952451,1805,962,434,0.1,0.61,156.23,330.5,16.227006912231445,62.45810058638952,False,False,180.5,945.8894913297984,441.00053765263084,17.5657626375442,28.10522022007072,50.61
1771402422.968512,1806,972,435,0.13,0.92,156.23,330.5,16.061067581176758,62.48451035746475,False,False,180.60000000000002,955.8434396712969,440.0864223129116,16.938303740348626,27.1012859845578,50.92
1771402422.983614,1807,983,437,0.11,0.52,156.23,330.5,15.101909637451172,62.532439892924316,False,False,180.70000000000002,965.8389189896208,440.1706104144043,17.45151775189561,27.922428403032978,50.52
1771402422.999561,1808,993,440,0.11,0.57,156.23,330.5,15.947103500366211,62.5281361187859,False,False,180.8,975.7760577594903,441.2522607774273,17.26940483511511,27.63104773618418,50.57
1771402423.015783,1809,1005,444,0.08,0.49,156.23,330.5,16.222000122070312,62.51145488318578,False,False,180.9,985.5555673750985,443.32056590909934,19.45629951425022,31.13007922280035,50.49
1771402423.031676,1810,1015,449,0.12,0.76,156.23,330.5,15.892982482910156,62.556424469909764,False,False,181.0,995.0797342090422,446.3548599882356,20.095117687245384,32.152188299592616,50.76
1771402423.048036,1811,1023,454,0.08,0.52,156.23,330.5,16.360044479370117,62.515756361232604,False,False,181.10000000000002,1004.2533959345901,450.3248253514028,19.103457087211567,30.565531339538506,50.52
1771402423.063874,1812,1029,461,0.11,0.69,156.23,330.5,15.837907791137695,62.480476886828754,False,False,181.20000000000002,1012.9848923561848,455.1907954169861,17.036153636613474,27.257845818581558,50.69
1771402423.079765,1813,1038,468,0.12,0.64,156.23,330.5,15.891075134277344,62.54449983062714,False,False,181.3,1021.1869812478334,460.90415102056687,18.249073190154846,29.198517104247752,50.64
1771402423.095536,1814,1043,477,0.11,0.65,156.23,330.5,15.770912170410156,62.52917704954937,False,False,181.4,1028.7777100485805,467.40780620153856,17.1546994531962,27.44751912511392,50.65
1771402423.111751,1815,1049,485,0.08,0.6,156.23,330.5,16.215085983276367,62.50305550829725,False,False,181.5,1035.6812347054106,474.63677858715545,16.875599753016164,27.000959604825862,50.6
1771402423.127655,1816,1055,495,0.12,0.81,156.23,330.5,15.903949737548828,62.5101505808174,False,False,181.60000000000002,1041.8285774819562,482.51883867492336,18.145681557092832,29.03309049134853,50.81
1771402423.144516,1817,1059,504,0.09,0.61,156.23,330.5,16.8609619140625,62.45673650721797,False,False,181.70000000000002,1047.1583161612318,490.9752315259035,17.60312670922872,28.165002734765956,50.61
1771402423.160351,1818,1061,513,0.11,0.69,156.23,330.5,15.835046768188477,62.47487743135746,False,False,181.8,1051.6171977561332,499.92146365804285,16.096120364715375,25.7537925835446,50.69
1771402423.175769,1819,1064,526,0.08,0.49,156.23,330.5,15.418052673339844,62.51712301968312,False,False,181.9,1055.1606705956747,509.26814727710826,18.923230164501785,30.277168263202856,50.49
1771402423.191577,1820,1064,535,0.12,0.73,156.23,330.5,15.807867050170898,62.53054429484926,False,False,182.0,1057.7533294705597,518.9218934099808,17.2489537138748,27.598325942199683,50.73
1771402423.207932,1821,1065,547,0.08,0.48,156.23,330.5,16.355037689208984,62.492190904722705,False,False,182.10000000000002,1059.36926939033,528.7862450164081,19.064259697166182,30.50281551546589,50.48
1771402423.223974,1822,1063,557,0.12,0.82,156.23,330.5,16.041994094848633,62.48738064407196,False,False,182.20000000000002,1059.992344417465,538.7626407558539,18.483702667571656,29.57392426811465,50.82
1771402423.239394,1823,1060,566,0.07,0.46,156.23,330.5,15.419960021972656,62.55311247782501,False,False,182.3,1059.6163289922551,548.7513997798508,17.252866805163595,27.604586888261753,50.46
1771402423.256592,1824,1058,576,0.15,0.95,156.23,330.5,17.19808578491211,62.459201193697346,False,False,182.4,1058.2449801365353,558.6527177100754,17.349012021254346,27.758419234006954,50.95
1771402423.27197,1825,1053,587,0.07,0.39,156.23,330.5,15.377998352050781,62.47514109510756,False,False,182.5,1055.8919999147643,568.3676638507098,18.855439901713805,30.168703842742087,50.39
1771402423.287702,1826,1048,595,0.08,0.51,156.23,330.5,15.732049942016602,62.54384698297019,False,False,182.60000000000002,1052.5808985275246,577.7991696712535,17.800370651135417,28.480593041816668,50.51
1771402423.303276,1827,1042,604,0.05,0.36,156.23,330.5,15.573978424072266,62.52793415115984,False,False,182.70000000000002,1048.344759405375,586.8529986831836,18.283206121219493,29.25312979395119,50.36
1771402423.320107,1828,1035,613,0.1,0.67,156.23,330.5,16.830921173095703,62.533418812338795,False,False,182.8,1043.225908650142,595.4386880198138,19.392401903475317,31.02784304556051,50.67
1771402423.335921,1829,1028,619,0.07,0.62,156.23,330.5,15.814065933227539,62.505399653865794,False,False,182.9,1037.2754921265046,603.4704523113437,18.088714868754444,28.94194379000711,50.62
1771402423.352045,1830,1019,625,0.1,0.61,156.23,330.5,16.12401008605957,62.48371913563005,False,False,183.0,1030.5529644294206,610.8680408239209,18.25330811830627,29.20529298929003,50.61
1771402423.368482,1831,1010,632,0.12,1.2,156.23,330.5,16.437053680419922,62.48274177161636,False,False,183.10000000000002,1023.1254948334652,617.5575392984471,19.515718939850032,31.225150303760053,51.2
1771402423.383909,1832,1001,636,0.11,0.69,156.23,330.5,15.426874160766602,62.51334932403832,False,False,183.20000000000002,1015.0672961596503,623.4721084774152,18.837114621007196,30.139383393611514,50.69
1771402423.400053,1833,990,640,0.12,0.72,156.23,330.5,16.1440372467041,62.49309097121737,False,False,183.3,1006.458883265436,628.5526519406877,20.048356938569583,32.077371101711336,50.72
1771402423.416256,1834,981,642,0.11,0.72,156.23,330.5,16.202926635742188,62.46805396725555,False,False,183.4,997.3862685668988,632.7484065773839,18.817592258414198,30.108147613462716,50.72
1771402423.432178,1835,969,645,0.13,0.73,156.23,330.5,15.922069549560547,62.46941854083266,False,False,183.5,987.9401026310984,636.0174497941061,20.96219682852788,33.53951492564461,50.73
1771402423.448249,1836,959,645,0.12,0.64,156.23,330.5,16.071081161499023,62.51210705478132,False,False,183.60000000000002,978.2147684255752,638.3271183916353,20.340468888590927,32.54475022174548,50.64
1771402423.464105,1837,949,644,0.1,0.61,156.23,330.5,15.855789184570312,62.50847370060403,False,False,183.70000000000002,968.3074382749485,639.6543349248186,19.79045167970142,31.66472268752227,50.61
1771402423.48004,1838,939,642,0.09,0.6,156.23,330.5,15.935182571411133,62.49492222101643,False,False,183.8,958.3171029471524,639.9858382847767,19.421825704242018,31.074921126787228,50.6
1771402423.496037,1839,929,640,0.11,0.76,156.23,330.5,15.996932983398438,62.488870194020784,False,False,183.9,948.3435825704166,639.3183161995173,19.35559039301996,30.968944628831935,50.76
1771402423.511747,1840,918,636,0.09,0.61,156.23,330.5,15.709877014160156,62.52352226089977,False,False,184.0,938.4865292635379,637.658438329063,20.55354711374903,32.885675381998446,50.61
1771402423.527398,1841,908,633,0.1,0.56,156.23,330.5,15.651226043701172,62.57025154829263,False,False,184.10000000000002,928.8444314448473,635.0227896244115,20.942349441348842,33.50775910615815,50.56
1771402423.544259,1842,900,627,0.12,0.79,156.23,330.5,16.8609619140625,62.48294344740121,False,False,184.20000000000002,919.5136297685007,631.4377046161919,20.011870702227874,32.0189931235646,50.79
1771402423.560038,1843,891,619,0.11,0.6,156.23,330.5,15.77901840209961,62.49341686375515,False,False,184.3,910.5873545204925,626.9390042887339,21.135095131273765,33.81615221003803,50.6
1771402423.575364,1844,884,613,0.08,0.5,156.23,330.5,15.32602310180664,62.56763808870764,False,False,184.4,902.1547940924665,621.571638168637,20.07659157909762,32.12254652655619,50.5
1771402423.592282,1845,877,605,0.12,0.68,156.23,330.5,16.917943954467773,62.50533755502724,False,False,184.5,894.3002038407857,615.3892352039579,20.18002133437659,32.28803413500255,50.68
1771402423.607979,1846,871,596,0.11,0.68,156.23,330.5,15.697002410888672,62.490685679039075,False,False,184.60000000000002,887.1020642348606,608.4535679214868,20.356026788120012,32.56964286099202,50.68
1771402423.623674,1847,865,587,0.11,0.53,156.23,330.5,15.694856643676758,62.50319522065526,False,False,184.70000000000002,880.6322967062489,600.8339352160871,20.874541045855214,33.39926567336834,50.53
1771402423.640561,1848,860,578,0.11,0.72,156.23,330.5,16.887187957763672,62.47532721203578,False,False,184.8,874.9555450334736,592.6064699390338,20.904958534475874,33.4479336551614,50.72
1771402423.656545,1849,858,567,0.13,0.82,156.23,330.5,15.983819961547852,62.466891025466,False,False,184.9,870.1285294427646,583.8533782037368,20.763852805349007,33.22216448855841,50.82
1771402423.672058,1850,855,557,0.1,0.48,156.23,330.5,15.513181686401367,62.504359514595585,False,False,185.0,866.1994798783049,574.6621180094276,20.91360232297398,33.46176371675837,50.48
1771402423.687841,1851,854,548,0.11,0.62,156.23,330.5,15.782833099365234,62.50274503862675,False,False,185.10000000000002,863.2076541045709,565.1245253897383,19.443000384025453,31.108800614440725,50.62
1771402423.704157,1852,854,536,0.09,0.45,156.23,330.5,16.31617546081543,62.49563612713081,False,False,185.20000000000002,861.1829454557292,555.3358968174215,20.6269632072671,33.00314113162736,50.45
1771402423.719906,1853,855,526,0.09,0.53,156.23,330.5,15.748977661132812,62.50026139229582,False,False,185.3,860.1455841513183,545.3940370334784,20.065036972660433,32.104059156256696,50.53
1771402423.735876,1854,857,516,0.13,0.68,156.23,330.5,15.969991683959961,62.52585240704848,False,False,185.4,860.1059351625859,535.3982818145284,19.64536002698989,31.432576043183825,50.68
1771402423.75223,1855,860,505,0.09,0.63,156.23,330.5,16.353845596313477,62.49023567719294,False,False,185.5,861.0643946491211,525.4485054425619,20.47618887399609,32.76190219839374,50.63
1771402423.768399,1856,863,496,0.13,0.88,156.23,330.5,16.169071197509766,62.47994947147641,False,False,185.60000000000002,863.0113860005599,515.6441227941259,19.644126093865967,31.43060175018555,50.88
1771402423.784368,1857,867,487,0.11,0.63,156.23,330.5,15.969038009643555,62.4674027145188,False,False,185.70000000000002,865.9274555229073,506.08309601975117,19.11321284751428,30.58114055602285,50.63
1771402423.800488,1858,873,477,0.14,0.73,156.23,330.5,16.119956970214844,62.50690558847834,False,False,185.8,869.7834668134209,496.86095573850923,20.119732816003985,32.19157250560637,50.73
1771402423.816036,1859,880,470,0.11,0.69,156.23,330.5,15.547990798950195,62.549132331635505,False,False,185.9,874.5408918819136,488.0698465276559,18.87647252475936,30.202356039614976,50.69
1771402423.832017,1860,888,460,0.14,0.83,156.23,330.5,15.980958938598633,62.527483612695605,False,False,186.0,880.1521961096968,479.7976062444717,21.29631984432529,34.074111750920466,50.83
1771402423.847875,1861,896,454,0.09,0.56,156.23,330.5,15.858173370361328,62.51973226083973,False,False,186.10000000000002,886.561313199779,472.12688837942494,20.437047018412365,32.699275229459786,50.56
1771402423.863865,1862,904,449,0.19,0.87,156.23,330.5,15.98978042602539,62.48966154631582,False,False,186.20000000000002,893.7042053727648,465.13433620982545,19.139492990617317,30.623188784987708,50.87
1771402423.880322,1863,913,443,0.09,0.52,156.23,330.5,16.457080841064453,62.44477236629527,False,False,186.3,901.5095032111898,458.8898170055191,19.60912545022194,31.3746007203551,50.52
1771402423.896171,1864,922,440,0.1,0.63,156.23,330.5,15.849113464355469,62.50344359972282,False,False,186.4,909.8992187591408,453.4557239382316,18.096558052321114,28.954492883713783,50.63
1771402423.912043,1865,933,436,0.1,0.6,156.23,330.5,15.872001647949219,62.52656701999915,False,False,186.5,918.7895247521341,448.8863526696191,19.183213805199838,30.69314208831974,50.6
1771402423.927734,1866,945,435,0.1,0.52,156.23,330.5,15.690803527832031,62.55070256318992,False,False,186.60000000000002,928.0915921914346,445.22735884696317,19.760898856208687,31.617438169933898,50.52
1771402423.944022,1867,954,434,0.1,0.66,156.23,330.5,16.288042068481445,62.4734505837905,False,False,186.70000000000002,937.7124778940386,442.51530192703945,18.379166011025212,29.40666561764034,50.66
1771402423.95983,1868,965,433,0.12,0.71,156.23,330.5,15.80810546875,62.482493557052976,False,False,186.8,947.5560531502498,440.77727988610377,19.099145638580392,30.558633021728628,50.71
1771402423.976212,1869,975,436,0.07,0.46,156.23,330.5,16.38197898864746,62.47208583405882,False,False,186.9,957.5239642099618,440.0306584658754,17.93482742050304,28.695723872804866,50.46
1771402423.991876,1870,985,437,0.09,0.55,156.23,330.5,15.663862228393555,62.4869927520938,False,False,187.0,967.5166150008193,440.2828976607851,17.788933865770698,28.462294185233116,50.55
1771402424.008095,1871,996,440,0.09,0.55,156.23,330.5,16.219139099121094,62.49616380735074,False,False,187.10000000000002,977.434162259254,441.531477180177,18.628895656187247,29.806233049899596,50.55
1771402424.023826,1872,1006,444,0.09,0.56,156.23,330.5,15.730857849121094,62.50313312619681,False,False,187.20000000000002,987.1775131313592,443.76392163021814,18.823967300142495,30.11834768022799,50.56
1771402424.040177,1873,1014,448,0.07,0.45,156.23,330.5,16.35122299194336,62.473186934309105,False,False,187.3,996.6493152759474,446.95792516391197,17.38194984337143,27.811119749394287,50.45
1771402424.056268,1874,1023,456,0.15,0.89,156.23,330.5,16.090869903564453,62.452381153275184,False,False,187.4,1005.7549295769513,451.081574353747,17.932745599423072,28.692392959076916,50.89
