timestamp,seq,latency_ms,drift_ms,cpu_percent,mem_mib,throughput_hz,inter_packet_ms,is_stall
1770904450.829403,61,239.9,246.0,609.66,364.2,56.96063563860368,0.07891654968261719,False
1770904450.871949,63,254.39,256.39,609.66,364.2,56.11961947393946,42.54603385925293,True
1770904450.872213,62,271.41,272.5,609.66,364.2,55.79064749353016,0.2639293670654297,False
1770904450.881523,65,231.49,233.3,609.66,364.2,57.60983678463525,9.310007095336914,False
1770904450.88843,64,251.51,256.2,609.66,364.2,56.28943217181265,6.907224655151367,False
1770904450.941521,68,244.69,245.64,609.66,364.2,57.34456918597745,53.090810775756836,True
1770904450.942249,67,261.36,262.69,609.66,364.2,57.59573978105057,0.7281303405761719,False
1770904450.952625,66,285.26,288.61,609.66,364.2,55.652571135747,10.3759765625,False
1770904450.9545,69,241.03,242.22,609.66,364.2,58.64890764888155,1.8749237060546875,False
1770904450.955949,70,227.96,228.73,609.66,364.2,59.18070158523365,1.4491081237792969,False
1770904450.994544,71,249.81,251.29,609.66,364.2,58.60902388719862,38.594961166381836,True
1770904451.006514,72,245.08,246.26,609.66,364.2,61.83385873397692,11.970043182373047,False
1770904451.013792,73,235.57,237.65,609.66,364.2,60.53454188487759,7.277965545654297,False
1770904451.05261,75,243.78,245.15,609.66,364.2,59.445737727803895,38.8178825378418,True
1770904451.055272,76,230.4,231.99,609.66,364.2,62.486172653479926,2.662181854248047,False
1770904451.064837,74,272.09,273.11,609.66,364.2,56.81034888097065,9.564876556396484,False
1770904451.091529,77,245.41,251.86,609.66,364.2,60.60462466603832,26.691913604736328,False
1770904451.095727,79,221.73,223.83,609.66,364.2,61.45130046517343,4.1980743408203125,False
1770904451.104836,78,240.66,243.91,609.66,364.2,58.56027132383722,9.109020233154297,False
1770904451.141556,82,220.06,221.29,609.66,364.2,61.743636743097056,36.72003746032715,True
1770904451.159413,84,206.06,207.08,609.66,364.2,62.2202560146103,17.857074737548828,False
1770904451.160239,80,270.59,272.18,609.66,364.2,57.90669737903372,0.8258819580078125,False
1770904451.169703,81,264.29,266.01,609.66,364.2,59.63631631470489,9.464025497436523,False
1770904451.177968,83,239.92,242.34,609.66,364.2,61.449754090666865,8.265018463134766,False
1770904451.230799,85,261.09,262.56,609.66,364.2,59.9514448504074,52.83093452453613,True
1770904451.234358,86,248.72,250.29,609.66,364.2,60.799761882442986,3.559112548828125,False
1770904451.236606,87,231.49,235.72,609.66,364.2,60.978655382895376,2.2478103637695312,False
1770904451.247188,88,227.72,231.06,609.66,364.2,61.329618664844425,10.582208633422852,False
1770904451.254582,89,216.96,222.38,609.66,364.2,61.82342295245636,7.393836975097656,False
1770904451.30259,90,252.78,254.88,609.66,364.2,59.598316003062585,48.007965087890625,True
1770904451.30693,91,242.34,243.46,609.66,364.2,61.255739266722344,4.340171813964844,False
1770904451.310994,92,229.5,231.31,609.66,364.2,60.73514122180589,4.063844680786133,False
1770904451.330216,93,233.31,234.84,609.66,364.2,62.03493512885729,19.222021102905273,False
1770904451.353736,94,239.95,241.57,609.66,364.2,61.56044565710352,23.51999282836914,False
1770904451.372322,96,227.19,228.7,609.66,364.2,61.72163757926212,18.586158752441406,False
1770904451.390066,95,261.63,262.79,609.66,364.2,58.65126997176769,17.743825912475586,False
1770904451.43578,97,269.31,276.42,609.66,364.2,60.6860728922977,45.71413993835449,True
1770904451.444125,98,264.87,268.61,609.66,364.2,60.2318341087943,8.344888687133789,False
1770904451.446361,100,232.45,237.91,609.66,364.2,61.29661083543683,2.2361278533935547,False
1770904451.475183,99,280.28,283.86,609.66,364.2,58.63703315453738,28.821945190429688,False
1770904451.477715,101,249.83,253.81,609.66,364.2,60.84976029630554,2.5320053100585938,False
1770904451.483086,103,226.42,227.8,609.66,364.2,62.35892156332274,5.37109375,False
1770904451.495219,102,253.14,255.1,609.66,364.2,60.625183525087905,12.132883071899414,False
1770904451.510201,104,237.57,238.78,609.66,364.2,61.29762894959839,14.981985092163086,False
1770904451.55301,107,232.2,233.44,609.66,364.2,62.742806626763,42.80900955200195,True
1770904451.572859,105,283.82,284.92,609.66,364.2,60.615752310175196,19.849061965942383,False
1770904451.597484,106,286.86,293.9,609.66,364.2,57.62085613038552,24.625062942504883,False
1770904451.598122,110,227.63,229.47,609.66,364.2,63.94984087965357,0.6377696990966797,False
1770904451.600581,109,246.84,248.28,609.66,364.2,63.87249809215288,2.4590492248535156,False
1770904451.607037,108,267.5,270.79,609.66,364.2,60.19244489278939,6.456136703491211,False
1770904451.620831,111,235.86,237.33,609.66,364.2,61.47062033764336,13.7939453125,False
1770904451.649026,112,247.5,248.87,609.66,364.2,61.94057492193048,28.194904327392578,False
1770904451.663152,114,223.71,226.31,609.66,364.2,62.74181609483689,14.126062393188477,False
1770904451.665021,115,215.94,217.47,609.66,364.2,66.09695795262414,1.8689632415771484,False
1770904451.677576,113,260.52,262.09,609.66,364.2,61.32592797422968,12.555122375488281,False
1770904451.698274,116,233.14,234.16,609.66,364.2,64.62727822467588,20.697832107543945,False
1770904451.701995,117,219.74,221.61,609.66,364.2,66.30721856846968,3.720998764038086,False
1770904451.730291,119,216.9,218.13,609.66,364.2,64.50378820791967,28.29599380493164,False
1770904451.748531,118,250.6,253.2,609.66,364.2,63.841603930677365,18.24021339416504,False
1770904451.779964,120,240.25,252.28,609.66,364.2,63.11537735188937,31.4328670501709,False
1770904451.789209,122,226.75,229.54,609.66,364.2,63.55451226340245,9.244918823242188,False
1770904451.819403,121,272.63,275.31,609.66,364.2,61.21669388587059,30.19404411315918,False
1770904451.821535,123,244.08,245.39,609.66,364.2,64.25636994424055,2.1321773529052734,False
1770904451.828797,124,230.09,231.15,609.66,364.2,62.28397173430895,7.261991500854492,False
1770904451.855512,125,246.44,247.82,609.66,364.2,63.07636120688274,26.714801788330078,False
1770904451.876341,127,235.34,236.94,609.66,364.2,63.11374269304143,20.829200744628906,False
1770904451.877475,128,220.64,221.63,609.66,364.2,65.2248786653417,1.1339187622070312,False
1770904451.882172,126,256.25,258.94,609.66,364.2,64.54756498340645,4.697084426879883,False
1770904451.915259,129,240.16,242.06,609.66,364.2,62.45062988325477,33.08677673339844,False
1770904451.927197,130,237.48,239.65,609.66,364.2,61.776194617730425,11.938095092773438,False
1770904451.961258,131,253.34,257.54,609.66,364.2,62.06593250486104,34.06095504760742,True
1770904451.977193,132,255.36,256.9,609.66,364.2,61.81239857412443,15.935182571411133,False
1770904451.989106,133,244.7,253.21,609.66,364.2,61.518655566210995,11.912822723388672,False
1770904452.000155,134,246.32,248.76,609.66,364.2,62.26616866601649,11.049032211303711,False
1770904452.025285,136,239.59,241.22,609.66,364.2,61.85484729247352,25.130033493041992,False
1770904452.027765,135,255.84,259.69,609.66,364.2,63.34845015107162,2.480030059814453,False
1770904452.046111,138,228.71,230.53,609.66,364.2,63.902301009439014,18.346071243286133,False
1770904452.0572,137,253.74,257.15,609.66,364.2,60.32410761001907,11.088848114013672,False
1770904452.083374,141,215.98,219.56,609.66,364.2,64.38175897098789,26.174068450927734,False
1770904452.105086,139,269.42,270.33,609.66,364.2,59.15746913522205,21.712064743041992,False
1770904452.120999,140,269.36,272.19,609.66,364.2,58.237120845466016,15.913009643554688,False
1770904452.134281,142,253.21,254.29,609.66,364.2,63.652290041581935,13.281822204589844,False
1770904452.155313,143,257.81,259.97,609.66,364.2,62.90520538719887,21.032094955444336,False
1770904452.165,144,246.95,251.24,609.66,364.2,61.80144505487073,9.686946868896484,False
1770904452.182988,145,253.23,255.69,609.66,364.2,63.01270228380703,17.987966537475586,False
1770904452.213457,147,251.34,253.39,609.66,364.2,62.30217557472181,30.469179153442383,False
1770904452.237727,148,260.43,261.62,609.66,364.2,60.93169288160102,24.269819259643555,False
1770904452.238226,146,291.35,292.51,609.66,364.2,58.52450565518821,0.4990100860595703,False
1770904452.242232,150,230.27,233.15,609.66,364.2,61.762760455328355,4.006147384643555,False
1770904452.242883,149,250.56,251.39,609.66,364.2,62.74639434566258,0.6508827209472656,False
1770904452.254234,151,229.36,230.59,609.66,364.2,63.33763959810545,11.35110855102539,False
1770904452.273461,152,230.64,233.04,613.09,364.2,62.33978716236301,19.227027893066406,False
1770904452.297274,153,240.68,241.72,613.09,364.2,62.04383679442701,23.81300926208496,False
1770904452.330934,154,255.73,257.39,613.09,364.2,61.400036011716985,33.659934997558594,True
1770904452.339804,155,248.62,251.74,613.09,364.2,60.98305606847658,8.86988639831543,False
1770904452.339993,156,234.4,236.19,613.09,364.2,64.21545457488838,0.18906593322753906,False
1770904452.360587,157,237.87,240.26,613.09,364.2,64.87841335257923,20.593881607055664,False
1770904452.365361,158,227.96,229.25,613.09,364.2,65.12988801079933,4.7740936279296875,False
1770904452.414977,159,257.6,262.8,613.09,364.2,60.911650712462496,49.616098403930664,True
1770904452.433956,161,249.44,250.67,613.09,364.2,64.66599144324654,18.97883415222168,False
1770904452.443583,162,242.06,243.65,613.09,364.2,63.15562813861961,9.627103805541992,False
1770904452.448028,163,229.72,231.25,613.09,364.2,62.17990442916936,4.445075988769531,False
1770904452.46026,160,290.77,292.89,613.09,364.2,60.10107827332975,12.231826782226562,False
1770904452.476897,164,243.74,244.96,613.09,364.2,62.06708056519272,16.637086868286133,False
1770904452.489712,165,240.74,241.72,613.09,364.2,61.9193715760969,12.814998626708984,False
1770904452.493203,166,228.59,229.69,613.09,364.2,66.27957397048134,3.490924835205078,False
1770904452.517467,167,236.54,238.0,613.09,364.2,66.30557951303656,24.264097213745117,False
1770904452.558319,168,259.77,262.88,613.09,364.2,60.4042579765052,40.85206985473633,True
1770904452.574509,169,261.18,262.26,613.09,364.2,61.606198362281056,16.1898136138916,False
1770904452.587548,171,240.06,244.24,613.09,364.2,64.25221461760688,13.039112091064453,False
1770904452.601368,170,271.81,273.75,613.09,364.2,60.17111414239412,13.81993293762207,False
1770904452.607631,172,246.03,247.84,613.09,364.2,62.59094914518212,6.263017654418945,False
1770904452.613727,173,236.58,238.03,613.09,364.2,62.06768847060736,6.096124649047852,False
1770904452.631605,174,237.17,239.74,613.09,364.2,61.039704776368495,17.877817153930664,False
1770904452.641416,175,222.57,226.81,613.09,364.2,64.32602869710323,9.811162948608398,False
1770904452.641581,176,215.84,218.25,613.09,364.2,63.60600497862135,0.16498565673828125,False
1770904452.688871,177,244.61,248.76,613.09,364.2,60.79791112320131,47.28984832763672,True
1770904452.697029,179,222.66,225.07,613.09,364.2,62.06437121096658,8.158206939697266,False
1770904452.73111,180,240.84,243.07,613.09,364.2,63.09925252988485,34.08098220825195,True
1770904452.732391,178,275.24,277.02,613.09,364.2,60.89704611205304,1.2810230255126953,False
1770904452.755163,181,244.33,250.57,613.09,364.2,61.07950897259167,22.771835327148438,False
1770904452.763891,183,225.74,227.79,613.09,364.2,65.6440281006798,8.72802734375,False
1770904452.78289,182,259.73,262.83,613.09,364.2,61.37171157787965,18.999099731445312,False
1770904452.803095,186,216.88,219.2,613.09,364.2,63.63556117187756,20.205020904541016,False
1770904452.810143,185,239.19,242.49,613.09,364.2,62.85150422838287,7.047891616821289,False
1770904452.81679,184,261.95,264.72,613.09,364.2,60.609347275682346,6.6471099853515625,False
1770904452.827506,187,226.09,227.66,613.09,364.2,62.10323387922712,10.715961456298828,False
1770904452.860854,188,244.36,245.61,613.09,364.2,63.350518856904536,33.34784507751465,True
1770904452.861139,189,228.6,229.84,613.09,364.2,63.432981902846485,0.28514862060546875,False
1770904452.87234,190,223.84,225.02,613.09,364.2,63.482458200446644,11.200904846191406,False
1770904452.920409,192,239.58,240.81,613.09,364.2,63.59790910747306,48.069000244140625,True
1770904452.926582,193,224.94,230.93,613.09,364.2,64.25185169559415,6.173133850097656,False
1770904452.927349,191,260.94,263.33,613.09,364.2,61.81766416951081,0.7669925689697266,False
1770904452.939417,194,226.33,227.39,613.09,364.2,63.87994567907502,12.067794799804688,False
1770904452.956472,195,222.84,226.24,613.09,364.2,63.35999688658649,17.055034637451172,False
1770904452.98601,197,223.42,226.51,613.09,364.2,64.70161334265201,29.53815460205078,False
1770904452.997969,196,250.12,253.88,613.09,364.2,60.93347102894238,11.958837509155273,False
1770904453.003104,199,209.66,210.93,613.09,364.2,65.54576248629773,5.135059356689453,False
1770904453.009443,198,230.53,233.71,613.09,364.2,61.550487807703746,6.339073181152344,False
1770904453.029684,200,219.27,220.72,613.09,364.2,65.97461968595,20.24102210998535,False
1770904453.036187,201,209.47,212.67,613.09,364.2,66.65298381483133,6.502866744995117,False
1770904453.072917,203,215.64,217.08,613.09,364.2,64.98791417159332,36.730051040649414,True
1770904453.077358,202,229.03,237.19,613.09,364.2,63.98820066624657,4.441022872924805,False
1770904453.107295,204,232.36,235.72,613.09,364.2,63.674322010226014,29.937028884887695,False
1770904453.123316,207,201.83,202.8,613.09,364.2,65.93443140023052,16.021013259887695,False
1770904453.139539,206,223.84,235.39,613.09,364.2,63.70926833337238,16.22295379638672,False
1770904453.14378,208,207.01,208.39,613.09,364.2,66.22128684811732,4.240989685058594,False
1770904453.152584,205,262.71,264.53,613.09,364.2,64.52613858949033,8.804082870483398,False
1770904453.197092,210,227.19,228.78,613.09,364.2,62.836438597713396,44.50798034667969,True
1770904453.203116,211,212.51,217.22,613.09,364.2,64.56766403253226,6.023883819580078,False
1770904453.204148,209,246.71,252.34,613.09,364.2,61.058160326166075,1.032114028930664,False
1770904453.212954,212,212.5,213.65,613.09,364.2,63.86423717281912,8.805990219116211,False
1770904453.23037,213,213.76,214.64,613.09,364.2,64.3020700679257,17.416000366210938,False
1770904453.261669,214,227.86,229.87,613.09,364.2,64.46518955321567,31.29887580871582,False
1770904453.278473,215,221.87,224.02,613.09,364.2,63.92029794798813,16.803979873657227,False
1770904453.291887,216,226.39,227.92,613.09,364.2,63.0322254067781,13.414144515991211,False
1770904453.303856,218,206.35,208.62,613.09,364.2,64.6687202393515,11.968851089477539,False
1770904453.310425,217,227.06,230.64,613.09,364.2,62.42962991367562,6.569147109985352,False
1770904453.336618,219,224.04,224.84,613.09,364.2,65.10127942525459,26.192903518676758,False
1770904453.369299,220,240.19,241.41,613.09,364.2,63.078462435316034,32.68098831176758,False
1770904453.379203,221,234.23,235.8,613.09,364.2,63.05978454619006,9.904146194458008,False
1770904453.393361,222,231.83,233.8,613.09,364.2,62.41186941584569,14.158010482788086,False
1770904453.434363,223,256.74,258.16,613.09,364.2,64.6748872404229,41.00179672241211,True
1770904453.436515,224,242.6,244.07,613.09,364.2,62.52487372451198,2.1522045135498047,False
1770904453.439668,226,213.1,216.08,613.09,364.2,64.21350445386562,3.1528472900390625,False
1770904453.440681,225,231.49,233.24,613.09,364.2,62.27057147048662,1.013040542602539,False
1770904453.454262,227,212.02,213.87,613.09,364.2,64.04816447508566,13.581037521362305,False
1770904453.509817,228,238.26,253.46,613.09,364.2,63.05847520503669,55.554866790771484,True
1770904453.550264,231,244.61,246.5,613.09,364.2,63.54054194716188,40.44699668884277,True
1770904453.562479,230,272.91,274.65,613.09,364.2,60.51710315842605,12.215137481689453,False
1770904453.563503,233,226.01,227.57,613.09,364.2,65.47937138689828,1.024007797241211,False
1770904453.567338,232,245.24,247.35,613.09,364.2,62.519079930131966,3.834962844848633,False
1770904453.582379,229,307.66,310.43,613.09,364.2,57.81229938508243,15.041112899780273,False
1770904453.588113,234,233.4,234.42,613.09,364.2,62.7281632628644,5.733966827392578,False
1770904453.604778,235,236.27,237.25,613.09,364.2,62.28188504127942,16.664981842041016,False
1770904453.620459,236,233.84,235.4,613.09,364.2,61.29466460384947,15.681028366088867,False
1770904453.647641,237,245.28,247.8,613.09,364.2,62.580178461435935,27.18186378479004,False
1770904453.658945,238,240.17,243.55,613.09,364.2,61.3359189881048,11.304140090942383,False
1770904453.662181,239,227.69,230.94,613.09,364.2,63.36789824013864,3.2358169555664062,False
1770904453.699696,240,249.44,251.92,613.09,364.2,64.09560947763848,37.51516342163086,True
1770904453.70077,241,235.98,237.26,613.09,364.2,63.45131049833302,1.0738372802734375,False
1770904453.715429,243,219.04,220.11,613.09,364.2,63.05580500320718,14.65916633605957,False
1770904453.739807,242,256.81,259.76,613.09,364.2,62.701375323898745,24.377822875976562,False
1770904453.741218,244,227.42,229.64,613.09,364.2,61.82558231440543,1.4111995697021484,False
1770904453.774809,245,243.37,246.65,613.09,364.2,62.19770040399377,33.59079360961914,True
1770904453.77489,246,228.95,230.24,613.09,364.2,64.71141866170038,0.08106231689453125,False
1770904453.793856,247,232.67,234.38,613.09,364.2,62.08931538686434,18.965959548950195,False
1770904453.813343,248,236.37,237.5,613.09,364.2,62.99284435732507,19.48714256286621,False
1770904453.827901,249,233.15,236.27,613.09,364.2,62.06285591259745,14.557838439941406,False
1770904453.828985,251,203.61,204.44,613.09,364.2,63.764509552743206,1.0840892791748047,False
1770904453.882396,253,224.97,226.85,613.09,364.2,63.41041908207113,53.411006927490234,True
1770904453.882478,252,241.03,243.02,613.09,364.2,61.722202130137845,0.0820159912109375,False
1770904453.886476,250,276.93,278.85,613.09,364.2,61.51427612624818,3.9980411529541016,False
1770904453.907333,254,230.62,235.41,613.09,364.2,61.98884951575645,20.856857299804688,False
1770904453.948652,257,220.77,228.47,613.09,364.2,62.48865446515143,41.31913185119629,True
1770904453.948729,256,237.75,244.61,613.09,364.2,61.28475934239671,0.07700920104980469,False
1770904453.948771,255,255.38,259.83,613.09,364.2,62.05287173645226,0.041961669921875,False
1770904453.955329,258,217.17,219.48,613.09,364.2,61.96014793482395,6.557941436767578,False
1770904453.977506,259,224.63,226.12,613.09,364.2,63.012435873754725,22.17698097229004,False
1770904453.991408,260,220.53,224.08,613.09,364.2,62.387958836451226,13.90218734741211,False
1770904454.041666,261,255.85,257.84,613.09,364.2,59.67304557315904,50.25792121887207,True
1770904454.042407,263,223.97,225.55,613.09,364.2,61.88820599183147,0.7410049438476562,False
1770904454.04759,262,245.89,248.06,613.09,364.2,61.84087866462478,5.182981491088867,False
1770904454.053901,264,220.71,222.28,613.09,364.2,63.384348948317694,6.310939788818359,False
1770904454.096544,265,245.05,248.41,613.09,364.2,59.595491833198025,42.643070220947266,True
1770904454.103059,267,222.87,223.83,613.09,364.2,63.30952842850412,6.515026092529297,False
1770904454.118058,268,220.68,222.11,613.09,364.2,61.58406702398042,14.998912811279297,False
1770904454.125106,266,260.11,261.49,613.09,364.2,62.72351548263776,7.048130035400391,False
1770904454.165226,270,231.13,236.3,613.09,364.2,61.97489661748568,40.11988639831543,True
1770904454.168867,271,213.64,215.32,613.09,364.2,62.12780454711758,3.6411285400390625,False
1770904454.178106,269,264.67,265.95,613.09,364.2,61.60429818196773,9.238958358764648,False
1770904454.225852,272,264.06,265.61,613.09,364.2,59.2359762564842,47.74594306945801,True
1770904454.232729,273,255.15,256.78,613.09,364.2,59.85879827734089,6.876945495605469,False
1770904454.257774,275,248.08,249.63,613.09,364.2,61.23851211880991,25.045156478881836,False
1770904454.268072,274,275.4,276.75,613.09,364.2,59.62010938451275,10.297775268554688,False
1770904454.27466,276,245.79,250.69,613.09,364.2,61.05173422247043,6.588220596313477,False
1770904454.279093,278,221.58,222.77,613.09,364.2,61.52349832206356,4.432916641235352,False
1770904454.302236,277,261.35,262.29,613.09,364.2,60.495394543741675,23.14305305480957,False
1770904454.36292,281,257.97,259.34,613.09,364.2,60.41106224633377,60.6839656829834,True
1770904454.371806,280,281.01,284.32,613.09,364.2,59.849957869768,8.885860443115234,False
1770904454.376972,284,223.15,224.75,613.09,364.2,63.14087493602068,5.166053771972656,False
1770904454.425159,279,349.4,353.59,665.57,366.0,55.243377389332004,48.1870174407959,True
1770904454.436179,283,299.65,300.6,665.57,366.0,59.89123546111409,11.01994514465332,False
1770904454.45704,286,272.0,273.24,665.57,366.0,60.75304504821054,20.861148834228516,False
1770904454.483068,285,314.65,315.62,665.57,366.0,56.545904942878025,26.027917861938477,False
1770904454.483485,282,362.33,364.11,665.57,366.0,54.660319531797825,0.4169940948486328,False
1770904454.485677,288,268.5,269.48,665.57,366.0,59.14205324558005,2.1920204162597656,False
1770904454.514678,287,313.22,314.8,665.57,366.0,58.71458158399675,29.00099754333496,False
1770904454.538643,290,275.4,289.82,665.57,366.0,59.693700395748515,23.964881896972656,False
1770904454.540483,293,240.45,245.11,665.57,366.0,64.41691585126057,1.8401145935058594,False
1770904454.541427,289,305.08,309.95,665.57,366.0,57.26417128465933,0.9438991546630859,False
1770904454.558385,294,243.06,246.24,665.57,366.0,62.56010654472531,16.957998275756836,False
1770904454.55964,291,291.73,295.53,665.57,366.0,63.44263294143421,1.255035400390625,False
1770904454.569392,292,289.23,290.15,665.57,366.0,59.106539656376356,9.752035140991211,False
1770904454.595488,297,231.09,234.58,665.57,366.0,62.58137976227692,26.096105575561523,False
1770904454.636967,295,306.66,308.76,665.57,366.0,58.04185298471248,41.478872299194336,True
1770904454.650299,296,304.78,306.02,665.57,366.0,58.8435861725241,13.332128524780273,False
1770904454.672733,299,279.33,280.95,665.57,366.0,60.17037182497734,22.433996200561523,False
1770904454.684001,301,257.88,260.59,665.57,366.0,60.676044559925934,11.267900466918945,False
1770904454.686056,298,304.06,309.98,665.57,366.0,58.802069955884484,2.054929733276367,False
1770904454.709729,300,301.12,302.17,665.57,366.0,58.47610932348996,23.673057556152344,False
1770904454.755217,303,296.45,299.23,665.57,366.0,57.704070015800745,45.48811912536621,True
1770904454.762213,304,281.43,290.18,665.57,366.0,60.64126566303242,6.995916366577148,False
1770904454.798441,302,350.92,358.38,665.57,366.0,54.860713968383834,36.22794151306152,True
1770904454.808002,305,318.58,320.33,665.57,366.0,58.0723964734491,9.56106185913086,False
1770904454.813142,307,281.43,292.54,665.57,366.0,58.75258918719695,5.140066146850586,False
1770904454.835245,306,328.58,331.61,665.57,366.0,56.655102609902876,22.102832794189453,False
1770904454.844236,310,273.73,275.16,665.57,366.0,60.14204101040779,8.991003036499023,False
1770904454.844337,308,306.52,308.36,665.57,366.0,58.04595094531345,0.1010894775390625,False
1770904454.848185,311,263.01,263.92,665.57,366.0,58.86969672513676,3.8480758666992188,False
1770904454.878405,309,320.41,327.11,665.57,366.0,56.22438525791939,30.22003173828125,False
1770904454.915874,313,297.17,300.16,665.57,366.0,59.028677939182494,37.468910217285156,True
1770904454.91849,312,317.29,319.03,665.57,366.0,60.076710607173716,2.6159286499023438,False
1770904454.934805,314,297.92,302.53,665.57,366.0,58.39575081273364,16.314983367919922,False
1770904454.945611,315,294.61,297.75,665.57,366.0,58.176917692462766,10.806083679199219,False
1770904454.988594,318,291.6,293.37,665.57,366.0,59.623123184401734,42.983055114746094,True
1770904455.00061,316,334.62,337.2,665.57,366.0,57.9936600877705,12.016057968139648,False
1770904455.015394,319,302.22,303.36,665.57,366.0,57.54363950623392,14.783859252929688,False
1770904455.015923,320,287.36,288.7,665.57,366.0,58.74325446562538,0.5290508270263672,False
1770904455.017558,317,334.95,338.28,665.57,366.0,55.54743522572686,1.6350746154785156,False
1770904455.048025,322,287.14,288.75,665.57,366.0,60.61456038000699,30.466794967651367,False
1770904455.056642,321,302.08,312.91,665.57,366.0,57.185956779603245,8.617162704467773,False
1770904455.080375,324,284.61,288.39,665.57,366.0,60.03185917031525,23.732900619506836,False
1770904455.08643,323,303.58,306.17,665.57,366.0,57.14124580527905,6.055116653442383,False
1770904455.106707,327,261.33,263.68,665.57,366.0,61.376229162098696,20.277023315429688,False
1770904455.118877,325,307.48,310.76,665.57,366.0,57.09684886034968,12.169837951660156,False
1770904455.142908,326,314.39,319.25,665.57,366.0,56.59364066764173,24.03116226196289,False
1770904455.148883,329,270.61,273.88,665.57,366.0,61.53683810460658,5.975008010864258,False
1770904455.212247,328,346.5,356.29,665.57,366.0,55.39526414975758,63.36379051208496,True
1770904455.222213,331,315.03,318.12,665.57,366.0,56.96134473715005,9.966135025024414,False
1770904455.241066,330,348.86,353.02,665.57,366.0,57.38692443460928,18.852949142456055,False
1770904455.311051,335,341.17,342.99,665.57,366.0,58.05387492107265,69.98491287231445,True
1770904455.323446,334,368.57,371.88,665.57,366.0,55.9265104324802,12.395143508911133,False
1770904455.330985,332,406.56,411.04,665.57,366.0,53.1116457134301,7.539033889770508,False
1770904455.336363,336,348.43,351.98,665.57,366.0,58.03661093328822,5.378007888793945,False
1770904455.346878,333,408.58,410.72,665.57,366.0,53.160834010790694,10.514974594116211,False
1770904455.358589,338,340.93,343.07,665.57,366.0,55.581498383076394,11.710882186889648,False
1770904455.374729,341,299.36,311.17,665.57,366.0,59.674058173632574,16.139984130859375,False
1770904455.378101,340,327.03,329.95,665.57,366.0,58.11771127046688,3.3721923828125,False
1770904455.385328,339,347.48,353.53,665.57,366.0,58.21283738961473,7.2269439697265625,False
1770904455.387917,337,372.58,382.24,665.57,366.0,52.42619105511495,2.588987350463867,False
1770904455.388278,343,284.67,291.48,665.57,366.0,66.45076881107947,0.3609657287597656,False
1770904455.401934,342,315.75,319.93,665.57,366.0,61.09209982546097,13.655900955200195,False
1770904455.429523,345,296.23,297.29,665.57,366.0,60.66944601826625,27.589082717895508,False
1770904455.46113,346,313.88,317.1,665.57,366.0,62.36823978027876,31.60691261291504,False
1770904455.462326,344,348.0,350.31,665.57,366.0,63.34021132820711,1.196146011352539,False
1770904455.511521,347,338.36,340.35,665.57,366.0,57.51361260900708,49.195051193237305,True
1770904455.517992,348,334.62,341.82,665.57,366.0,60.79851261963536,6.470918655395508,False
1770904455.53871,349,344.19,346.76,665.57,366.0,58.99603345836753,20.718097686767578,False
1770904455.543396,352,302.42,303.35,665.57,366.0,58.82863230003314,4.685878753662109,False
1770904455.578231,351,352.29,353.73,665.57,366.0,59.79914051922058,34.835100173950195,True
1770904455.604271,354,330.97,331.98,665.57,366.0,57.36762679733854,26.039838790893555,False
1770904455.615219,350,404.25,407.89,665.57,366.0,55.89348559657769,10.94818115234375,False
1770904455.622942,356,317.72,318.9,665.57,366.0,60.746997958093274,7.7228546142578125,False
1770904455.629433,357,306.58,309.56,665.57,366.0,58.0301747028083,6.490945816040039,False
1770904455.639362,355,349.74,351.39,665.57,366.0,59.856634200292554,9.929180145263672,False
1770904455.6443,353,387.01,388.1,665.57,366.0,57.344011789476106,4.937887191772461,False
1770904455.672999,360,303.02,305.62,665.57,366.0,60.98378827001546,28.69892120361328,False
1770904455.678587,359,324.99,326.88,665.57,366.0,58.31572184842444,5.588054656982422,False
1770904455.682732,364,249.12,250.91,665.57,366.0,66.22010193851587,4.145145416259766,False
1770904455.714496,362,312.29,314.52,665.57,366.0,61.70585184056752,31.763792037963867,False
1770904455.720508,363,301.85,304.13,665.57,366.0,62.157420461360175,6.012201309204102,False
1770904455.729521,358,391.98,394.01,665.57,366.0,55.825029379983754,9.012937545776367,False
1770904455.732037,367,250.24,252.14,665.57,366.0,69.62325316041274,2.516031265258789,False
1770904455.754992,365,306.39,307.54,665.57,366.0,63.35864071275571,22.954940795898438,False
1770904455.756308,366,289.52,292.27,665.57,366.0,62.55526482428257,1.316070556640625,False
1770904455.764366,361,375.34,378.03,665.57,366.0,59.19573335085101,8.057832717895508,False
1770904455.771806,371,225.18,227.96,665.57,366.0,65.76322339147737,7.440090179443359,False
1770904455.831686,370,302.49,303.63,665.57,366.0,62.79440998618289,59.88001823425293,True
1770904455.833938,369,319.17,322.23,665.57,366.0,58.83827950196237,2.251863479614258,False
1770904455.837021,372,276.67,277.74,665.57,366.0,65.71974471283427,3.0832290649414062,False
1770904455.856805,368,354.62,360.9,665.57,366.0,58.45274012675878,19.783973693847656,False
1770904455.890481,374,296.76,298.66,665.57,366.0,63.78659476759616,33.6759090423584,True
1770904455.896653,375,286.25,287.63,665.57,366.0,63.419582612325414,6.171941757202148,False
1770904455.907914,373,329.37,331.59,665.57,366.0,60.27208127662938,11.260986328125,False
1770904455.923382,376,298.25,299.32,665.57,366.0,62.046154532829526,15.468120574951172,False
1770904455.953777,380,262.4,266.35,665.57,366.0,67.144584919177,30.395030975341797,False
1770904455.976654,379,302.93,304.66,665.57,366.0,62.41807105828464,22.876977920532227,False
1770904455.983839,384,230.26,232.11,665.57,366.0,66.12143948347355,7.1849822998046875,False
1770904455.98867,377,347.3,349.19,665.57,366.0,61.78483965315203,4.831075668334961,False
1770904455.990608,381,285.06,286.29,665.57,366.0,62.59395165777998,1.9378662109375,False
1770904456.000048,378,341.17,343.86,665.57,366.0,60.41938259727046,9.439945220947266,False
1770904456.008413,383,271.28,272.17,665.57,366.0,63.57497468191181,8.365154266357422,False
1770904456.011481,382,289.67,291.97,665.57,366.0,63.78026905020561,3.0679702758789062,False
1770904456.011624,385,241.8,243.98,665.57,366.0,64.0942759275004,0.1430511474609375,False
1770904456.014601,386,225.84,230.49,665.57,366.0,68.10133036495935,2.9768943786621094,False
1770904456.064282,387,255.37,264.88,665.57,366.0,66.20548259267252,49.68094825744629,True
1770904456.07577,389,242.27,243.58,665.57,366.0,64.73282411331282,11.487960815429688,False
1770904456.121277,390,263.69,264.77,665.57,366.0,68.20455477137362,45.507192611694336,True
1770904456.132099,388,308.6,316.17,665.57,366.0,62.64521853148227,10.821819305419922,False
1770904456.134593,393,232.55,238.91,665.57,366.0,70.50710030941445,2.4940967559814453,False
1770904456.136627,391,269.85,272.6,665.57,366.0,67.8314237057201,2.0339488983154297,False
1770904456.165057,398,188.01,189.42,665.57,366.0,76.04464171387195,28.42998504638672,False
1770904456.176589,392,294.85,296.36,665.57,366.0,70.95520368114765,11.532068252563477,False
1770904456.182276,394,269.68,270.93,665.57,366.0,68.56497603167517,5.68699836730957,False
1770904456.185526,395,256.6,257.79,665.57,366.0,73.92852740434803,3.2498836517333984,False
1770904456.187587,397,225.88,227.59,665.57,366.0,71.17024851383492,2.061128616333008,False
1770904456.220622,396,274.69,276.0,665.57,366.0,65.02003279092362,33.0350399017334,False
1770904456.249691,402,209.18,210.26,665.57,366.0,71.13437187219019,29.068946838378906,False
1770904456.25061,399,255.64,258.48,665.57,366.0,69.34155099557596,0.9191036224365234,False
1770904456.261591,400,251.76,252.8,665.57,366.0,72.1092834021112,10.980844497680664,False
1770904456.262278,403,204.99,206.21,665.57,366.0,68.64987989051296,0.6871223449707031,False
1770904456.264076,405,175.69,176.76,665.57,366.0,73.07380189519829,1.7979145050048828,False
1770904456.271282,404,197.75,199.84,665.57,366.0,70.09132346889035,7.205963134765625,False
1770904456.275353,401,247.9,249.67,665.57,366.0,67.54905787504256,4.07099723815918,False
1770904456.324951,407,203.75,205.15,665.57,366.0,73.03290363396812,49.597978591918945,True
1770904456.325048,406,220.1,220.91,665.57,366.0,72.5237263344039,0.09703636169433594,False
1770904456.342134,408,205.47,206.84,665.57,366.0,72.80298967050096,17.086029052734375,False
1770904456.352876,410,183.23,184.71,665.57,366.0,74.92331132852044,10.741949081420898,False
1770904456.35787,409,204.41,205.63,665.57,366.0,69.98380868298601,4.99415397644043,False
1770904456.369918,412,169.35,170.46,665.57,366.0,77.05065145324184,12.048006057739258,False
1770904456.3719,411,187.31,188.46,665.57,366.0,74.25460621740737,1.981973648071289,False
1770904456.393507,413,176.66,178.3,665.57,366.0,80.94691052746374,21.606922149658203,False
1770904456.427472,414,189.09,195.31,665.57,366.0,72.09176741412807,33.965110778808594,True
1770904456.430977,416,166.12,167.57,665.57,366.0,73.60791928421854,3.5049915313720703,False
1770904456.437306,417,156.73,157.97,665.57,366.0,77.6997047046763,6.328821182250977,False
1770904456.437409,415,188.87,189.6,665.57,366.0,78.17337173158897,0.102996826171875,False
1770904456.474789,418,176.55,177.86,665.57,366.0,72.33814349361617,37.37998008728027,True
1770904456.479995,419,166.66,168.21,665.57,366.0,74.86822701242865,5.206108093261719,False
1770904456.480978,420,151.89,153.63,665.57,366.0,70.15382042157817,0.9829998016357422,False
1770904456.486118,421,141.69,142.57,665.57,366.0,76.46229133566801,5.140066146850586,False
1770904456.520323,422,158.9,160.66,297.53,357.8,73.76706421233463,34.204959869384766,True
1770904456.532565,423,154.88,156.29,297.53,357.8,80.94200749299851,12.24207878112793,False
1770904456.535564,424,143.16,144.35,297.53,357.8,70.93726611430179,2.998828887939453,False
1770904456.549056,425,140.77,141.82,297.53,357.8,75.56065582039702,13.492107391357422,False
1770904456.564081,426,134.29,136.88,297.53,357.8,74.2783050402223,15.024900436401367,False
1770904456.585526,428,129.1,130.04,297.53,357.8,81.59188663824203,21.445035934448242,False
1770904456.588665,427,147.72,148.62,297.53,357.8,68.55528252516305,3.139019012451172,False
1770904456.600075,429,127.77,128.69,297.53,357.8,76.78402609858271,11.409997940063477,False
1770904456.617302,430,128.94,130.02,297.53,357.8,77.86928620581453,17.2269344329834,False
1770904456.647057,432,126.42,127.27,297.53,357.8,74.07078716140545,29.755115509033203,False
1770904456.647122,431,142.0,143.16,297.53,357.8,79.71486673973227,0.064849853515625,False
1770904456.659472,433,123.05,123.92,297.53,357.8,76.72391549280054,12.350082397460938,False
1770904456.673135,434,119.8,120.89,297.53,357.8,75.98372145435921,13.663053512573242,False
1770904456.700435,435,131.25,132.89,297.53,357.8,78.23136548704993,27.299880981445312,False
1770904456.707602,436,122.1,123.24,297.53,357.8,76.50914477038431,7.16710090637207,False
1770904456.714594,437,113.99,114.79,297.53,357.8,74.91948004087622,6.991863250732422,False
1770904456.733099,438,115.69,116.85,297.53,357.8,77.99642456410191,18.505096435546875,False
1770904456.740251,439,107.42,108.23,297.53,357.8,72.71169398686638,7.152080535888672,False
1770904456.765526,440,114.44,115.59,297.53,357.8,81.09611615623763,25.274991989135742,False
1770904456.776873,441,111.74,112.9,297.53,357.8,76.31013680187154,11.347055435180664,False
1770904456.791259,442,110.57,111.27,297.53,357.8,80.88864996474396,14.38593864440918,False
1770904456.800273,443,103.64,104.73,297.53,357.8,75.77098251558651,9.013891220092773,False
1770904456.811153,444,98.52,99.36,297.53,357.8,77.53179885792383,10.879993438720703,False
1770904456.832343,445,103.62,104.48,297.53,357.8,73.10662934714563,21.190166473388672,False
1770904456.844279,446,100.14,100.86,297.53,357.8,72.31720710981453,11.935949325561523,False
1770904456.868611,447,107.59,108.5,297.53,357.8,74.59632600298613,24.332046508789062,False
1770904456.872338,448,96.21,96.85,297.53,357.8,74.06773621099242,3.726959228515625,False
1770904456.889302,449,97.38,98.09,297.53,357.8,76.82042386219356,16.963958740234375,False
1770904456.901176,450,92.56,93.29,297.53,357.8,80.61610859885614,11.873960494995117,False
1770904456.914294,451,90.14,91.03,297.53,357.8,74.38749008883886,13.11802864074707,False
1770904456.931959,452,91.81,92.45,297.53,357.8,76.69753443185934,17.66490936279297,False
1770904456.945676,453,89.39,90.31,297.53,357.8,70.45689359755222,13.717174530029297,False
1770904456.97385,454,101.41,102.03,297.53,357.8,77.76625223724602,28.17392349243164,False
1770904456.979636,455,91.4,92.07,297.53,357.8,76.50246354320844,5.785942077636719,False
1770904456.991121,456,86.07,86.87,297.53,357.8,75.72041524621395,11.485099792480469,False
1770904457.005859,457,85.57,86.35,297.53,357.8,73.32526242824689,14.737844467163086,False
1770904457.032198,458,96.4,96.98,297.53,357.8,76.39458095720441,26.339054107666016,False
1770904457.036526,459,83.97,84.63,297.53,357.8,72.44212985478264,4.328012466430664,False
1770904457.049105,460,81.19,81.81,297.53,357.8,76.39373329790125,12.578964233398438,False
1770904457.080092,461,95.44,96.1,297.53,357.8,74.52648234422999,30.987024307250977,False
1770904457.084253,462,83.85,84.57,297.53,357.8,71.77833939018097,4.16111946105957,False
1770904457.097087,463,80.21,81.07,297.53,357.8,69.62693905751766,12.833833694458008,False
1770904457.123565,464,90.99,91.51,297.53,357.8,70.39915137741717,26.478052139282227,False
1770904457.127857,465,78.45,80.11,297.53,357.8,75.07296021630685,4.292011260986328,False
1770904457.140924,466,76.41,77.07,297.53,357.8,72.3063102074281,13.067007064819336,False
1770904457.15596,467,75.33,76.09,297.53,357.8,73.41329971208845,15.03610610961914,False
1770904457.187073,468,90.15,91.22,297.53,357.8,71.01104395091214,31.1129093170166,False
1770904457.19126,469,78.13,79.34,297.53,357.8,70.3734676965725,4.187107086181641,False
1770904457.203138,470,74.86,75.43,297.53,357.8,72.16645986769566,11.878013610839844,False
1770904457.226537,471,81.79,82.55,297.53,357.8,68.87543724881155,23.398876190185547,False
1770904457.238775,472,78.06,78.68,297.53,357.8,70.36770549104673,12.238025665283203,False
1770904457.252661,473,75.86,76.49,297.53,357.8,69.83614227402788,13.885974884033203,False
1770904457.282436,474,90.34,91.2,297.53,357.8,70.17841157976987,29.774904251098633,False
1770904457.282488,475,74.69,75.26,297.53,357.8,69.28859391134695,0.05221366882324219,False
1770904457.300117,476,75.77,76.61,297.53,357.8,68.3811332308342,17.628908157348633,False
1770904457.311991,477,71.52,72.16,297.53,357.8,70.89100427095876,11.873960494995117,False
1770904457.343259,479,70.86,71.47,297.53,357.8,70.2384498224908,31.26811981201172,False
1770904457.343837,478,87.32,87.99,297.53,357.8,68.29952616680872,0.5779266357421875,False
1770904457.360685,480,72.17,73.08,297.53,357.8,68.20451959057489,16.848087310791016,False
1770904457.377588,481,72.67,73.36,297.53,357.8,67.30456773508891,16.902923583984375,False
1770904457.396996,482,76.15,76.79,297.53,357.8,68.44057151513191,19.407987594604492,False
1770904457.416735,483,79.98,80.5,297.53,357.8,67.86026716627877,19.73891258239746,False
1770904457.427977,484,74.76,75.96,297.53,357.8,67.23343410671292,11.242151260375977,False
1770904457.446013,485,77.58,78.36,297.53,357.8,66.89284470682675,18.035888671875,False
1770904457.454375,486,70.02,70.61,297.53,357.8,67.39346209754044,8.362054824829102,False
1770904457.469652,487,69.0,69.5,297.53,357.8,66.7325737205771,15.276908874511719,False
1770904457.497277,488,80.86,81.84,297.53,357.8,67.135365960858,27.625083923339844,False
1770904457.501813,489,69.37,69.97,297.53,357.8,66.53817934340746,4.535913467407227,False
1770904457.514672,490,65.16,66.45,297.53,357.8,66.86204498965552,12.859106063842773,False
1770904457.545643,491,81.27,81.93,297.53,357.8,65.65871014764618,30.971050262451172,False
1770904457.549434,492,68.97,69.67,297.53,357.8,67.60410730833165,3.7908554077148438,False
1770904457.565504,493,69.05,69.69,297.53,357.8,66.22282032349045,16.070127487182617,False
1770904457.578277,494,65.89,66.43,297.53,357.8,66.28793651738563,12.77303695678711,False
1770904457.596779,495,68.38,69.05,297.53,357.8,66.93857227213968,18.501996994018555,False
1770904457.606656,496,62.14,62.71,297.53,357.8,66.73681072930484,9.87696647644043,False
1770904457.637714,497,76.72,77.92,297.53,357.8,64.99696527186256,31.05783462524414,False
1770904457.63777,498,61.29,62.1,297.53,357.8,66.32245652549173,0.05602836608886719,False
1770904457.652056,499,59.97,60.68,297.53,357.8,65.80354969306192,14.286041259765625,False
1770904457.680649,500,72.38,72.92,297.53,357.8,65.56495785638657,28.593063354492188,False
1770904457.688063,501,63.12,63.81,297.53,357.8,65.84797191485599,7.4138641357421875,False
1770904457.698842,502,58.45,59.01,297.53,357.8,66.10965621214713,10.779142379760742,False
1770904457.727815,503,70.74,71.66,297.53,357.8,64.68709973516815,28.972864151000977,False
1770904457.73377,504,61.05,61.66,297.53,357.8,65.03240531137008,5.954980850219727,False
1770904457.760291,505,71.61,72.5,297.53,357.8,64.6587956720492,26.52120590209961,False
1770904457.76578,506,61.29,61.76,297.53,357.8,65.11116659400707,5.488872528076172,False
1770904457.776933,507,56.7,57.25,297.53,357.8,66.05588042137889,11.152982711791992,False
1770904457.812706,509,60.78,61.34,297.53,357.8,64.86822614230708,35.77303886413574,True
1770904457.813527,508,77.11,77.67,297.53,357.8,63.8372627132701,0.8211135864257812,False
1770904457.827223,510,58.71,59.31,297.53,357.8,64.79152179269298,13.695955276489258,False
1770904457.84289,511,58.33,58.8,297.53,357.8,64.61367346425273,15.666961669921875,False
1770904457.869538,512,68.82,69.45,297.53,357.8,63.99459681036859,26.64804458618164,False
1770904457.873101,513,56.85,57.43,297.53,357.8,64.6952648164401,3.56292724609375,False
1770904457.88863,514,56.32,56.84,297.53,357.8,65.58954771669057,15.52891731262207,False
1770904457.909954,515,61.3,61.9,297.53,357.8,64.49406809827789,21.32415771484375,False
1770904457.923282,516,58.43,59.08,297.53,357.8,64.36657334479864,13.327836990356445,False
1770904457.949975,517,70.12,70.76,297.53,357.8,63.551504958446024,26.693105697631836,False
1770904457.959168,518,62.65,63.31,297.53,357.8,64.72701346761338,9.192943572998047,False
1770904457.971055,519,58.53,59.01,297.53,357.8,64.2034605208206,11.887073516845703,False
1770904457.984611,520,56.48,57.12,297.53,357.8,64.13640664896782,13.55600357055664,False
1770904458.014633,521,69.78,70.46,297.53,357.8,64.20264154669087,30.02190589904785,False
1770904458.022565,522,62.8,63.32,297.53,357.8,63.94462802672552,7.931947708129883,False
1770904458.033524,523,56.85,57.31,297.53,357.8,64.07264094882962,10.959148406982422,False
1770904458.047292,524,54.79,55.5,297.53,357.8,64.95425346738276,13.76795768737793,False
1770904458.066929,525,58.94,59.46,297.53,357.8,63.89285545631944,19.637107849121094,False
1770904458.07947,526,55.21,55.88,297.53,357.8,63.92867657873766,12.540817260742188,False
1770904458.107446,527,67.25,67.83,297.53,357.8,63.05926524892998,27.976036071777344,False
1770904458.112542,528,56.52,57.05,297.53,357.8,64.83199877991538,5.095958709716797,False
1770904458.131101,529,58.57,59.02,297.53,357.8,63.840599820699154,18.558979034423828,False
1770904458.143549,530,55.25,55.94,297.53,357.8,63.80190088706204,12.44807243347168,False
1770904458.162363,531,58.24,58.77,297.53,357.8,64.11447849362787,18.8140869140625,False
1770904458.186419,532,66.03,66.74,297.53,357.8,63.31491604286806,24.055957794189453,False
1770904458.195526,533,59.81,60.3,297.53,357.8,63.63584043339228,9.106874465942383,False
1770904458.209876,534,57.58,58.15,297.53,357.8,64.69420041203445,14.350175857543945,False
1770904458.228901,535,60.61,61.17,297.53,357.8,63.39728276025729,19.02484893798828,False
1770904458.243275,536,58.73,59.27,297.53,357.8,63.616070311340735,14.374017715454102,False
1770904458.257948,537,57.89,58.51,297.53,357.8,63.42783388878653,14.672994613647461,False
1770904458.28319,538,66.3,67.08,297.53,357.8,62.7705706942752,25.242090225219727,False
1770904458.290239,539,57.59,58.08,297.53,357.8,64.45463481780315,7.049083709716797,False
1770904458.304676,540,56.59,57.26,297.53,357.8,63.55993165605265,14.436960220336914,False
1770904458.322193,541,57.75,58.41,297.53,357.8,63.51862209613424,17.5168514251709,False
1770904458.345096,542,64.41,65.08,297.53,357.8,63.28445765499344,22.9032039642334,False
1770904458.35452,543,57.71,58.46,297.53,357.8,63.98053977316063,9.423971176147461,False
1770904458.371737,544,59.44,59.94,297.53,357.8,63.57549080238156,17.216920852661133,False
1770904458.384813,545,56.87,57.45,297.53,357.8,63.91136965466134,13.076066970825195,False
1770904458.415926,546,71.5,72.36,297.53,357.8,62.39918949417027,31.1129093170166,False
1770904458.419088,547,58.66,59.3,297.53,357.8,63.19541622857384,3.161907196044922,False
1770904458.433487,548,57.1,57.61,297.53,357.8,64.0881910201034,14.399051666259766,False
1770904458.453502,549,60.81,61.47,297.53,357.8,63.045805605819915,20.01500129699707,False
1770904458.476654,550,67.96,68.61,297.53,357.8,62.37122863455721,23.15211296081543,False
1770904458.484104,551,59.21,59.87,297.53,357.8,63.93447470777579,7.449865341186523,False
1770904458.500022,552,59.85,60.4,297.53,357.8,63.11882830811213,15.91801643371582,False
1770904458.515384,553,59.14,59.83,297.53,357.8,63.16588125002353,15.362024307250977,False
1770904458.532901,554,60.24,60.82,297.53,357.8,62.85197514574862,17.51708984375,False
1770904458.545377,555,56.62,57.19,297.53,357.8,63.25124638450472,12.475967407226562,False
1770904458.573732,556,68.99,69.59,291.48,359.9,62.04270488953974,28.354883193969727,False
1770904458.577211,557,57.18,57.7,291.48,359.9,63.863961653947584,3.47900390625,False
1770904458.597269,558,60.62,61.11,291.48,359.9,62.53262635140222,20.058155059814453,False
1770904458.607781,559,55.82,56.25,291.48,359.9,62.77956823340612,10.51187515258789,False
1770904458.646484,561,62.54,63.23,291.48,359.9,63.15779516440982,38.702964782714844,True
1770904458.646538,560,78.22,78.85,291.48,359.9,61.55611053954394,0.05412101745605469,False
1770904458.65783,562,57.81,58.41,291.48,359.9,62.56595812282913,11.291980743408203,False
1770904458.671555,563,55.19,55.65,291.48,359.9,63.57682388015359,13.725042343139648,False
1770904458.705301,565,57.14,57.73,291.48,359.9,62.7874873892518,33.74600410461426,True
1770904458.70596,564,73.93,74.33,291.48,359.9,62.38969872855215,0.6589889526367188,False
1770904458.718587,566,54.63,55.23,291.48,359.9,62.97183288200618,12.626886367797852,False
1770904458.751122,567,70.88,71.42,291.48,359.9,61.58968880665778,32.53507614135742,False
1770904458.754994,568,58.33,59.02,291.48,359.9,62.613558582698126,3.871917724609375,False
1770904458.767654,569,55.07,55.55,291.48,359.9,63.93279988645388,12.660026550292969,False
1770904458.787475,570,59.29,59.99,291.48,359.9,62.483595024219206,19.8211669921875,False
1770904458.813703,571,69.19,69.8,291.48,359.9,61.803867250671374,26.227951049804688,False
1770904458.81842,572,57.69,58.26,291.48,359.9,63.23231820707008,4.7168731689453125,False
1770904458.832185,573,56.0,56.41,291.48,359.9,62.55969015758112,13.765096664428711,False
1770904458.84659,574,54.15,54.96,291.48,359.9,62.63308690743797,14.405012130737305,False
1770904458.872851,575,64.7,65.31,291.48,359.9,62.31197207405783,26.260852813720703,False
1770904458.879424,576,55.08,55.83,291.48,359.9,62.75217306415324,6.573200225830078,False
1770904458.900325,577,60.5,61.08,291.48,359.9,63.13463154189717,20.900964736938477,False
1770904458.924045,578,67.57,68.4,291.48,359.9,62.18408357029969,23.72002601623535,False
1770904458.937851,579,65.49,66.07,291.48,359.9,62.060667278909484,13.805866241455078,False
1770904458.970867,581,66.68,67.42,291.48,359.9,61.850074589215396,33.01596641540527,False
1770904458.971053,580,82.59,83.55,291.48,359.9,61.68838314492576,0.18596649169921875,False
1770904458.983329,582,62.8,63.55,291.48,359.9,62.45028893945188,12.276172637939453,False
1770904459.008265,583,72.24,72.92,291.48,359.9,61.55481415530922,24.93596076965332,False
1770904459.018409,584,66.47,67.2,291.48,359.9,61.78452110891789,10.14399528503418,False
1770904459.048133,585,78.96,79.93,291.48,359.9,61.149376243327914,29.7238826751709,False
1770904459.049514,586,65.51,66.3,291.48,359.9,61.852855731371015,1.3811588287353516,False
1770904459.070968,587,71.09,71.7,291.48,359.9,62.271544036281355,21.453857421875,False
1770904459.083926,588,67.04,68.45,291.48,359.9,61.767536840865134,12.958049774169922,False
1770904459.118668,589,86.19,86.74,291.48,359.9,60.75536006964487,34.742116928100586,True
1770904459.123147,590,74.45,75.25,291.48,359.9,61.249611802376016,4.478931427001953,False
1770904459.1351,591,71.1,71.69,291.48,359.9,61.681636606687235,11.952877044677734,False
1770904459.148971,592,67.61,68.81,291.48,359.9,62.33429009351943,13.871192932128906,False
1770904459.162884,593,66.1,66.77,291.48,359.9,62.02460002651949,13.91291618347168,False
1770904459.176843,594,64.21,64.78,291.48,359.9,62.049695827137406,13.958930969238281,False
1770904459.198645,595,70.63,71.33,291.48,359.9,61.87198609825141,21.802186965942383,False
1770904459.207342,596,62.51,63.09,291.48,359.9,62.23633949040333,8.696794509887695,False
1770904459.221598,597,60.75,61.57,291.48,359.9,62.26327062346094,14.256000518798828,False
1770904459.244886,598,69.07,69.67,291.48,359.9,62.38978392991947,23.28801155090332,False
1770904459.254094,599,61.21,62.13,291.48,359.9,62.25004081430727,9.207963943481445,False
1770904459.266165,600,58.46,58.9,291.48,359.9,62.40321247616717,12.07113265991211,False
1770904459.281099,601,56.51,57.26,291.48,359.9,62.57129388176464,14.934062957763672,False
1770904459.310525,602,70.55,71.12,291.48,359.9,62.148548070753925,29.425859451293945,False
1770904459.312407,603,55.49,56.15,291.48,359.9,62.63787285612628,1.8820762634277344,False
1770904459.331043,604,59.3,59.8,291.48,359.9,62.545214869889584,18.635988235473633,False
1770904459.344562,605,55.78,56.31,291.48,359.9,62.51634650186971,13.519048690795898,False
1770904459.374054,606,69.5,70.16,291.48,359.9,62.62211472423781,29.491901397705078,False
1770904459.378482,607,58.3,58.91,291.48,359.9,62.53946393021257,4.42814826965332,False
1770904459.397381,608,60.77,61.25,291.48,359.9,62.247500225706276,18.898963928222656,False
1770904459.410301,609,58.14,58.6,291.48,359.9,62.70909365464057,12.919902801513672,False
1770904459.445034,611,60.75,61.36,291.48,359.9,62.99180240688582,34.73305702209473,True
1770904459.445068,610,76.35,76.89,291.48,359.9,61.396683103527415,0.033855438232421875,False
1770904459.457531,612,57.43,58.09,291.48,359.9,62.662593710689315,12.463092803955078,False
1770904459.473658,613,57.63,58.14,291.48,359.9,62.61256395092371,16.12710952758789,False
1770904459.489984,614,57.49,58.04,291.48,359.9,62.69048852140238,16.325950622558594,False
1770904459.515004,615,65.89,66.82,291.48,359.9,61.879471146398615,25.01988410949707,False
1770904459.520963,616,56.86,57.54,291.48,359.9,63.34251788647047,5.959033966064453,False
1770904459.535917,617,55.6,56.09,291.48,359.9,62.584349326864135,14.954090118408203,False
1770904459.570078,618,73.82,74.38,291.48,359.9,61.6770712425887,34.16085243225098,True
1770904459.5717,619,58.94,59.49,291.48,359.9,62.245883595475604,1.6222000122070312,False
1770904459.583819,620,56.02,56.6,291.48,359.9,62.94441058657987,12.118816375732422,False
1770904459.612593,621,67.99,68.5,291.48,359.9,63.14340827378966,28.774023056030273,False
1770904459.618289,622,58.4,58.94,291.48,359.9,62.47013186438381,5.69605827331543,False
1770904459.647965,623,71.48,72.12,291.48,359.9,61.449601500234415,29.675960540771484,False
1770904459.648033,624,55.18,56.14,291.48,359.9,62.58407366118848,0.06794929504394531,False
1770904459.666167,625,57.92,58.44,291.48,359.9,63.52796940954462,18.134117126464844,False
1770904459.698585,627,58.36,58.93,291.48,359.9,62.24501789359212,32.418012619018555,False
1770904459.698632,626,73.86,75.14,291.48,359.9,62.268471834822336,0.04696846008300781,False
1770904459.712591,628,55.81,56.41,291.48,359.9,62.656836766171544,13.958930969238281,False
1770904459.736361,629,64.59,65.11,291.48,359.9,61.938227716504734,23.77009391784668,False
1770904459.746037,630,57.72,58.54,291.48,359.9,62.5937669444099,9.675979614257812,False
1770904459.763566,631,59.28,59.77,291.48,359.9,63.167006943248694,17.529010772705078,False
1770904459.791998,633,56.17,56.79,291.48,359.9,62.655484706434365,28.43189239501953,False
1770904459.79206,632,71.43,72.38,291.48,359.9,61.46634519015988,0.06198883056640625,False
1770904459.809317,634,56.61,57.13,291.48,359.9,62.32295930876158,17.257213592529297,False
1770904459.838764,635,70.53,71.07,291.48,359.9,62.11739197938061,29.446840286254883,False
1770904459.844611,636,59.91,60.67,291.48,359.9,62.16413016172025,5.846977233886719,False
1770904459.856516,637,56.62,57.26,291.48,359.9,62.74898112605363,11.90495491027832,False
1770904459.875194,638,59.11,59.7,291.48,359.9,63.081600077003905,18.67818832397461,False
1770904459.905241,639,72.86,73.48,291.48,359.9,62.022551661997156,30.046939849853516,False
1770904459.905286,640,56.71,57.49,291.48,359.9,63.14082890602714,0.04506111145019531,False
1770904459.924681,641,59.84,60.47,291.48,359.9,63.96623836256058,19.394874572753906,False
1770904459.945022,642,65.22,65.74,291.48,359.9,62.38996953862684,20.341157913208008,False
1770904459.955679,643,59.7,60.23,291.48,359.9,63.33029169986376,10.65683364868164,False
1770904459.983372,644,71.19,71.78,291.48,359.9,62.17855247436099,27.69303321838379,False
1770904459.98553,645,57.88,58.33,291.48,359.9,64.00703202256108,2.157926559448242,False
1770904460.001188,646,57.16,57.71,291.48,359.9,63.046800664393565,15.658140182495117,False
1770904460.017862,647,57.88,58.33,291.48,359.9,63.36505385034906,16.674041748046875,False
1770904460.032993,648,56.61,57.16,291.48,359.9,63.21997570261935,15.130996704101562,False
1770904460.060044,649,67.59,68.33,291.48,359.9,63.73648983883921,27.05097198486328,False
1770904460.066133,650,58.34,58.88,291.48,359.9,63.627667078785485,6.088972091674805,False
1770904460.078917,651,53.6,54.44,291.48,359.9,63.57163643418372,12.784004211425781,False
1770904460.111295,652,70.65,71.17,291.48,359.9,62.34906952666057,32.37795829772949,False
1770904460.111932,653,55.81,56.36,291.48,359.9,63.22124626563459,0.637054443359375,False
1770904460.130785,654,58.98,59.57,291.48,359.9,62.89690169484917,18.852949142456055,False
1770904460.154927,655,66.02,66.82,291.48,359.9,62.74300493874623,24.142026901245117,False
1770904460.163882,656,59.7,60.22,291.48,359.9,62.72606816516368,8.955001831054688,False
1770904460.184459,657,63.55,64.32,291.48,359.9,62.31428647835401,20.576953887939453,False
1770904460.195279,658,58.73,59.35,291.48,359.9,63.13178067435529,10.81991195678711,False
1770904460.20816,659,56.06,56.77,291.48,359.9,62.8887284547872,12.881040573120117,False
1770904460.234859,660,66.08,66.63,291.48,359.9,61.93906616224427,26.699066162109375,False
1770904460.242015,661,57.6,58.31,291.48,359.9,62.44043417321424,7.155895233154297,False
1770904460.256901,662,56.31,57.23,291.48,359.9,63.39974237848697,14.886140823364258,False
1770904460.282502,663,65.52,66.27,291.48,359.9,61.849617818005136,25.600910186767578,False
1770904460.289925,664,57.59,58.36,291.48,359.9,62.57286522621594,7.423162460327148,False
1770904460.30353,665,54.69,55.34,291.48,359.9,62.567264755160295,13.604879379272461,False
1770904460.321588,666,57.05,57.63,291.48,359.9,63.322260373414224,18.058061599731445,False
1770904460.345105,667,65.09,65.65,291.48,359.9,62.071780401597316,23.51689338684082,False
1770904460.355365,668,58.55,59.14,291.48,359.9,62.63152812440581,10.26010513305664,False
1770904460.368809,669,56.63,57.15,291.48,359.9,62.59728565764423,13.443946838378906,False
1770904460.39488,670,66.17,66.7,291.48,359.9,62.11533046532041,26.07107162475586,False
1770904460.40148,671,57.32,57.9,291.48,359.9,63.7800394517439,6.599903106689453,False
1770904460.417184,672,56.89,57.59,291.48,359.9,62.522590251068486,15.704154968261719,False
1770904460.446492,673,69.97,70.57,291.48,359.9,61.67548410545047,29.307842254638672,False
1770904460.450497,674,58.11,59.19,291.48,359.9,62.46662743134667,4.004955291748047,False
1770904460.467289,675,59.24,59.73,291.48,359.9,63.00634449233922,16.79205894470215,False
1770904460.481056,676,56.07,57.48,291.48,359.9,62.493944506499005,13.767004013061523,False
1770904460.510965,677,70.64,71.16,291.48,359.9,61.53542798793441,29.909133911132812,False
1770904460.514039,678,57.62,58.33,291.48,359.9,63.561938342013406,3.0739307403564453,False
1770904460.53085,679,58.96,59.42,291.48,359.9,62.55539818134183,16.810894012451172,False
1770904460.543807,680,55.77,56.55,291.48,359.9,62.50077362819454,12.957096099853516,False
1770904460.572673,681,68.59,69.12,291.48,359.9,62.49478254564093,28.866052627563477,False
1770904460.577945,682,57.06,57.77,291.48,359.9,62.522403852436554,5.27191162109375,False
1770904460.59592,683,59.41,59.93,299.33,361.2,63.29413492715817,17.9750919342041,False
1770904460.625444,684,72.7,73.48,299.33,361.2,61.38666134576914,29.523849487304688,False
1770904460.630676,685,62.46,63.02,299.33,361.2,62.20781699116339,5.232095718383789,False
1770904460.641216,686,56.63,57.15,299.33,361.2,62.590769462685536,10.540008544921875,False
1770904460.660509,687,59.92,60.52,299.33,361.2,63.417664810548274,19.29306983947754,False
1770904460.673765,688,57.88,58.53,299.33,361.2,62.42366033512458,13.255834579467773,False
1770904460.698064,689,65.54,66.37,299.33,361.2,62.38931991298258,24.299144744873047,False
1770904460.704006,690,55.9,56.63,299.33,361.2,62.632510148672985,5.941867828369141,False
1770904460.721612,691,57.62,58.29,299.33,361.2,62.627475651613004,17.606019973754883,False
1770904460.746709,692,66.27,66.81,299.33,361.2,61.79879326202586,25.097131729125977,False
1770904460.755393,693,58.64,59.2,299.33,361.2,63.321812681165156,8.683919906616211,False
1770904460.768624,694,55.94,56.49,299.33,361.2,62.54515269191339,13.231039047241211,False
1770904460.788413,695,59.56,60.25,299.33,361.2,63.181232185747994,19.78898048400879,False
1770904460.811754,696,67.61,68.33,299.33,361.2,62.038391792711536,23.340940475463867,False
1770904460.81825,697,58.0,58.62,299.33,361.2,62.3873092526783,6.495952606201172,False
1770904460.833489,698,57.26,57.72,299.33,361.2,62.61120869387816,15.23900032043457,False
1770904460.864823,699,72.72,73.35,299.33,361.2,62.52721950695926,31.33416175842285,False
1770904460.865687,700,57.54,58.07,299.33,361.2,62.47391585300976,0.8637905120849609,False
1770904460.880279,701,55.92,57.0,299.33,361.2,62.787901106492924,14.592170715332031,False
1770904460.899212,702,59.09,59.6,299.33,361.2,62.88057305026633,18.932819366455078,False
1770904460.930035,703,72.63,73.49,299.33,361.2,61.5791243204251,30.823230743408203,False
1770904460.933196,704,60.76,61.34,299.33,361.2,63.16959143301293,3.1609535217285156,False
1770904460.945285,705,57.31,57.86,299.33,361.2,62.515942720230136,12.089014053344727,False
1770904460.964538,706,60.69,61.18,299.33,361.2,62.28265574547039,19.253015518188477,False
1770904460.991537,707,71.09,71.75,299.33,361.2,61.6222037376628,26.99899673461914,False
1770904460.994995,708,59.24,59.67,299.33,361.2,62.36993017721006,3.4580230712890625,False
1770904461.009374,709,57.42,57.97,299.33,361.2,63.20247889259522,14.378786087036133,False
1770904461.039005,710,70.72,71.34,299.33,361.2,61.6730657678272,29.63113784790039,False
1770904461.042851,711,58.23,58.74,299.33,361.2,62.24492905324519,3.8459300994873047,False
1770904461.06023,712,59.4,60.07,299.33,361.2,63.22877539934706,17.379045486450195,False
1770904461.071343,713,55.28,55.82,299.33,361.2,62.538376033564106,11.11292839050293,False
1770904461.101478,714,69.62,70.2,299.33,361.2,61.81150282631303,30.135154724121094,False
1770904461.10455,715,55.81,56.51,299.33,361.2,63.182977082390266,3.0717849731445312,False
1770904461.121754,716,57.16,57.82,299.33,361.2,62.63885507936816,17.20404624938965,False
1770904461.150114,717,70.02,70.65,299.33,361.2,62.133986264061164,28.36012840270996,False
1770904461.157467,718,61.26,61.88,299.33,361.2,62.357875654562804,7.3528289794921875,False
1770904461.168612,719,56.32,56.93,299.33,361.2,62.47058157673415,11.14511489868164,False
1770904461.189958,720,61.15,61.77,299.33,361.2,62.820705865437034,21.346092224121094,False
1770904461.215158,721,70.82,71.51,299.33,361.2,61.655885916948456,25.19989013671875,False
1770904461.2175,722,57.05,57.67,299.33,361.2,62.46103045784558,2.3419857025146484,False
1770904461.235442,723,59.09,59.66,299.33,361.2,62.96304154198733,17.941951751708984,False
1770904461.261063,724,67.94,68.89,299.33,361.2,61.78318629260973,25.62117576599121,False
1770904461.265594,725,57.73,58.21,299.33,361.2,62.36591148518694,4.530906677246094,False
1770904461.279214,726,54.73,55.53,299.33,361.2,62.654949217915565,13.61989974975586,False
1770904461.297584,727,57.52,58.04,299.33,361.2,62.99350661216169,18.37015151977539,False
1770904461.312086,728,55.65,56.23,299.33,361.2,62.7142037974182,14.50204849243164,False
1770904461.340808,729,68.44,69.02,299.33,361.2,61.7284630152772,28.72180938720703,False
1770904461.344339,730,56.38,56.96,299.33,361.2,63.193892804669844,3.5309791564941406,False
1770904461.362384,731,58.17,58.66,299.33,361.2,62.44119331349043,18.04518699645996,False
1770904461.378004,732,56.98,57.76,299.33,361.2,62.44666276754845,15.619993209838867,False
1770904461.393205,733,56.52,57.31,299.33,361.2,63.37718173809724,15.20085334777832,False
1770904461.415385,734,63.02,63.85,299.33,361.2,62.18337676431678,22.18008041381836,False
1770904461.428157,735,60.11,60.59,299.33,361.2,62.44353282104763,12.772083282470703,False
1770904461.458225,737,57.37,57.98,299.33,361.2,62.42522808099657,30.067920684814453,False
1770904461.459456,736,74.59,75.35,299.33,361.2,62.204078718856664,1.2309551239013672,False
1770904461.471792,738,55.81,56.59,299.33,361.2,62.646635999489185,12.336015701293945,False
1770904461.500081,739,68.29,68.87,299.33,361.2,61.90473894594428,28.289079666137695,False
1770904461.506561,740,58.27,59.0,299.33,361.2,62.321215289532184,6.479978561401367,False
1770904461.521329,741,56.89,57.55,299.33,361.2,63.2473835440547,14.767885208129883,False
1770904461.550498,742,69.95,70.55,299.33,361.2,61.69329495636749,29.169082641601562,False
1770904461.555922,743,59.65,60.3,299.33,361.2,62.499873340386536,5.424022674560547,False
1770904461.567892,744,55.48,56.09,299.33,361.2,63.66398054700912,11.970043182373047,False
1770904461.604876,746,60.1,60.64,299.33,361.2,62.615478705687174,36.98396682739258,True
1770904461.605054,745,76.76,77.14,299.33,361.2,61.213615199416026,0.17786026000976562,False
1770904461.615115,747,54.27,55.03,299.33,361.2,62.85316816799192,10.061025619506836,False
1770904461.655912,749,63.55,64.29,299.33,361.2,62.108830290067324,40.79699516296387,True
1770904461.655963,748,79.3,79.97,299.33,361.2,61.59314178019916,0.051021575927734375,False
1770904461.666449,750,57.73,58.21,299.33,361.2,62.34134690058584,10.486125946044922,False
1770904461.691491,751,66.8,67.36,299.33,361.2,61.8633926971384,25.041818618774414,False
1770904461.700176,752,59.77,60.28,299.33,361.2,62.92824689369938,8.685111999511719,False
1770904461.713885,753,57.83,58.49,299.33,361.2,62.59832889201974,13.709068298339844,False
1770904461.735092,754,62.98,63.55,299.33,361.2,62.08173354450052,21.20685577392578,False
1770904461.761366,755,72.52,73.24,299.33,361.2,61.66794254152311,26.27396583557129,False
1770904461.765198,756,61.45,61.93,299.33,361.2,62.92975753644505,3.832101821899414,False
1770904461.79186,757,71.03,71.82,299.33,361.2,61.626308245851654,26.662111282348633,False
1770904461.797852,758,61.18,61.68,299.33,361.2,62.21722929407204,5.991935729980469,False
1770904461.822774,759,70.52,71.36,299.33,361.2,62.633694853851615,24.921894073486328,False
1770904461.826647,760,58.48,59.35,299.33,361.2,62.43755270670892,3.873109817504883,False
1770904461.859914,762,59.29,59.98,299.33,361.2,62.26808963108501,33.26702117919922,False
1770904461.859989,761,75.43,76.21,299.33,361.2,61.408627891620185,0.07486343383789062,False
1770904461.872545,763,56.42,57.08,299.33,361.2,63.65980947456638,12.556076049804688,False
1770904461.89046,764,58.51,59.03,299.33,361.2,62.678637608043324,17.915010452270508,False
1770904461.917839,765,69.08,69.9,299.33,361.2,61.69323446069033,27.37903594970703,False
1770904461.922035,766,58.17,58.76,299.33,361.2,62.663389469160236,4.195928573608398,False
1770904461.937803,767,57.59,58.11,299.33,361.2,63.40712237841613,15.768051147460938,False
1770904461.954938,768,58.4,59.04,299.33,361.2,62.50372302853345,17.134904861450195,False
1770904461.981072,769,68.88,69.69,299.33,361.2,61.747577103428036,26.134014129638672,False
1770904461.985221,770,57.48,58.02,299.33,361.2,63.41047749184434,4.148960113525391,False
1770904461.999999,771,55.53,56.03,299.33,361.2,62.68622542389347,14.77813720703125,False
1770904462.017499,772,57.32,57.92,299.33,361.2,62.6783097808585,17.499923706054688,False
1770904462.03379,773,58.03,58.58,299.33,361.2,62.341084364927035,16.291141510009766,False
1770904462.047969,774,54.98,56.55,299.33,361.2,63.392044728909326,14.178991317749023,False
1770904462.065951,775,57.25,57.8,299.33,361.2,62.40890742977709,17.982006072998047,False
1770904462.091567,776,67.18,67.91,299.33,361.2,61.86759023731154,25.615930557250977,False
1770904462.096891,777,56.4,56.93,299.33,361.2,63.37290453202789,5.323886871337891,False
1770904462.112772,778,55.89,56.62,299.33,361.2,62.80715975681584,15.881061553955078,False
1770904462.132718,779,60.15,60.62,299.33,361.2,62.23381541013622,19.94609832763672,False
1770904462.165708,781,61.15,61.73,299.33,361.2,62.51601527833705,32.9899787902832,False
1770904462.166987,780,78.9,79.59,299.33,361.2,61.98592676829666,1.2788772583007812,False
1770904462.176505,782,56.01,56.58,299.33,361.2,62.56483819569561,9.518146514892578,False
1770904462.204157,783,67.76,68.3,299.33,361.2,61.9377094159464,27.65202522277832,False
1770904462.214311,784,61.52,62.18,299.33,361.2,62.942711127551796,10.153770446777344,False
1770904462.227619,785,58.91,59.53,299.33,361.2,62.368446292154324,13.308048248291016,False
1770904462.243339,786,59.06,59.62,299.33,361.2,62.23258422576199,15.720129013061523,False
1770904462.260885,787,60.36,60.84,299.33,361.2,62.28583124792563,17.54593849182129,False
1770904462.281429,788,65.15,66.05,299.33,361.2,61.89759794024132,20.544052124023438,False
1770904462.291123,789,58.65,59.23,299.33,361.2,63.136959941393556,9.69386100769043,False
1770904462.304732,790,56.6,57.24,299.33,361.2,62.4744121478156,13.609170913696289,False
1770904462.334639,791,70.1,70.57,299.33,361.2,61.712205668901376,29.9069881439209,False
1770904462.33687,792,57.07,57.58,299.33,361.2,62.57392320554979,2.2308826446533203,False
1770904462.354746,793,58.02,58.56,299.33,361.2,62.3998238530363,17.876148223876953,False
1770904462.370254,794,57.98,58.41,299.33,361.2,62.83584239843536,15.507936477661133,False
1770904462.385253,795,57.01,57.55,299.33,361.2,62.68964522534278,14.998912811279297,False
1770904462.422719,796,77.89,78.64,299.33,361.2,61.17197267698642,37.46604919433594,True
1770904462.424278,797,63.8,64.39,299.33,361.2,63.22409376199263,1.5590190887451172,False
1770904462.436342,798,60.2,60.88,299.33,361.2,62.20517221604818,12.063980102539062,False
1770904462.463761,799,71.87,72.5,299.33,361.2,62.26132969418108,27.419090270996094,False
1770904462.468266,800,60.06,60.64,299.33,361.2,62.389196176298434,4.504919052124023,False
1770904462.482405,801,58.17,58.63,299.33,361.2,62.430024968711585,14.138936996459961,False
1770904462.497336,802,57.22,57.83,299.33,361.2,63.368819381737985,14.930963516235352,False
1770904462.523404,803,66.4,67.38,299.33,361.2,62.01666718828127,26.06797218322754,False
1770904462.531424,804,59.46,59.97,299.33,361.2,62.27089687445717,8.020162582397461,False
1770904462.544398,805,56.29,56.84,299.33,361.2,62.797888972885374,12.974023818969727,False
1770904462.562216,806,58.3,58.76,299.33,361.2,63.730059240841435,17.817974090576172,False
1770904462.590794,807,69.98,70.83,299.33,361.2,61.495625315379264,28.57804298400879,False
1770904462.594386,808,58.18,58.85,299.33,361.2,62.86800570899278,3.5920143127441406,False
1770904462.607902,809,55.73,56.29,299.33,361.2,64.07972906703748,13.515949249267578,False
1770904462.626276,810,58.42,58.87,299.33,361.2,62.51126855094359,18.373966217041016,False
1770904462.654968,811,70.45,71.1,295.34,360.0,62.27444102074774,28.692007064819336,False
1770904462.655023,812,54.86,55.52,295.34,360.0,62.83728584772876,0.05507469177246094,False
1770904462.674193,813,57.61,58.13,295.34,360.0,62.479964983565566,19.16980743408203,False
1770904462.688758,814,56.59,57.2,295.34,360.0,62.91511050721694,14.564990997314453,False
1770904462.718323,815,69.56,70.3,295.34,360.0,62.698735278487625,29.565095901489258,False
1770904462.723239,816,58.86,59.48,295.34,360.0,62.627802947255255,4.915952682495117,False
1770904462.736499,817,56.75,57.23,295.34,360.0,63.516329585576145,13.260126113891602,False
1770904462.75584,818,59.15,59.64,295.34,360.0,62.63126313900649,19.340991973876953,False
1770904462.783498,819,71.36,71.83,295.34,360.0,62.452892604643324,27.65798568725586,False
1770904462.785121,820,57.06,57.65,295.34,360.0,62.59951230444978,1.622915267944336,False
1770904462.811796,821,67.58,68.15,295.34,360.0,61.982480071294,26.674985885620117,False
1770904462.819013,822,58.31,58.98,295.34,360.0,63.60632044388989,7.217168807983398,False
1770904462.834755,823,58.31,58.89,295.34,360.0,62.35645414627728,15.741825103759766,False
1770904462.846048,824,54.0,54.81,295.34,360.0,62.78855905910814,11.293172836303711,False
1770904462.877355,825,68.8,69.32,295.34,360.0,62.531523154914574,31.306982040405273,False
1770904462.882927,826,58.11,58.78,295.34,360.0,62.44198345868878,5.571842193603516,False
1770904462.899803,827,59.31,59.92,295.34,360.0,62.37006929505418,16.8759822845459,False
1770904462.925372,828,67.6,69.15,295.34,360.0,61.828010009102535,25.56896209716797,False
1770904462.931423,829,59.62,60.16,295.34,360.0,63.13456818648786,6.051063537597656,False
1770904462.946079,830,57.3,58.0,295.34,360.0,62.44418357616663,14.65606689453125,False
1770904462.976883,831,72.53,73.03,295.34,360.0,61.419786652244326,30.803918838500977,False
1770904462.980633,832,59.75,60.52,295.34,360.0,62.296624210301964,3.7500858306884766,False
1770904462.994353,833,58.23,58.83,295.34,360.0,62.4633714521582,13.720035552978516,False
1770904463.027024,834,74.04,74.81,295.34,360.0,61.28358919885624,32.67097473144531,False
1770904463.028892,835,60.13,60.64,295.34,360.0,62.30911787885068,1.8680095672607422,False
1770904463.043109,836,58.66,59.23,295.34,360.0,63.05555221475218,14.216899871826172,False
1770904463.060222,837,59.39,60.09,295.34,360.0,62.28388891185082,17.11297035217285,False
1770904463.074726,838,58.52,59.19,295.34,360.0,62.37303729024608,14.504194259643555,False
1770904463.098153,839,66.35,66.81,295.34,360.0,62.14814902620879,23.42700958251953,False
1770904463.108576,840,59.65,60.33,295.34,360.0,62.57503739245323,10.422945022583008,False
1770904463.121335,841,57.08,57.63,295.34,360.0,63.91797794857933,12.758970260620117,False
1770904463.150955,842,70.52,71.1,295.34,360.0,61.57320316240774,29.619932174682617,False
1770904463.152216,843,56.37,56.94,295.34,360.0,63.28721091969791,1.260995864868164,False
1770904463.169071,844,56.73,57.31,295.34,360.0,62.843013229438284,16.85500144958496,False
1770904463.185798,845,56.62,57.62,295.34,360.0,62.6187801917642,16.726970672607422,False
1770904463.20424,846,60.08,60.78,295.34,360.0,62.441394721151795,18.442153930664062,False
1770904463.229684,847,69.76,70.43,295.34,360.0,61.932343990482934,25.44403076171875,False
1770904463.236121,848,59.37,59.9,295.34,360.0,62.84750171566938,6.436824798583984,False
1770904463.250261,849,57.65,58.31,295.34,360.0,62.55616011963458,14.140129089355469,False
1770904463.279461,850,71.47,72.12,295.34,360.0,61.55558202670102,29.199838638305664,False
1770904463.281652,851,56.84,57.69,295.34,360.0,63.357109409223426,2.1910667419433594,False
1770904463.299321,852,58.52,59.06,295.34,360.0,62.340837274562205,17.668962478637695,False
1770904463.311869,853,55.91,56.45,295.34,360.0,62.687880623664824,12.547969818115234,False
1770904463.332959,854,60.24,60.82,295.34,360.0,62.32439472524795,21.090030670166016,False
1770904463.357249,855,68.82,69.46,295.34,360.0,61.72864470999279,24.290084838867188,False
1770904463.362881,856,58.97,59.44,295.34,360.0,63.8187925164677,5.631923675537109,False
1770904463.386554,857,65.97,66.53,295.34,360.0,62.35217456154217,23.673057556152344,False
1770904463.396998,858,60.37,60.92,295.34,360.0,62.45732553409626,10.443925857543945,False
1770904463.427284,859,74.49,75.74,295.34,360.0,62.27148240124237,30.286073684692383,False
1770904463.430322,860,61.83,62.24,295.34,360.0,62.36643697701823,3.0379295349121094,False
1770904463.441624,861,57.45,57.96,295.34,360.0,62.55088913059472,11.301994323730469,False
1770904463.471265,862,70.57,71.1,295.34,360.0,61.606122956066834,29.641151428222656,False
1770904463.473924,863,57.72,58.27,295.34,360.0,63.123340448533526,2.658843994140625,False
1770904463.488513,864,56.56,57.1,295.34,360.0,62.69009810373956,14.589071273803711,False
1770904463.513554,865,65.18,65.81,295.34,360.0,61.90953606884243,25.04110336303711,False
1770904463.521888,866,57.4,58.0,295.34,360.0,62.52136314716746,8.333921432495117,False
1770904463.535791,867,55.18,55.69,295.34,360.0,63.49227622133795,13.902902603149414,False
1770904463.565875,868,69.8,70.35,295.34,360.0,61.76086700435858,30.08413314819336,False
1770904463.569091,869,56.69,57.18,295.34,360.0,62.422684849060616,3.2160282135009766,False
1770904463.582908,870,55.19,55.7,295.34,360.0,62.72004944665357,13.81683349609375,False
1770904463.599417,871,55.1,55.52,295.34,360.0,63.52910883430869,16.509056091308594,False
1770904463.636926,872,76.2,76.74,295.34,360.0,61.10584234310469,37.50896453857422,True
1770904463.63818,873,61.51,61.97,295.34,360.0,62.241496022387906,1.2540817260742188,False
1770904463.656383,874,63.72,64.37,295.34,360.0,62.007483527222035,18.203020095825195,False
1770904463.675265,875,67.27,67.76,295.34,360.0,62.69971941143671,18.882036209106445,False
1770904463.689103,876,64.52,65.25,295.34,360.0,62.12055065170754,13.837814331054688,False
1770904463.701554,877,61.78,62.34,295.34,360.0,62.172623003389056,12.451171875,False
1770904463.717188,878,60.11,61.45,295.34,360.0,62.41237443222471,15.633821487426758,False
1770904463.731612,879,59.27,59.82,295.34,360.0,63.28353464876965,14.42408561706543,False
1770904463.756474,880,68.17,69.06,295.34,360.0,61.76950775008284,24.862051010131836,False
1770904463.763296,881,59.12,59.54,295.34,360.0,63.05833299923826,6.821870803833008,False
1770904463.776503,882,56.62,57.24,295.34,360.0,62.66384196828489,13.207197189331055,False
1770904463.804491,883,68.13,68.67,295.34,360.0,61.87250329943098,27.987957000732422,False
1770904463.808177,884,55.45,56.09,295.34,360.0,62.36170786931159,3.6859512329101562,False
1770904463.827515,885,59.7,60.08,295.34,360.0,63.14727348962765,19.337892532348633,False
1770904463.842036,886,57.82,58.35,295.34,360.0,62.55805727112617,14.521121978759766,False
1770904463.872371,887,71.96,72.6,295.34,360.0,61.69234216323311,30.334949493408203,False
1770904463.876733,888,60.75,61.47,295.34,360.0,63.06753029472987,4.3621063232421875,False
1770904463.892359,889,59.52,60.58,295.34,360.0,62.439117341006906,15.625953674316406,False
1770904463.909214,890,60.41,61.04,295.34,360.0,62.29656252560536,16.85500144958496,False
1770904463.922826,891,58.13,58.73,295.34,360.0,63.42876110912137,13.612031936645508,False
1770904463.946989,892,66.5,67.14,295.34,360.0,62.08891710259891,24.163007736206055,False
1770904463.955393,893,59.43,60.02,295.34,360.0,62.432363639430854,8.404016494750977,False
1770904463.967655,894,55.8,56.31,295.34,360.0,63.78697444954645,12.26186752319336,False
1770904463.997924,895,70.05,70.51,295.34,360.0,61.91745675576928,30.269145965576172,False
1770904464.002498,896,58.24,58.82,295.34,360.0,62.539805848404896,4.573822021484375,False
1770904464.016243,897,55.99,56.68,295.34,360.0,62.76012302726067,13.74506950378418,False
1770904464.035753,898,59.39,59.98,295.34,360.0,62.43321551667035,19.51003074645996,False
1770904464.067615,899,75.21,76.22,295.34,360.0,61.890001962511604,31.86202049255371,False
1770904464.067672,900,59.22,60.03,295.34,360.0,62.55891258197149,0.05698204040527344,False
1770904464.082448,901,58.62,59.2,295.34,360.0,62.427624528676326,14.775991439819336,False
1770904464.100451,902,60.09,60.54,295.34,360.0,63.19141739747268,18.002986907958984,False
1770904464.113453,903,57.73,58.21,295.34,360.0,62.4195727877928,13.00191879272461,False
1770904464.139249,904,66.78,67.48,295.34,360.0,61.84431323727238,25.796175003051758,False
1770904464.145645,905,57.41,58.0,295.34,360.0,62.50996425635077,6.395816802978516,False
1770904464.164032,906,59.74,60.44,295.34,360.0,62.51355119745612,18.3870792388916,False
1770904464.179618,907,59.44,59.99,295.34,360.0,63.162298324603675,15.585899353027344,False
1770904464.196118,908,59.95,60.59,295.34,360.0,62.50018378152846,16.500234603881836,False
1770904464.208423,909,56.08,56.59,295.34,360.0,62.61990205089949,12.30478286743164,False
1770904464.238994,910,70.88,71.51,295.34,360.0,62.530419997351274,30.57098388671875,False
1770904464.241823,911,57.47,58.0,295.34,360.0,62.488870194020784,2.8290748596191406,False
1770904464.261572,912,61.04,61.76,295.34,360.0,62.35379671766883,19.748926162719727,False
1770904464.271825,913,55.66,56.23,295.34,360.0,62.50285370266057,10.253190994262695,False
1770904464.302173,914,69.36,70.09,295.34,360.0,61.905835365634665,30.347824096679688,False
1770904464.305289,915,56.69,57.34,295.34,360.0,63.28846827054237,3.116130828857422,False
1770904464.321127,916,56.88,57.41,295.34,360.0,62.614402209408645,15.837907791137695,False
1770904464.356276,918,60.07,60.86,295.34,360.0,62.904624163052276,35.14909744262695,True
1770904464.356396,917,75.62,76.4,295.34,360.0,61.4968950103715,0.11992454528808594,False
1770904464.367763,919,55.83,56.31,295.34,360.0,63.79727504686721,11.367082595825195,False
1770904464.38536,920,57.47,58.05,295.34,360.0,62.82472064947125,17.596960067749023,False
1770904464.414579,921,70.21,70.81,295.34,360.0,61.66780653826428,29.21891212463379,False
1770904464.416603,922,55.96,56.57,295.34,360.0,63.46936155670757,2.0241737365722656,False
1770904464.443716,923,67.24,67.8,295.34,360.0,61.86892870321907,27.112960815429688,False
1770904464.454814,924,62.27,63.29,295.34,360.0,62.09245588409459,11.097908020019531,False
1770904464.467571,925,59.83,60.31,295.34,360.0,62.89196606119252,12.757062911987305,False
1770904464.482879,926,58.48,59.09,295.34,360.0,62.43555442644035,15.307903289794922,False
1770904464.510422,928,54.07,54.57,295.34,360.0,62.58778507003231,27.543067932128906,False
1770904464.510462,927,69.94,70.54,295.34,360.0,62.461160785838054,0.0400543212890625,False
1770904464.530809,929,58.57,59.08,295.34,360.0,62.38836096651814,20.346879959106445,False
1770904464.545333,930,56.75,57.31,295.34,360.0,62.34252061645358,14.523983001708984,False
1770904464.568538,931,64.11,64.66,295.34,360.0,61.9117749806386,23.205041885375977,False
1770904464.575713,932,55.64,56.15,295.34,360.0,63.91226237175427,7.174968719482422,False
1770904464.596074,933,59.67,60.11,295.34,360.0,62.63740514159971,20.36118507385254,False
1770904464.618525,934,66.45,67.04,295.34,360.0,62.36085794233005,22.450923919677734,False
1770904464.628014,935,59.68,60.28,295.34,360.0,62.97566213618764,9.489059448242188,False
1770904464.639113,936,54.87,55.34,295.34,360.0,63.157225851026105,11.098861694335938,False
1770904464.668042,937,67.29,67.83,248.68,361.6,62.080447112595174,28.92899513244629,False
1770904464.672784,938,56.64,57.29,248.68,361.6,62.78802642973747,4.742145538330078,False
1770904464.701214,939,69.41,70.02,248.68,361.6,61.88105358357394,28.42998504638672,False
1770904464.708088,940,60.38,60.87,248.68,361.6,63.05078121281028,6.873846054077148,False
1770904464.736849,941,71.94,72.61,248.68,361.6,61.62991523194767,28.76114845275879,False
1770904464.738514,942,58.12,58.56,248.68,361.6,62.36935825481553,1.664876937866211,False
1770904464.756406,943,60.05,60.58,248.68,361.6,63.03083613495997,17.892122268676758,False
1770904464.778952,944,66.14,66.7,248.68,361.6,61.80629585740687,22.545814514160156,False
1770904464.786547,945,58.43,59.07,248.68,361.6,62.56308061311552,7.595062255859375,False
1770904464.802362,946,58.22,58.7,248.68,361.6,62.4787860867415,15.815019607543945,False
1770904464.83134,947,70.99,71.69,248.68,361.6,62.56718697789871,28.97810935974121,False
1770904464.83611,948,60.23,60.74,248.68,361.6,62.54058294911006,4.770040512084961,False
1770904464.849648,949,57.28,57.95,248.68,361.6,62.676998506411074,13.537883758544922,False
1770904464.883882,950,75.84,76.42,248.68,361.6,61.55942167104446,34.234046936035156,True
1770904464.886434,951,61.52,62.43,248.68,361.6,62.26598196535339,2.552032470703125,False
1770904464.900254,952,60.56,61.06,248.68,361.6,62.9415776722158,13.81993293762207,False
1770904464.915323,953,58.28,59.09,248.68,361.6,62.504561329956154,15.069007873535156,False
1770904464.947816,955,59.48,60.29,248.68,361.6,62.23467676357601,32.492876052856445,False
1770904464.947905,954,75.15,75.95,248.68,361.6,62.10650697488699,0.08916854858398438,False
1770904464.963681,956,59.74,60.27,248.68,361.6,62.42307194305634,15.775918960571289,False
1770904464.990343,957,70.17,70.82,248.68,361.6,61.59531161581253,26.662111282348633,False
1770904464.998272,958,61.61,62.09,248.68,361.6,62.336436305592855,7.9288482666015625,False
1770904465.009896,959,57.41,57.95,248.68,361.6,63.67527256248588,11.62409782409668,False
1770904465.028975,960,60.77,61.2,248.68,361.6,62.41528453518195,19.078969955444336,False
1770904465.048551,961,63.65,64.29,248.68,361.6,62.105174315730245,19.576072692871094,False
1770904465.05873,962,58.57,59.4,248.68,361.6,62.61225239238646,10.178804397583008,False
1770904465.07292,963,56.31,56.88,248.68,361.6,62.53470854661075,14.190196990966797,False
1770904465.102977,964,70.38,70.9,248.68,361.6,62.25823370033111,30.05695343017578,False
1770904465.105359,965,57.03,57.84,248.68,361.6,62.51861398796075,2.382040023803711,False
1770904465.122165,966,57.51,58.18,248.68,361.6,62.62178748804651,16.80588722229004,False
1770904465.145553,967,65.02,65.5,248.68,361.6,62.11596608206592,23.388147354125977,False
1770904465.150995,968,55.24,55.8,248.68,361.6,62.83532465560928,5.441904067993164,False
1770904465.177132,969,65.1,65.64,248.68,361.6,61.938105762651794,26.13687515258789,False
1770904465.183151,970,54.94,55.37,248.68,361.6,63.5487446977108,6.019115447998047,False
1770904465.203644,971,58.91,59.52,248.68,361.6,62.381664629899085,20.493030548095703,False
1770904465.218116,972,57.43,57.97,248.68,361.6,62.72580237919042,14.472007751464844,False
1770904465.247501,973,71.17,71.77,248.68,361.6,61.495835696522306,29.384851455688477,False
1770904465.255282,974,63.01,64.02,248.68,361.6,62.9518747237425,7.781028747558594,False
1770904465.265383,975,56.85,57.54,248.68,361.6,62.49388243041963,10.101079940795898,False
1770904465.294404,976,69.65,71.15,248.68,361.6,61.64739773946529,29.021024703979492,False
1770904465.298943,977,58.23,58.78,248.68,361.6,62.588379071240254,4.539012908935547,False
1770904465.312933,978,57.09,57.64,248.68,361.6,63.771709271693695,13.989925384521484,False
1770904465.33026,979,58.22,58.74,248.68,361.6,62.33785690134147,17.327070236206055,False
1770904465.34497,980,56.42,57.18,248.68,361.6,62.52540189858322,14.709949493408203,False
1770904465.374499,981,69.24,70.43,248.68,361.6,62.50519783309162,29.529094696044922,False
1770904465.379932,982,59.34,59.9,248.68,361.6,62.28402764612446,5.432844161987305,False
1770904465.39238,983,56.35,56.99,248.68,361.6,63.24684310194685,12.44807243347168,False
1770904465.422812,984,69.99,70.73,248.68,361.6,61.983597359459594,30.43198585510254,False
1770904465.428466,985,60.41,60.93,248.68,361.6,62.4417820472294,5.654096603393555,False
1770904465.441988,986,57.28,57.9,248.68,361.6,62.55805727112617,13.521909713745117,False
1770904465.463509,987,63.43,63.91,248.68,361.6,61.904101450468126,21.52109146118164,False
1770904465.470593,988,54.09,54.63,248.68,361.6,63.53300169527258,7.083892822265625,False
1770904465.495923,989,63.73,64.32,248.68,361.6,62.16881399176182,25.330066680908203,False
1770904465.502256,990,53.48,54.13,248.68,361.6,62.70096914859531,6.332874298095703,False
1770904465.531975,991,67.97,68.44,248.68,361.6,62.27703004344525,29.719114303588867,False
1770904465.535849,992,55.64,56.08,248.68,361.6,62.49113568736633,3.874063491821289,False
1770904465.550616,993,54.22,54.77,248.68,361.6,62.85737550263648,14.766931533813477,False
1770904465.575538,994,63.73,64.21,248.68,361.6,62.695080197996866,24.921894073486328,False
1770904465.586572,995,58.41,59.0,248.68,361.6,62.59403161261968,11.034011840820312,False
1770904465.612021,996,67.42,68.01,248.68,361.6,61.67078363563648,25.449037551879883,False
1770904465.616555,997,56.36,56.92,248.68,361.6,63.256906377314024,4.534006118774414,False
1770904465.641022,998,64.96,65.5,248.68,361.6,61.9682429617314,24.466991424560547,False
1770904465.645718,999,53.4,54.02,248.68,361.6,63.525404407430756,4.696130752563477,False
1770904465.663182,1000,55.13,55.7,248.68,361.6,62.821035183870016,17.46392250061035,False
1770904465.677345,1001,52.62,53.5,248.68,361.6,63.79612677788014,14.163017272949219,False
1770904465.705781,1002,65.66,66.26,248.68,361.6,62.03044013673117,28.435945510864258,False
1770904465.712428,1003,55.96,56.54,248.68,361.6,62.76006042125797,6.6471099853515625,False
1770904465.730513,1004,58.69,59.25,248.68,361.6,63.05427250430141,18.085002899169922,False
1770904465.755259,1005,66.96,67.81,248.68,361.6,61.937907588665034,24.745941162109375,False
1770904465.761287,1006,56.78,57.59,248.68,361.6,62.570064865367506,6.027936935424805,False
1770904465.775396,1007,55.27,55.81,248.68,361.6,63.55554949442603,14.109134674072266,False
1770904465.802767,1008,66.48,67.09,248.68,361.6,62.0695911384347,27.370929718017578,False
1770904465.806783,1009,53.97,54.59,248.68,361.6,62.68708424305302,4.015922546386719,False
1770904465.824007,1010,55.98,56.73,248.68,361.6,63.82130113588813,17.22407341003418,False
1770904465.83773,1011,53.6,54.17,248.68,361.6,63.07186122188739,13.722896575927734,False
1770904465.868722,1013,52.14,52.78,248.68,361.6,62.9860801777625,30.99203109741211,False
1770904465.868776,1012,68.67,69.34,248.68,361.6,61.88034023893543,0.05412101745605469,False
1770904465.887646,1014,55.48,55.98,248.68,361.6,62.77730646360555,18.869876861572266,False
1770904465.905113,1015,56.62,57.27,248.68,361.6,63.72701149067418,17.467021942138672,False
1770904465.921368,1016,56.9,57.6,248.68,361.6,62.65095610219999,16.254901885986328,False
1770904465.950033,1017,69.52,70.18,248.68,361.6,62.52019821967981,28.66506576538086,False
1770904465.955098,1018,58.37,59.08,248.68,361.6,62.70732795793103,5.064964294433594,False
1770904465.966112,1019,54.34,54.9,248.68,361.6,62.747338343315064,11.013984680175781,False
1770904465.989921,1020,62.12,62.72,248.68,361.6,62.43846669147749,23.809194564819336,False
1770904465.999754,1021,55.62,56.14,248.68,361.6,63.078026706209144,9.83285903930664,False
1770904466.011668,1022,51.48,51.99,248.68,361.6,62.96316756536046,11.91401481628418,False
1770904466.048054,1024,55.41,56.08,248.68,361.6,62.555511871859416,36.38601303100586,True
1770904466.048133,1023,71.27,71.9,248.68,361.6,62.423566905491576,0.07891654968261719,False
1770904466.063826,1025,55.41,55.96,248.68,361.6,62.59996388151345,15.693187713623047,False
1770904466.077385,1026,52.81,53.51,248.68,361.6,62.81275622534777,13.55886459350586,False
1770904466.096227,1027,56.01,56.53,248.68,361.6,63.11312968426913,18.841981887817383,False
1770904466.129105,1028,71.92,72.85,248.68,361.6,61.342789051822415,32.87816047668457,False
1770904466.129503,1029,57.22,57.56,248.68,361.6,63.000650388756235,0.3979206085205078,False
1770904466.14304,1030,54.87,55.49,248.68,361.6,62.50723162511494,13.536930084228516,False
1770904466.172311,1031,68.5,68.99,248.68,361.6,61.940788858357756,29.27112579345703,False
1770904466.174737,1032,54.4,55.12,248.68,361.6,62.7207685055101,2.4259090423583984,False
1770904466.191523,1033,55.09,55.85,248.68,361.6,63.55782878513435,16.78609848022461,False
1770904466.208868,1034,56.11,56.68,248.68,361.6,62.9203801351625,17.344951629638672,False
1770904466.231549,1035,63.7,64.28,248.68,361.6,62.10112837004497,22.680997848510742,False
1770904466.239351,1036,54.9,55.48,248.68,361.6,63.49562433216977,7.802009582519531,False
1770904466.269567,1037,69.54,70.06,248.68,361.6,61.81590590436178,30.215978622436523,False
1770904466.2704,1038,53.94,54.37,248.68,361.6,62.665339943046504,0.8330345153808594,False
1770904466.2847,1039,52.84,53.26,248.68,361.6,62.86409584705877,14.299869537353516,False
1770904466.310753,1040,62.48,63.24,248.68,361.6,62.125749360371366,26.053190231323242,False
1770904466.317447,1041,53.6,54.18,248.68,361.6,63.63024113719055,6.693840026855469,False
1770904466.332906,1042,52.77,53.34,248.68,361.6,62.96078895929336,15.459060668945312,False
1770904466.365145,1043,69.0,69.46,248.68,361.6,61.67985270848161,32.23896026611328,False
1770904466.367099,1044,54.94,55.33,248.68,361.6,63.54000010604381,1.9540786743164062,False
1770904466.380974,1045,52.92,53.44,248.68,361.6,62.99159872524097,13.875007629394531,False
1770904466.423922,1046,79.1,79.88,248.68,361.6,61.103898721145654,42.948007583618164,True
1770904466.426877,1047,66.6,67.32,248.68,361.6,62.28149969633659,2.9549598693847656,False
1770904466.435321,1048,58.59,59.06,248.68,361.6,62.19368850496112,8.444070816040039,False
1770904466.446539,1049,53.97,54.45,248.68,361.6,63.11697614248896,11.217832565307617,False
1770904466.480315,1051,56.12,56.69,248.68,361.6,62.368422220147494,33.776044845581055,True
1770904466.480359,1050,72.52,72.96,248.68,361.6,62.21108443814953,0.04410743713378906,False
1770904466.49701,1052,57.03,57.55,248.68,361.6,62.42451197486928,16.650915145874023,False
1770904466.509123,1053,52.67,53.4,248.68,361.6,62.59734793931751,12.113094329833984,False
1770904466.535386,1054,62.87,63.48,248.68,361.6,62.50988662148416,26.262998580932617,False
1770904466.542166,1055,54.14,54.7,248.68,361.6,62.78816741898558,6.779909133911133,False
1770904466.567824,1056,63.21,63.64,248.68,361.6,62.77444743332881,25.65789222717285,False
1770904466.575294,1057,55.63,56.08,248.68,361.6,62.58220157299621,7.470130920410156,False
1770904466.59002,1058,54.05,54.75,248.68,361.6,63.22458173654515,14.725923538208008,False
1770904466.613951,1059,62.1,62.7,248.68,361.6,61.968563403227186,23.931026458740234,False
1770904466.622186,1060,53.95,54.42,248.68,361.6,62.56491596711776,8.234977722167969,False
1770904466.637329,1061,53.22,53.72,248.68,361.6,62.50103751057069,15.143156051635742,False
1770904466.665502,1062,65.17,65.77,248.68,361.6,62.518163583796934,28.172969818115234,False
1770904466.669339,1063,52.81,53.27,248.68,361.6,62.70176588203783,3.8368701934814453,False
1770904466.685816,1064,53.68,54.31,248.68,361.6,62.807300832004145,16.477108001708984,False
1770904466.716831,1065,68.65,69.4,250.9,365.4,62.3978279869828,31.01491928100586,False
1770904466.721052,1066,56.67,57.25,250.9,365.4,62.515305998242226,4.2209625244140625,False
1770904466.734544,1067,54.61,55.05,250.9,365.4,62.55552257816264,13.492107391357422,False
1770904466.751021,1068,54.99,55.52,250.9,365.4,63.274194704149714,16.476869583129883,False
1770904466.767995,1069,55.54,56.03,250.9,365.4,62.42118296980665,16.974210739135742,False
1770904466.781391,1070,53.36,54.0,250.9,365.4,62.670786308954746,13.39578628540039,False
1770904466.815486,1072,55.12,55.64,250.9,365.4,62.3877516882443,34.095048904418945,True
1770904466.816158,1071,72.03,72.54,250.9,365.4,61.217849256448744,0.6721019744873047,False
1770904466.83032,1073,53.81,54.25,250.9,365.4,63.439647885560326,14.161825180053711,False
1770904466.855146,1074,62.83,63.57,250.9,365.4,62.01550570984791,24.8260498046875,False
1770904466.863053,1075,54.67,55.2,250.9,365.4,62.634396345148154,7.90715217590332,False
1770904466.87784,1076,53.71,54.57,250.9,365.4,62.73052432426369,14.786958694458008,False
1770904466.904327,1077,64.54,64.91,250.9,365.4,62.873707808351526,26.486873626708984,False
1770904466.911714,1078,56.13,56.52,250.9,365.4,62.721081144938154,7.3871612548828125,False
1770904466.930675,1079,58.12,58.53,250.9,365.4,62.20432655052771,18.960952758789062,False
1770904466.955116,1080,66.17,67.05,250.9,365.4,62.163608073569264,24.441003799438477,False
1770904466.962725,1081,58.44,58.85,250.9,365.4,62.307174090175444,7.608890533447266,False
1770904466.984921,1082,64.45,65.04,250.9,365.4,61.64892302257724,22.196054458618164,False
1770904466.996052,1083,59.87,60.27,250.9,365.4,62.236415142930724,11.131048202514648,False
1770904467.009877,1084,57.22,57.82,250.9,365.4,63.42643734380605,13.824939727783203,False
1770904467.038293,1085,69.89,70.38,250.9,365.4,61.57213355809954,28.415918350219727,False
1770904467.040609,1086,55.77,56.4,250.9,365.4,62.2908109644079,2.315998077392578,False
1770904467.061583,1087,60.95,61.37,250.9,365.4,62.15322955289915,20.974159240722656,False
1770904467.074229,1088,57.63,58.16,250.9,365.4,63.483739335951306,12.645959854125977,False
1770904467.10347,1089,70.83,71.37,250.9,365.4,61.60372513472084,29.241085052490234,False
1770904467.105431,1090,56.82,57.55,250.9,365.4,62.34471373032638,1.9609928131103516,False
1770904467.121802,1091,57.56,58.07,250.9,365.4,63.19175061406861,16.37101173400879,False
1770904467.151404,1092,71.34,72.07,250.9,365.4,61.433430702478596,29.6018123626709,False
1770904467.156017,1093,59.44,60.27,250.9,365.4,62.20878577320653,4.613161087036133,False
1770904467.168901,1094,56.77,57.29,250.9,365.4,62.497855548132826,12.883901596069336,False
1770904467.192992,1095,65.2,65.79,250.9,365.4,62.40619910211418,24.091005325317383,False
1770904467.201154,1096,57.06,57.7,250.9,365.4,62.38283986441565,8.16202163696289,False
1770904467.230182,1097,69.36,69.98,250.9,365.4,62.459991794716004,29.027938842773438,False
1770904467.235336,1098,58.74,59.27,250.9,365.4,62.1802885179635,5.154132843017578,False
1770904467.249001,1099,56.35,57.49,250.9,365.4,62.22122884695834,13.664960861206055,False
1770904467.273333,1100,65.36,66.07,250.9,365.4,62.33248368423568,24.332046508789062,False
1770904467.279142,1101,54.72,55.36,250.9,365.4,62.38984579936589,5.808830261230469,False
1770904467.295901,1102,55.9,56.39,250.9,365.4,62.30561606142368,16.759157180786133,False
1770904467.325284,1103,67.75,68.75,250.9,365.4,62.49094947623795,29.382944107055664,False
1770904467.329003,1104,56.94,57.38,250.9,365.4,62.376283858443564,3.7190914154052734,False
1770904467.341772,1105,52.98,53.52,250.9,365.4,62.44808839173583,12.768983840942383,False
1770904467.361461,1106,56.98,57.41,250.9,365.4,63.997347115178485,19.688844680786133,False
1770904467.372949,1107,52.85,53.49,250.9,365.4,63.4201294166774,11.487960815429688,False
1770904467.39816,1108,61.48,62.02,250.9,365.4,62.315721495359966,25.211095809936523,False
1770904467.405506,1109,53.02,53.56,250.9,365.4,62.56732697710879,7.345914840698242,False
1770904467.431555,1110,63.45,63.94,250.9,365.4,62.02430102837493,26.049137115478516,False
1770904467.440842,1111,56.29,56.81,250.9,365.4,63.50972420149448,9.286880493164062,False
1770904467.456078,1112,56.31,56.84,250.9,365.4,62.5607321392037,15.236139297485352,False
1770904467.470126,1113,53.85,54.45,250.9,365.4,62.43477993360025,14.047861099243164,False
1770904467.486438,1114,54.45,54.96,250.9,365.4,63.088036327892624,16.312122344970703,False
1770904467.515461,1115,66.64,67.47,250.9,365.4,61.64626515232241,29.022932052612305,False
1770904467.519413,1116,54.8,55.33,250.9,365.4,63.05242412535008,3.9520263671875,False
1770904467.533305,1117,52.57,53.06,250.9,365.4,62.629766792950754,13.891935348510742,False
1770904467.569817,1118,73.02,73.59,250.9,365.4,61.23716683533813,36.512136459350586,True
1770904467.572902,1119,60.66,61.25,250.9,365.4,62.568369213143676,3.084897994995117,False
1770904467.582401,1120,54.51,55.08,250.9,365.4,62.48599977057352,9.499073028564453,False
1770904467.619588,1122,59.02,59.8,250.9,365.4,62.10175994904721,37.18686103820801,True
1770904467.621846,1121,77.78,78.38,250.9,365.4,61.693289060597124,2.2580623626708984,False
1770904467.632781,1123,56.18,56.68,250.9,365.4,62.27670640383532,10.935068130493164,False
1770904467.64683,1124,54.66,55.24,250.9,365.4,62.434051927850284,14.049053192138672,False
1770904467.669451,1125,60.85,61.33,250.9,365.4,62.984189020962674,22.62091636657715,False
1770904467.67815,1126,53.51,54.12,250.9,365.4,62.689504678205246,8.69894027709961,False
1770904467.695329,1127,54.81,55.3,250.9,365.4,62.44894069815456,17.179012298583984,False
1770904467.716587,1128,59.77,60.58,250.9,365.4,62.139708899873035,21.258115768432617,False
1770904467.729903,1129,57.86,58.34,250.9,365.4,62.37603648897245,13.315916061401367,False
1770904467.757432,1130,69.41,70.17,250.9,365.4,61.472822525112896,27.529001235961914,False
1770904467.760176,1131,56.24,56.7,250.9,365.4,62.454350825539706,2.743959426879883,False
1770904467.77504,1132,54.72,55.32,250.9,365.4,63.615762130884306,14.863967895507812,False
1770904467.793357,1133,56.88,57.36,250.9,365.4,62.302901266813066,18.316984176635742,False
1770904467.823582,1134,70.52,71.32,250.9,365.4,61.95556529370999,30.225038528442383,False
1770904467.824591,1135,55.57,56.62,250.9,365.4,62.400040466334836,1.0089874267578125,False
1770904467.838844,1136,54.08,54.65,250.9,365.4,62.434702485373045,14.25313949584961,False
1770904467.872162,1138,55.49,56.13,250.9,365.4,63.02725997346895,33.31804275512695,False
1770904467.873849,1137,73.55,74.08,250.9,365.4,61.32196617706021,1.6868114471435547,False
1770904467.887844,1139,55.86,56.5,250.9,365.4,62.68485136218328,13.995170593261719,False
1770904467.905591,1140,56.95,57.6,250.9,365.4,63.12633306585267,17.746925354003906,False
1770904467.935017,1141,70.34,70.92,250.9,365.4,61.709844978861426,29.426097869873047,False
1770904467.935072,1142,54.65,55.1,250.9,365.4,63.14785976791255,0.054836273193359375,False
1770904467.949912,1143,53.88,54.44,250.9,365.4,62.90230977517128,14.840126037597656,False
1770904467.976362,1144,64.15,64.6,250.9,365.4,62.08063088531753,26.449918746948242,False
1770904467.982801,1145,54.88,55.5,250.9,365.4,63.52513180433739,6.438970565795898,False
1770904468.000899,1146,56.23,56.73,250.9,365.4,62.481112899537685,18.098115921020508,False
1770904468.012402,1147,52.52,53.0,250.9,365.4,63.10349185461271,11.502981185913086,False
1770904468.043655,1148,67.41,68.02,250.9,365.4,61.89230034822348,31.25286102294922,False
1770904468.048028,1149,55.35,56.16,250.9,365.4,63.52178058101911,4.373073577880859,False
1770904468.064277,1150,55.69,56.24,250.9,365.4,62.57523017059242,16.24894142150879,False
1770904468.078631,1151,54.33,55.06,250.9,365.4,62.70714045615615,14.35399055480957,False
1770904468.095811,1152,55.44,56.03,250.9,365.4,63.53193154478646,17.17996597290039,False
1770904468.122599,1153,65.56,66.4,250.9,365.4,62.07441384580397,26.787996292114258,False
1770904468.127996,1154,56.07,56.55,250.9,365.4,62.558974787308934,5.39708137512207,False
1770904468.14136,1155,52.97,53.59,250.9,365.4,63.26657522454939,13.364076614379883,False
1770904468.16538,1156,60.97,61.42,250.9,365.4,62.226075148043265,24.019956588745117,False
1770904468.173598,1157,53.7,54.27,250.9,365.4,63.59865897526746,8.218050003051758,False
1770904468.202209,1158,65.43,66.04,250.9,365.4,62.05572428976078,28.610944747924805,False
1770904468.206353,1159,54.28,54.83,250.9,365.4,62.672877715310335,4.143953323364258,False
1770904468.223368,1160,54.85,55.82,250.9,365.4,63.155577472529544,17.01498031616211,False
1770904468.248365,1161,64.02,64.72,250.9,365.4,61.90525669484721,24.99699592590332,False
1770904468.257725,1162,56.74,58.33,250.9,365.4,62.38147907060217,9.360074996948242,False
1770904468.277,1163,60.86,61.47,250.9,365.4,63.04402089691181,19.27495002746582,False
1770904468.287935,1164,55.48,56.13,250.9,365.4,62.569613719564046,10.935068130493164,False
1770904468.311094,1165,62.36,62.85,250.9,365.4,61.89893770487287,23.159027099609375,False
1770904468.32054,1166,56.16,56.92,250.9,365.4,62.56001674510132,9.445905685424805,False
1770904468.333758,1167,53.0,53.6,250.9,365.4,62.44736007559444,13.218164443969727,False
1770904468.348732,1168,52.22,52.95,250.9,365.4,63.11988899891347,14.973878860473633,False
1770904468.367959,1169,55.37,55.85,250.9,365.4,62.34069828709274,19.227027893066406,False
1770904468.401926,1170,73.42,73.93,250.9,365.4,61.83202044407033,33.967018127441406,True
1770904468.40197,1171,57.56,58.12,250.9,365.4,62.42664891871357,0.0438690185546875,False
1770904468.414956,1172,54.29,55.05,250.9,365.4,62.573129717695394,12.986183166503906,False
1770904468.432819,1173,56.19,56.71,250.9,365.4,62.32516648187255,17.862796783447266,False
1770904468.457833,1174,65.45,66.43,250.9,365.4,61.76683947234463,25.014162063598633,False
1770904468.464305,1175,55.73,56.2,250.9,365.4,63.23484448732832,6.471872329711914,False
1770904468.485994,1176,61.2,61.87,250.9,365.4,62.07445977995306,21.689176559448242,False
1770904468.49702,1177,56.53,57.01,250.9,365.4,62.2590654296242,11.02590560913086,False
1770904468.509254,1178,53.39,53.95,250.9,365.4,63.86804605962413,12.233972549438477,False
1770904468.540388,1179,68.42,68.93,250.9,365.4,62.016392097352075,31.13412857055664,False
1770904468.542569,1180,53.81,54.41,250.9,365.4,62.48907190936911,2.180814743041992,False
1770904468.559473,1181,54.63,55.31,250.9,365.4,62.77362788559786,16.904115676879883,False
1770904468.574524,1182,54.61,55.13,250.9,365.4,64.03003137527932,15.050888061523438,False
1770904468.602632,1183,65.9,66.55,250.9,365.4,61.86517201961724,28.10811996459961,False
1770904468.606818,1184,54.52,55.06,250.9,365.4,62.50078915062557,4.185914993286133,False
1770904468.624436,1185,55.88,56.67,250.9,365.4,62.828218320972404,17.61794090270996,False
1770904468.639059,1186,54.84,55.42,250.9,365.4,62.4408679653975,14.623165130615234,False
1770904468.65761,1187,56.92,57.7,250.9,365.4,62.351850140445016,18.550872802734375,False
1770904468.680638,1188,64.08,64.63,250.9,365.4,62.23737072844646,23.028135299682617,False
1770904468.687873,1189,55.85,56.43,250.9,365.4,62.632447797010315,7.234811782836914,False
1770904468.701575,1190,52.33,52.91,250.9,365.4,63.54969150431702,13.702154159545898,False
1770904468.730346,1191,66.12,66.67,248.49,364.7,61.84482997590674,28.770923614501953,False
1770904468.734572,1192,54.13,54.63,248.49,364.7,62.530482146038494,4.225969314575195,False
1770904468.75034,1193,54.09,54.62,248.49,364.7,62.69703264523735,15.768051147460938,False
1770904468.773274,1194,60.98,61.56,248.49,364.7,63.17837710820961,22.9339599609375,False
1770904468.780717,1195,52.47,53.15,248.49,364.7,62.753237115684854,7.442951202392578,False
1770904468.810907,1196,66.62,67.17,248.49,364.7,61.72440544530499,30.189990997314453,False
1770904468.813776,1197,53.43,53.85,248.49,364.7,62.65837750654211,2.869129180908203,False
1770904468.831315,1198,55.57,56.07,248.49,364.7,63.709825732886046,17.539024353027344,False
1770904468.846612,1199,54.02,54.72,248.49,364.7,62.58031851879114,15.29693603515625,False
1770904468.87691,1200,68.93,69.52,248.49,364.7,61.77167589550042,30.29799461364746,False
1770904468.879253,1201,54.74,55.3,248.49,364.7,63.54344951989844,2.3429393768310547,False
1770904468.896297,1202,56.32,56.82,248.49,364.7,62.42034690339239,17.0440673828125,False
1770904468.911016,1203,54.52,55.21,248.49,364.7,62.4282130065723,14.719009399414062,False
1770904468.942184,1204,69.35,69.99,248.49,364.7,62.12324957769176,31.167984008789062,False
1770904468.942221,1205,54.15,54.82,248.49,364.7,62.53778547694776,0.03695487976074219,False
1770904468.95932,1206,55.2,55.87,248.49,364.7,62.60296937069968,17.09914207458496,False
1770904468.990897,1207,69.84,70.73,248.49,364.7,61.31866509263286,31.576871871948242,False
1770904468.993466,1208,57.47,58.03,248.49,364.7,63.17046354783227,2.568960189819336,False
1770904469.006861,1209,55.01,55.61,248.49,364.7,62.57607039123621,13.395071029663086,False
1770904469.024544,1210,56.09,56.83,248.49,364.7,62.48261766408816,17.683029174804688,False
1770904469.03698,1211,52.29,52.87,248.49,364.7,62.60767283965821,12.4359130859375,False
1770904469.054291,1212,54.44,55.0,248.49,364.7,62.599107447793706,17.31109619140625,False
1770904469.078884,1213,62.29,62.87,248.49,364.7,62.74280158067291,24.592876434326172,False
1770904469.08742,1214,55.32,55.94,248.49,364.7,62.53752128417769,8.536100387573242,False
1770904469.102214,1215,53.51,54.11,248.49,364.7,62.44444698090426,14.794111251831055,False
1770904469.119279,1216,55.15,55.63,248.49,364.7,62.8997471095557,17.064809799194336,False
1770904469.141436,1217,60.97,61.47,248.49,364.7,61.993842943070256,22.15719223022461,False
1770904469.149079,1218,52.99,53.66,248.49,364.7,63.36666531535876,7.642984390258789,False
1770904469.17954,1219,67.63,68.19,248.49,364.7,61.653106612161864,30.460834503173828,False
1770904469.182229,1220,54.16,54.79,248.49,364.7,62.57423438275082,2.6891231536865234,False
1770904469.200364,1221,56.33,56.79,248.49,364.7,63.02526387599819,18.13507080078125,False
1770904469.214896,1222,53.94,54.66,248.49,364.7,62.684726450469356,14.531850814819336,False
1770904469.236608,1223,59.85,60.44,248.49,364.7,62.525526176132104,21.712064743041992,False
1770904469.24521,1224,53.05,53.97,248.49,364.7,62.677919514871604,8.601903915405273,False
1770904469.267482,1225,59.43,59.97,248.49,364.7,62.736044585133,22.272109985351562,False
1770904469.28128,1226,56.36,57.17,248.49,364.7,62.45185421214224,13.797998428344727,False
1770904469.295223,1227,54.9,55.44,248.49,364.7,62.404775389840395,13.942956924438477,False
1770904469.319046,1228,63.06,63.81,248.49,364.7,61.83565155172549,23.823022842407227,False
1770904469.32704,1229,54.89,55.41,248.49,364.7,62.559892330405845,7.993936538696289,False
1770904469.342902,1230,54.97,55.56,248.49,364.7,63.7635881166705,15.861988067626953,False
1770904469.366392,1231,62.57,63.03,248.49,364.7,62.21343019505923,23.489952087402344,False
1770904469.37435,1232,53.8,54.3,248.49,364.7,62.53947947186747,7.958173751831055,False
1770904469.400089,1233,64.27,64.71,248.49,364.7,62.03024137144829,25.738954544067383,False
1770904469.408272,1234,55.66,56.2,248.49,364.7,63.12872419683777,8.183002471923828,False
1770904469.422184,1235,54.26,54.71,248.49,364.7,62.63838735017309,13.911962509155273,False
1770904469.447,1236,62.99,63.5,248.49,364.7,62.434578568609176,24.816036224365234,False
1770904469.455634,1237,55.54,56.09,248.49,364.7,62.590357595246026,8.634090423583984,False
1770904469.470434,1238,54.34,54.98,248.49,364.7,62.42327323383144,14.799833297729492,False
1770904469.497851,1239,65.8,66.32,248.49,364.7,62.66562082128743,27.41694450378418,False
1770904469.501233,1240,52.64,53.18,248.49,364.7,62.587088705122625,3.3822059631347656,False
1770904469.517327,1241,53.45,53.98,248.49,364.7,62.64002443291663,16.093969345092773,False
1770904469.545859,1242,65.62,66.28,248.49,364.7,61.77064487030798,28.532028198242188,False
1770904469.54945,1243,53.32,53.9,248.49,364.7,63.37015976362055,3.590822219848633,False
1770904469.565003,1244,53.14,53.68,248.49,364.7,62.61839066674397,15.552997589111328,False
1770904469.592877,1245,64.12,64.72,248.49,364.7,61.955244986627065,27.873992919921875,False
1770904469.600054,1246,56.26,56.7,248.49,364.7,62.435291096718814,7.177114486694336,False
1770904469.630485,1247,70.55,71.05,248.49,364.7,61.672869286225776,30.431032180786133,False
1770904469.633789,1248,56.02,57.15,248.49,364.7,62.949103320447094,3.304004669189453,False
1770904469.64861,1249,56.53,57.24,248.49,364.7,62.45204019035027,14.821052551269531,False
1770904469.664425,1250,56.72,57.2,248.49,364.7,62.31501169374159,15.814781188964844,False
1770904469.678467,1251,53.61,54.55,248.49,364.7,63.283057242322045,14.042139053344727,False
1770904469.710349,1253,53.95,54.56,248.49,364.7,62.514273930255435,31.882047653198242,False
1770904469.710389,1252,69.91,70.43,248.49,364.7,61.455202065593056,0.03981590270996094,False
1770904469.727597,1254,55.57,56.02,248.49,364.7,62.87179146385671,17.208099365234375,False
1770904469.744987,1255,56.75,57.36,248.49,364.7,62.223228816237196,17.390012741088867,False
1770904469.770268,1256,65.76,66.35,248.49,364.7,62.54162429433289,25.28095245361328,False
1770904469.776627,1257,56.56,57.12,248.49,364.7,62.31493454236608,6.359100341796875,False
1770904469.79227,1258,56.0,56.6,248.49,364.7,62.43789351146014,15.642881393432617,False
1770904469.821645,1259,68.76,69.49,248.49,364.7,61.536375940346026,29.375076293945312,False
1770904469.825872,1260,57.67,58.41,248.49,364.7,63.22698031648885,4.226922988891602,False
1770904469.837827,1261,53.54,54.05,248.49,364.7,62.592972953209646,11.955022811889648,False
1770904469.855208,1262,55.26,55.71,248.49,364.7,62.570982733808655,17.380952835083008,False
1770904469.875839,1263,59.1,59.81,248.49,364.7,62.18757173947263,20.631074905395508,False
1770904469.885962,1264,54.02,54.7,248.49,364.7,63.57427020188496,10.123014450073242,False
1770904469.901833,1265,53.26,53.87,248.49,364.7,62.52526208693124,15.871047973632812,False
1770904469.933966,1266,69.45,70.0,248.49,364.7,61.5608221311309,32.132863998413086,False
1770904469.934906,1267,54.52,54.98,248.49,364.7,63.55871165292448,0.9400844573974609,False
1770904469.951065,1268,54.54,55.03,248.49,364.7,62.656696366105294,16.1590576171875,False
1770904469.980958,1269,68.28,68.95,248.49,364.7,61.59550760354694,29.892921447753906,False
1770904469.983873,1270,55.1,55.72,248.49,364.7,62.54372263258077,2.914905548095703,False
1770904469.997843,1271,53.34,53.8,248.49,364.7,62.44385819691168,13.970136642456055,False
1770904470.013647,1272,54.01,54.43,248.49,364.7,62.54195069325725,15.804052352905273,False
1770904470.040324,1273,64.06,64.62,248.49,364.7,62.40638480850435,26.67689323425293,False
1770904470.044441,1274,51.46,52.24,248.49,364.7,62.69454915338349,4.117012023925781,False
1770904470.06278,1275,54.29,54.79,248.49,364.7,62.463185406456596,18.338918685913086,False
1770904470.090128,1276,65.61,66.33,248.49,364.7,61.80157542811508,27.348041534423828,False
1770904470.095575,1277,55.16,55.59,248.49,364.7,62.88391981007254,5.447149276733398,False
1770904470.109879,1278,53.44,54.23,248.49,364.7,62.44796442183118,14.303922653198242,False
1770904470.143892,1279,71.5,71.98,248.49,364.7,62.21793686983687,34.01303291320801,True
1770904470.143936,1280,55.1,55.75,248.49,364.7,62.3890724401051,0.0438690185546875,False
1770904470.162332,1281,58.1,58.56,248.49,364.7,62.37214067858866,18.39613914489746,False
1770904470.176266,1282,55.44,56.19,248.49,364.7,62.410934960337556,13.933897018432617,False
1770904470.194429,1283,58.35,58.84,248.49,364.7,62.642191750269824,18.162965774536133,False
1770904470.221425,1284,68.71,69.38,248.49,364.7,61.461862776871556,26.996135711669922,False
1770904470.227322,1285,59.28,59.88,248.49,364.7,62.51041454237988,5.897045135498047,False
1770904470.239692,1286,55.71,56.28,248.49,364.7,62.60356115905212,12.369871139526367,False
1770904470.267306,1287,67.15,67.72,248.49,364.7,61.723118640875185,27.614116668701172,False
1770904470.271805,1288,55.26,55.94,248.49,364.7,62.97500025649617,4.498958587646484,False
1770904470.288802,1289,56.43,57.3,248.49,364.7,62.385499769207236,16.99686050415039,False
1770904470.303511,1290,55.06,55.66,248.49,364.7,62.46037935154524,14.708995819091797,False
1770904470.332571,1291,68.71,69.23,248.49,364.7,62.10028553104555,29.06012535095215,False
1770904470.333688,1292,53.39,53.84,248.49,364.7,62.54313197498357,1.1169910430908203,False
1770904470.35051,1293,54.64,55.12,248.49,364.7,63.129927748514056,16.821861267089844,False
1770904470.380737,1294,68.46,69.09,248.49,364.7,61.69887619293255,30.227184295654297,False
1770904470.381839,1295,53.09,53.66,248.49,364.7,62.52246598519037,1.1019706726074219,False
1770904470.399352,1296,54.95,55.45,248.49,364.7,63.00191215119764,17.513036727905273,False
1770904470.414173,1297,54.43,54.96,248.49,364.7,62.59527714012749,14.82081413269043,False
1770904470.433149,1298,57.0,57.58,248.49,364.7,62.32373102983714,18.976211547851562,False
1770904470.463964,1299,71.41,72.02,248.49,364.7,62.10453060728913,30.81488609313965,False
1770904470.464858,1300,56.88,57.36,248.49,364.7,62.26488815697017,0.8940696716308594,False
1770904470.478656,1301,53.98,54.76,248.49,364.7,62.41359726157993,13.797998428344727,False
1770904470.505323,1302,65.55,66.08,248.49,364.7,62.53492609739424,26.666879653930664,False
1770904470.512036,1303,55.61,56.23,248.49,364.7,62.332082274168464,6.713151931762695,False
1770904470.529153,1304,56.68,57.16,248.49,364.7,62.2309683701955,17.117023468017578,False
1770904470.555383,1305,66.71,67.55,248.49,364.7,62.337270125683574,26.2298583984375,False
1770904470.559886,1306,56.06,56.64,248.49,364.7,62.51094247219267,4.503011703491211,False
1770904470.573929,1307,53.03,53.7,248.49,364.7,63.59677854262134,14.043092727661133,False
1770904470.601319,1308,65.58,66.1,248.49,364.7,62.01358019671695,27.390003204345703,False
1770904470.604873,1309,52.58,53.18,248.49,364.7,62.74425640206071,3.5538673400878906,False
1770904470.622958,1310,54.71,55.52,248.49,364.7,62.59565080804571,18.085002899169922,False
1770904470.637948,1311,53.41,53.85,248.49,364.7,62.53380728091831,14.990091323852539,False
1770904470.665519,1312,64.8,65.31,248.49,364.7,61.76911458605043,27.57096290588379,False
1770904470.670423,1313,53.95,54.44,248.49,364.7,63.539407575729356,4.904031753540039,False
1770904470.689063,1314,56.79,57.33,248.49,364.7,62.404698016034494,18.64004135131836,False
1770904470.70329,1315,54.53,55.16,248.49,364.7,62.61067906913794,14.226913452148438,False
1770904470.729473,1316,64.8,65.39,248.49,364.7,62.55179088874075,26.183128356933594,False
1770904470.736016,1317,55.98,56.5,248.49,364.7,62.539805848404896,6.54292106628418,False
1770904470.76451,1318,67.96,68.55,259.61,343.1,61.71315907569393,28.493881225585938,False
1770904470.767436,1319,55.52,55.99,259.61,343.1,63.43896232229668,2.9261112213134766,False
1770904470.781709,1320,53.68,54.32,259.61,343.1,62.77220832457195,14.272928237915039,False
1770904470.814208,1321,69.43,70.04,259.61,343.1,61.451417121198546,32.499074935913086,False
1770904470.814268,1322,53.84,54.72,259.61,343.1,62.56124536679105,0.06008148193359375,False
1770904470.830897,1323,54.96,55.38,259.61,343.1,62.82340324189601,16.62898063659668,False
1770904470.862188,1324,69.63,70.33,259.61,343.1,61.46117229348294,31.29100799560547,False
1770904470.864445,1325,56.19,56.64,259.61,343.1,62.33041493384375,2.2568702697753906,False
1770904470.877094,1326,52.8,53.78,259.61,343.1,63.61808054369242,12.649059295654297,False
1770904470.908753,1327,68.12,68.72,259.61,343.1,61.61132641794443,31.65888786315918,False
1770904470.911027,1328,54.99,55.7,259.61,343.1,62.5024811418319,2.274036407470703,False
1770904470.928946,1329,56.94,57.42,259.61,343.1,63.291938181406636,17.919063568115234,False
1770904470.944109,1330,55.28,55.87,259.61,343.1,62.484634472511885,15.162944793701172,False
1770904470.966366,1331,61.81,62.53,259.61,343.1,61.949998522996935,22.257089614868164,False
1770904470.975078,1332,54.25,54.9,259.61,343.1,62.40697288603146,8.712053298950195,False
1770904470.993366,1333,56.88,57.25,259.61,343.1,62.956300026917845,18.28789710998535,False
1770904471.021077,1334,68.08,68.86,259.61,343.1,61.435380347376224,27.710914611816406,False
1770904471.024518,1335,56.27,57.08,259.61,343.1,62.387046329758725,3.4410953521728516,False
1770904471.038335,1336,53.64,54.12,259.61,343.1,63.27731301619358,13.817071914672852,False
1770904471.069361,1337,69.33,69.86,259.61,343.1,61.61518810563433,31.02588653564453,False
1770904471.071384,1338,54.8,55.65,259.61,343.1,62.40217573503959,2.022981643676758,False
1770904471.085394,1339,52.98,53.49,259.61,343.1,63.727967849640855,14.009952545166016,False
1770904471.10107,1340,52.88,53.55,259.61,343.1,62.68714670354621,15.676021575927734,False
1770904471.128878,1341,65.05,65.56,259.61,343.1,62.076710636538635,27.808189392089844,False
1770904471.132514,1342,52.44,52.96,259.61,343.1,62.74522632046764,3.635883331298828,False
1770904471.149199,1343,52.59,53.07,259.61,343.1,62.84235413509877,16.685009002685547,False
1770904471.167226,1344,54.51,55.0,259.61,343.1,63.43829066818386,18.027067184448242,False
1770904471.192724,1345,64.66,65.22,259.61,343.1,62.150282439273646,25.497913360595703,False
1770904471.199701,1346,55.58,56.06,259.61,343.1,62.499407684456,6.977081298828125,False
1770904471.21405,1347,54.14,54.74,259.61,343.1,63.37510690185579,14.348983764648438,False
1770904471.247005,1348,71.1,71.65,259.61,343.1,61.52584477609751,32.95493125915527,False
1770904471.249377,1349,56.98,57.59,259.61,343.1,62.46258076558026,2.3720264434814453,False
1770904471.266375,1350,57.88,58.44,259.61,343.1,62.31408588984399,16.9980525970459,False
1770904471.279098,1351,54.56,55.31,259.61,343.1,63.389633609083276,12.722969055175781,False
1770904471.295681,1352,54.98,55.54,259.61,343.1,62.37051756788473,16.582965850830078,False
1770904471.327189,1354,55.06,55.68,259.61,343.1,62.45654364017577,31.50796890258789,False
1770904471.327224,1353,70.67,71.76,259.61,343.1,62.33577758779038,0.03504753112792969,False
1770904471.34122,1355,52.38,53.01,259.61,343.1,62.54033427478326,13.995885848999023,False
1770904471.370384,1356,66.01,66.51,259.61,343.1,61.789936807648196,29.16407585144043,False
1770904471.372518,1357,52.79,53.31,259.61,343.1,62.60792204978069,2.134084701538086,False
1770904471.399127,1358,62.55,63.14,259.61,343.1,62.11322179728774,26.608943939208984,False
1770904471.40561,1359,53.87,54.36,259.61,343.1,63.718205871554986,6.4830780029296875,False
1770904471.424942,1360,56.35,57.11,259.61,343.1,62.49453423540385,19.331932067871094,False
1770904471.44739,1361,63.14,63.73,259.61,343.1,61.93650516284719,22.448062896728516,False
1770904471.458546,1362,56.28,58.38,259.61,343.1,62.9443484128864,11.155843734741211,False
1770904471.483268,1363,66.94,67.49,259.61,343.1,61.77721066308723,24.72209930419922,False
1770904471.487995,1364,55.29,55.89,259.61,343.1,62.57549468206523,4.726886749267578,False
1770904471.50411,1365,56.29,56.8,259.61,343.1,63.24263114908588,16.115188598632812,False
1770904471.519281,1366,55.17,55.7,259.61,343.1,62.539417305294194,15.170812606811523,False
1770904471.534271,1367,53.72,54.25,259.61,343.1,62.477746833016965,14.990091323852539,False
1770904471.551149,1368,55.2,55.72,259.61,343.1,63.16921088136551,16.87788963317871,False
1770904471.566893,1369,54.21,54.69,259.61,343.1,62.36875542905151,15.744209289550781,False
1770904471.597116,1370,68.39,68.96,259.61,343.1,61.59164838230849,30.22289276123047,False
1770904471.598021,1371,54.13,54.59,259.61,343.1,62.495248132653956,0.9050369262695312,False
1770904471.611278,1372,51.49,52.03,259.61,343.1,63.441105313828444,13.257026672363281,False
1770904471.630735,1373,54.29,54.75,259.61,343.1,62.47970127909748,19.456863403320312,False
1770904471.655659,1374,62.71,63.39,259.61,343.1,62.07351048802019,24.924039840698242,False
1770904471.663892,1375,55.3,55.79,259.61,343.1,62.46082892349252,8.233070373535156,False
1770904471.693515,1376,69.18,70.08,259.61,343.1,62.237955624912665,29.623031616210938,False
1770904471.700074,1377,59.61,60.11,259.61,343.1,62.2369243674868,6.558895111083984,False
1770904471.711442,1378,55.32,55.8,259.61,343.1,63.36251715566124,11.368036270141602,False
1770904471.743364,1379,70.77,71.27,259.61,343.1,61.47994094796449,31.922101974487305,False
1770904471.746846,1380,58.71,59.42,259.61,343.1,62.16733966094527,3.4818649291992188,False
1770904471.761664,1381,57.05,57.5,259.61,343.1,63.327486878189234,14.817953109741211,False
1770904471.779365,1382,59.06,59.75,259.61,343.1,62.16991978576599,17.701148986816406,False
1770904471.793532,1383,56.66,57.25,259.61,343.1,62.32893292843763,14.166831970214844,False
1770904471.824691,1384,71.91,72.68,259.61,343.1,62.33747086348132,31.159162521362305,False
1770904471.825869,1385,57.55,58.1,259.61,343.1,62.407421689495735,1.1780261993408203,False
1770904471.83804,1386,53.83,54.46,259.61,343.1,62.43846669147749,12.171030044555664,False
1770904471.869164,1387,69.07,69.55,259.61,343.1,62.473248969281,31.123876571655273,False
1770904471.870532,1388,54.01,54.67,259.61,343.1,62.53223789749472,1.3680458068847656,False
1770904471.888294,1389,55.89,56.43,259.61,343.1,62.54247915588187,17.761945724487305,False
1770904471.903935,1390,55.13,55.76,259.61,343.1,62.511330661567555,15.640974044799805,False
1770904471.934026,1391,69.98,70.58,259.61,343.1,62.0052529652644,30.091047286987305,False
1770904471.935588,1392,55.35,55.88,259.61,343.1,62.46682900312014,1.561880111694336,False
1770904471.949352,1393,53.19,53.76,259.61,343.1,62.76242388450396,13.764142990112305,False
1770904471.979249,1394,66.62,67.18,259.61,343.1,62.619232046859004,29.896974563598633,False
1770904471.982285,1395,53.82,54.33,259.61,343.1,62.645715910171496,3.036022186279297,False
1770904472.014123,1396,69.67,70.41,259.61,343.1,61.48877368791798,31.837940216064453,False
1770904472.014193,1397,54.37,54.69,259.61,343.1,63.50334715902166,0.07009506225585938,False
1770904472.030499,1398,54.19,54.78,259.61,343.1,62.55766850120065,16.305923461914062,False
1770904472.045103,1399,53.2,53.7,259.61,343.1,62.518940146751355,14.60409164428711,False
1770904472.062464,1400,54.09,54.62,259.61,343.1,62.40937173812283,17.360925674438477,False
1770904472.076364,1401,52.22,53.09,259.61,343.1,63.32547903344805,13.900041580200195,False
1770904472.10236,1402,62.13,62.73,259.61,343.1,61.86549139602476,25.995969772338867,False
1770904472.109709,1403,52.32,53.43,259.61,343.1,62.46681349755291,7.3490142822265625,False
1770904472.129062,1404,57.01,57.47,259.61,343.1,62.38070591874736,19.35291290283203,False
1770904472.15527,1405,67.08,67.75,259.61,343.1,62.33467609198529,26.208162307739258,False
1770904472.161839,1406,57.83,58.38,259.61,343.1,62.36112064455969,6.56890869140625,False
1770904472.175086,1407,54.69,55.3,259.61,343.1,62.43262694445899,13.247013092041016,False
1770904472.192999,1408,56.2,56.8,259.61,343.1,63.4253561053948,17.912864685058594,False
1770904472.216677,1409,64.41,64.98,259.61,343.1,62.02833023181297,23.678064346313477,False
1770904472.223199,1410,55.25,55.91,259.61,343.1,62.70746858499805,6.521940231323242,False
1770904472.247573,1411,62.82,63.41,259.61,343.1,61.95307918754884,24.374008178710938,False
1770904472.258666,1412,57.93,58.47,259.61,343.1,62.30626394510395,11.0931396484375,False
1770904472.269566,1413,53.16,53.75,259.61,343.1,62.60763403275198,10.900020599365234,False
1770904472.300983,1415,53.02,53.61,259.61,343.1,63.67078926047704,31.416893005371094,False
1770904472.301025,1414,68.51,69.1,259.61,343.1,61.47081884108012,0.041961669921875,False
1770904472.332572,1416,68.52,69.18,259.61,343.1,62.357875654562804,31.547069549560547,False
1770904472.334545,1417,54.43,54.9,259.61,343.1,62.36832263825352,1.9729137420654297,False
1770904472.351613,1418,55.1,55.58,259.61,343.1,62.99304933947699,17.068147659301758,False
1770904472.379398,1419,66.7,67.25,259.61,343.1,61.61505233496631,27.785062789916992,False
1770904472.384607,1420,56.39,56.99,259.61,343.1,62.52181359743432,5.2089691162109375,False
1770904472.400378,1421,56.17,56.69,259.61,343.1,62.95987537029777,15.770912170410156,False
1770904472.416537,1422,56.09,56.54,259.61,343.1,62.631060504625815,16.1590576171875,False
1770904472.442851,1423,66.8,67.42,259.61,343.1,62.52715736475731,26.31402015686035,False
1770904472.448489,1424,55.6,56.67,259.61,343.1,62.46785238757644,5.637884140014648,False
1770904472.467496,1425,59.28,59.9,259.61,343.1,62.28034369011761,19.006967544555664,False
1770904472.483077,1426,58.61,59.37,259.61,343.1,62.25382898605649,15.581130981445312,False
1770904472.511325,1427,71.48,72.09,259.61,343.1,61.40910054779565,28.247833251953125,False
1770904472.513136,1428,56.82,57.49,259.61,343.1,62.37090401515193,1.8110275268554688,False
1770904472.52955,1429,57.41,57.9,259.61,343.1,62.32749730290395,16.414165496826172,False
1770904472.544223,1430,55.36,55.96,259.61,343.1,63.35080951200202,14.672994613647461,False
1770904472.568972,1431,64.85,65.39,259.61,343.1,61.79508032483528,24.749040603637695,False
1770904472.574619,1432,54.8,55.39,259.61,343.1,62.2832414934124,5.646944046020508,False
1770904472.594203,1433,58.04,58.49,259.61,343.1,62.27502661418562,19.583940505981445,False
1770904472.605593,1434,53.84,54.36,259.61,343.1,63.16228247185462,11.389970779418945,False
1770904472.629578,1435,61.18,61.78,259.61,343.1,62.13199202741668,23.98514747619629,False
1770904472.638589,1436,54.31,54.89,259.61,343.1,63.48710256268594,9.010791778564453,False
1770904472.654954,1437,55.01,55.57,259.61,343.1,62.83512069865672,16.36505126953125,False
1770904472.678835,1438,62.45,63.06,259.61,343.1,62.022368232968745,23.880958557128906,False
1770904472.688875,1439,56.46,57.16,259.61,343.1,63.457758412006775,10.040044784545898,False
1770904472.703803,1440,55.31,56.09,259.61,343.1,62.698735278487625,14.928102493286133,False
1770904472.735118,1441,71.05,71.59,259.61,343.1,61.63619450781075,31.314849853515625,False
1770904472.736416,1442,56.21,56.58,259.61,343.1,62.692581242963975,1.2981891632080078,False
1770904472.750808,1443,54.08,54.59,259.61,343.1,62.67784146225742,14.391899108886719,False
1770904472.778311,1444,65.83,66.41,259.61,343.1,62.91814633434106,27.503013610839844,False
1770904472.78324,1445,54.75,55.32,248.33,341.7,62.67162909771,4.929065704345703,False
1770904472.799334,1446,55.34,55.82,248.33,341.7,62.41587278045238,16.093969345092773,False
1770904472.818225,1447,57.66,58.24,248.33,341.7,63.220388629997615,18.890857696533203,False
1770904472.841097,1448,64.65,65.16,248.33,341.7,61.819656606920674,22.872209548950195,False
1770904472.849583,1449,57.38,58.13,248.33,341.7,62.416197868121984,8.485794067382812,False
1770904472.864049,1450,56.1,56.56,248.33,341.7,62.49257886123948,14.466047286987305,False
1770904472.890662,1451,66.25,67.24,248.33,341.7,62.71978371168337,26.61299705505371,False
1770904472.898388,1452,58.24,58.91,248.33,341.7,62.31823679213605,7.725954055786133,False
1770904472.92234,1453,65.58,66.43,248.33,341.7,61.66572123007875,23.952007293701172,False
1770904472.945757,1454,73.02,73.54,248.33,341.7,62.07916073400253,23.416996002197266,False
1770904472.951779,1455,63.39,64.08,248.33,341.7,61.88796247840816,6.021976470947266,False
1770904472.969172,1456,65.03,65.71,248.33,341.7,62.82399920514578,17.393112182617188,False
1770904472.981586,1457,61.45,62.34,248.33,341.7,62.022368232968745,12.413978576660156,False
1770904473.008351,1458,71.64,72.24,248.33,341.7,61.35897200206075,26.765108108520508,False
1770904473.015278,1459,62.83,63.59,248.33,341.7,61.844510812789416,6.927013397216797,False
1770904473.031004,1460,62.49,62.99,248.33,341.7,61.948915787926744,15.725851058959961,False
1770904473.05792,1461,73.39,74.12,248.33,341.7,61.12743821630802,26.916027069091797,False
1770904473.069392,1462,68.65,69.45,248.33,341.7,62.04551943207465,11.471986770629883,False
1770904473.082874,1463,67.08,67.61,248.33,341.7,61.654496233233296,13.482093811035156,False
1770904473.110641,1464,77.91,78.54,248.33,341.7,61.125998016536634,27.766942977905273,False
1770904473.119908,1465,71.28,72.07,248.33,341.7,62.1994990095119,9.267091751098633,False
1770904473.127904,1466,63.9,64.55,248.33,341.7,62.107626660612,7.995843887329102,False
1770904473.144471,1467,64.53,65.04,248.33,341.7,61.894918584961,16.566991806030273,False
1770904473.162904,1468,66.29,66.93,248.33,341.7,61.86171992319713,18.433094024658203,False
1770904473.177855,1469,65.42,66.13,248.33,341.7,62.4233971057229,14.950990676879883,False
1770904473.201048,1470,72.55,73.14,248.33,341.7,61.35916648867849,23.192882537841797,False
1770904473.206193,1471,61.73,62.34,248.33,341.7,62.58996842375441,5.145072937011719,False
1770904473.218696,1472,58.4,59.1,248.33,341.7,62.49804180042109,12.50314712524414,False
1770904473.234282,1473,57.95,58.44,248.33,341.7,62.19447239856937,15.585899353027344,False
1770904473.249158,1474,56.3,57.13,248.33,341.7,62.22480332839318,14.87588882446289,False
1770904473.278574,1475,70.85,71.32,248.33,341.7,62.40095918722736,29.41608428955078,False
1770904473.28309,1476,58.26,59.3,248.33,341.7,63.123467114415156,4.516124725341797,False
1770904473.296946,1477,57.03,57.5,248.33,341.7,62.34406504677324,13.855934143066406,False
1770904473.316251,1478,59.31,59.98,248.33,341.7,62.1994990095119,19.304990768432617,False
1770904473.328598,1479,56.1,56.61,248.33,341.7,63.21113082303899,12.346982955932617,False
1770904473.35638,1480,67.39,68.11,248.33,341.7,61.74282019406214,27.781963348388672,False
1770904473.360948,1481,56.43,56.87,248.33,341.7,62.462906339982176,4.5680999755859375,False
1770904473.371519,1482,51.74,52.21,248.33,341.7,62.82840654752171,10.571002960205078,False
1770904473.40408,1483,67.89,68.36,248.33,341.7,62.420099184311475,32.56082534790039,False
1770904473.408631,1484,55.97,56.58,248.33,341.7,62.49074774876786,4.551172256469727,False
1770904473.422444,1485,53.67,54.35,248.33,341.7,62.83063398066033,13.813018798828125,False
1770904473.452149,1486,67.86,68.46,248.33,341.7,61.91491277577867,29.704809188842773,False
1770904473.457163,1487,56.92,57.57,248.33,341.7,63.435796077419134,5.014181137084961,False
1770904473.472155,1488,55.73,56.37,248.33,341.7,62.563920507515626,14.991998672485352,False
1770904473.488192,1489,56.15,56.81,248.33,341.7,62.58853631433861,16.0369873046875,False
1770904473.51496,1490,66.3,67.25,248.33,341.7,61.80870947443809,26.767969131469727,False
1770904473.520985,1491,56.6,57.15,248.33,341.7,63.02436419852488,6.024837493896484,False
1770904473.535087,1492,54.4,54.9,248.33,341.7,62.469542595932225,14.10222053527832,False
1770904473.567369,1493,71.64,72.16,248.33,341.7,61.65443581362326,32.28187561035156,False
1770904473.567417,1494,55.49,55.95,248.33,341.7,62.38147907060217,0.04792213439941406,False
1770904473.580289,1495,51.74,52.22,248.33,341.7,63.110676426996896,12.871980667114258,False
1770904473.597606,1496,53.84,54.38,248.33,341.7,62.56406049210809,17.31705665588379,False
1770904473.624407,1497,64.17,64.96,248.33,341.7,61.89056512732709,26.801109313964844,False
1770904473.630806,1498,54.67,55.22,248.33,341.7,63.02712644783583,6.398916244506836,False
1770904473.643329,1499,51.09,51.71,248.33,341.7,62.863169359048975,12.52293586730957,False
1770904473.675729,1500,67.37,68.04,248.33,341.7,61.73309656467118,32.40013122558594,False
1770904473.67878,1501,53.99,54.58,248.33,341.7,63.58207642939399,3.0510425567626953,False
1770904473.695902,1502,55.32,55.89,248.33,341.7,62.53348096698718,17.12203025817871,False
1770904473.712222,1503,56.13,56.73,248.33,341.7,62.40807169216432,16.319990158081055,False
1770904473.73358,1504,61.12,61.73,248.33,341.7,62.80952676886077,21.358013153076172,False
1770904473.742936,1505,54.38,55.03,248.33,341.7,62.519809920164086,9.355783462524414,False
1770904473.775151,1507,55.28,55.79,248.33,341.7,62.51172318320163,32.215118408203125,False
1770904473.775244,1506,70.71,71.19,248.33,341.7,61.64976286917708,0.09298324584960938,False
1770904473.792914,1508,56.4,57.14,248.33,341.7,63.037340980895536,17.6699161529541,False
1770904473.815654,1509,62.94,63.58,248.33,341.7,62.107228141390074,22.74012565612793,False
1770904473.824506,1510,55.82,56.38,248.33,341.7,62.470255922316504,8.852005004882812,False
1770904473.842019,1511,58.05,58.62,248.33,341.7,63.06779898458279,17.513036727905273,False
1770904473.867746,1512,67.41,67.98,248.33,341.7,61.89662360239098,25.727033615112305,False
1770904473.870613,1513,54.54,55.29,248.33,341.7,63.27290610371841,2.866983413696289,False
1770904473.888555,1514,56.07,56.6,248.33,341.7,63.64034632971726,17.941951751708984,False
1770904473.90251,1515,53.73,54.35,248.33,341.7,63.1093311733337,13.954877853393555,False
1770904473.921162,1516,56.71,57.38,248.33,341.7,63.02587945959551,18.651962280273438,False
1770904473.943841,1517,63.65,64.11,248.33,341.7,62.35353407714092,22.67909049987793,False
1770904473.950341,1518,54.3,54.88,248.33,341.7,63.69495053394186,6.500005722045898,False
1770904473.965996,1519,53.9,54.34,248.33,341.7,63.11020162503762,15.655040740966797,False
1770904473.981446,1520,53.52,54.14,248.33,341.7,63.128518330752506,15.450000762939453,False
1770904474.007666,1521,63.45,63.91,248.33,341.7,63.174776906076126,26.220083236694336,False
1770904474.012463,1522,52.44,52.96,248.33,341.7,63.62192446164569,4.7969818115234375,False
1770904474.038382,1523,61.75,62.27,248.33,341.7,62.79382317648741,25.918960571289062,False
1770904474.043,1524,50.94,51.47,248.33,341.7,64.35289547861873,4.617929458618164,False
1770904474.06357,1525,55.59,56.05,248.33,341.7,63.58209249356683,20.570039749145508,False
1770904474.076378,1526,52.1,52.73,248.33,341.7,63.259498228968006,12.808084487915039,False
1770904474.113136,1528,56.32,57.09,248.33,341.7,62.97325933648972,36.7579460144043,True
1770904474.113196,1527,73.28,73.75,248.33,341.7,62.086188187955635,0.05984306335449219,False
1770904474.127928,1529,55.77,56.2,248.33,341.7,63.15304167362001,14.732122421264648,False
1770904474.142193,1530,54.07,54.72,248.33,341.7,63.752119406735844,14.265060424804688,False
1770904474.171214,1531,67.14,67.68,248.33,341.7,62.174804179867934,29.021024703979492,False
1770904474.175232,1532,55.38,56.0,248.33,341.7,62.72634958806103,4.017829895019531,False
1770904474.191574,1533,54.96,55.52,248.33,341.7,62.67679557598251,16.3421630859375,False
1770904474.222607,1534,70.57,71.27,248.33,341.7,61.63651152441341,31.032800674438477,False
1770904474.224198,1535,56.21,56.74,248.33,341.7,63.45015865171882,1.5912055969238281,False
1770904474.238027,1536,54.03,54.66,248.33,341.7,62.83137126444587,13.82899284362793,False
1770904474.262572,1537,62.3,62.78,248.33,341.7,62.13585789489668,24.544954299926758,False
1770904474.273962,1538,57.2,57.9,248.33,341.7,62.649380833277945,11.389970779418945,False
1770904474.288264,1539,56.38,57.06,248.33,341.7,62.52175146597713,14.30201530456543,False
1770904474.321244,1541,56.89,57.61,248.33,341.7,63.221344163592526,32.97996520996094,False
1770904474.321308,1540,72.1,73.11,248.33,341.7,61.43530713813489,0.06389617919921875,False
1770904474.335508,1542,54.89,55.44,248.33,341.7,62.241372871366515,14.200210571289062,False
1770904474.366275,1543,70.35,70.9,248.33,341.7,62.357412112131136,30.766963958740234,False
1770904474.369424,1544,57.15,57.69,248.33,341.7,62.44841381507735,3.1490325927734375,False
1770904474.380559,1545,52.76,53.23,248.33,341.7,62.62297178761392,11.134862899780273,False
1770904474.399638,1546,55.46,55.96,248.33,341.7,63.32527188210939,19.078969955444336,False
1770904474.430456,1547,70.35,71.13,248.33,341.7,61.646401060582235,30.81798553466797,False
1770904474.432586,1548,56.58,57.07,248.33,341.7,62.47196176885808,2.1300315856933594,False
1770904474.447227,1549,54.74,55.49,248.33,341.7,62.56289397297789,14.641046524047852,False
1770904474.475716,1550,66.89,67.94,248.33,341.7,62.45081585417089,28.489112854003906,False
1770904474.482008,1551,57.48,58.24,248.33,341.7,62.43346333986881,6.291866302490234,False
1770904474.497819,1552,57.43,58.03,248.33,341.7,62.32265062568258,15.810966491699219,False
1770904474.523298,1553,67.17,67.87,248.33,341.7,62.766165094176095,25.47907829284668,False
1770904474.528848,1554,56.91,57.59,248.33,341.7,62.40697288603146,5.549907684326172,False
1770904474.555417,1555,66.56,67.25,248.33,341.7,61.53037273495446,26.569128036499023,False
1770904474.563011,1556,58.74,59.14,248.33,341.7,62.15008290522429,7.593870162963867,False
1770904474.583892,1557,64.09,64.66,248.33,341.7,62.53354312175912,20.881175994873047,False
1770904474.594126,1558,57.48,58.2,248.33,341.7,62.284598004631654,10.233879089355469,False
1770904474.609791,1559,57.7,58.36,248.33,341.7,62.08210110626608,15.665054321289062,False
1770904474.634503,1560,65.87,66.44,248.33,341.7,62.579929472130154,24.71184730529785,False
1770904474.637897,1561,53.74,54.26,248.33,341.7,62.55754409584501,3.3941268920898438,False
1770904474.655983,1562,55.85,56.42,248.33,341.7,62.49473598732117,18.085956573486328,False
1770904474.669593,1563,53.09,53.66,248.33,341.7,62.67162909771,13.610124588012695,False
1770904474.700606,1564,68.24,68.75,248.33,341.7,62.04590186245023,31.013011932373047,False
1770904474.702102,1565,53.36,54.08,248.33,341.7,62.55434082834,1.4958381652832031,False
1770904474.719137,1566,54.51,54.99,248.33,341.7,62.50093095759824,17.03500747680664,False
1770904474.734214,1567,53.93,54.44,248.33,341.7,63.60991016883247,15.07711410522461,False
1770904474.756386,1568,59.44,60.11,248.33,341.7,62.27476463681255,22.171974182128906,False
1770904474.767058,1569,54.29,54.79,248.33,341.7,63.06470128759043,10.671854019165039,False
1770904474.793375,1570,65.34,66.08,248.33,341.7,61.927878592357615,26.317119598388672,False
1770904474.798786,1571,54.65,55.18,248.33,341.7,62.71120324567509,5.410909652709961,False
1770904474.812857,1572,52.52,53.24,248.33,341.7,63.48462014660645,14.070987701416016,False
1770904474.833496,1573,56.82,57.29,251.82,342.5,62.312866956666426,20.63918113708496,False
1770904474.849307,1574,57.06,57.83,251.82,342.5,62.45107931486473,15.810966491699219,False
1770904474.868215,1575,59.83,60.31,251.82,342.5,62.13076486849275,18.908023834228516,False
1770904474.878958,1576,54.27,54.95,251.82,342.5,62.64381343831958,10.742902755737305,False
1770904474.897213,1577,57.08,57.55,251.82,342.5,62.934510239746,18.254995346069336,False
1770904474.923624,1578,67.26,68.0,251.82,342.5,61.64702020579362,26.411056518554688,False
1770904474.929903,1579,58.13,58.55,251.82,342.5,62.24666880538542,6.27899169921875,False
1770904474.943994,1580,55.31,55.92,251.82,342.5,62.33455257195609,14.091014862060547,False
1770904474.960272,1581,56.39,56.85,251.82,342.5,62.985119079648975,16.27802848815918,False
1770904474.976848,1582,55.98,57.08,251.82,342.5,62.21582957203388,16.57581329345703,False
1770904474.991469,1583,54.56,55.44,251.82,342.5,62.953339256982304,14.62101936340332,False
1770904475.01365,1584,60.94,61.5,251.82,342.5,61.81425088075976,22.181034088134766,False
1770904475.026554,1585,58.69,59.15,251.82,342.5,62.30632564901432,12.904167175292969,False
1770904475.037241,1586,52.71,53.24,251.82,342.5,62.443873691085024,10.686874389648438,False
1770904475.064203,1587,63.87,64.34,251.82,342.5,62.035589301149344,26.9620418548584,False
1770904475.069233,1588,52.93,53.45,251.82,342.5,63.80505896641072,5.029916763305664,False
1770904475.095468,1589,63.29,63.76,251.82,342.5,62.01293838557749,26.235103607177734,False
1770904475.102278,1590,54.17,54.89,251.82,342.5,62.494472158152895,6.80994987487793,False
1770904475.11872,1591,54.15,54.65,251.82,342.5,63.32414054101931,16.442060470581055,False
1770904475.150165,1592,70.35,70.86,251.82,342.5,61.54268131936928,31.445026397705078,False
1770904475.151027,1593,55.19,55.64,251.82,342.5,62.53564091776901,0.8618831634521484,False
1770904475.167282,1594,55.34,55.9,251.82,342.5,63.51389297256234,16.25514030456543,False
1770904475.189367,1595,61.52,62.14,251.82,342.5,62.16528185776832,22.084951400756836,False
1770904475.19935,1596,55.34,55.86,251.82,342.5,62.413984242876076,9.983062744140625,False
1770904475.224693,1597,62.54,64.52,251.82,342.5,62.36221783662105,25.342941284179688,False
1770904475.231128,1598,55.25,55.74,251.82,342.5,62.68505434478018,6.434917449951172,False
1770904475.245737,1599,53.52,54.2,251.82,342.5,62.66494983855557,14.609098434448242,False
1770904475.265694,1600,57.53,58.2,251.82,342.5,62.470227273301006,19.95682716369629,False
1770904475.289527,1601,64.76,65.59,251.82,342.5,63.00227259015933,23.833036422729492,False
1770904475.296665,1602,56.98,57.44,251.82,342.5,62.42477521367352,7.13801383972168,False
1770904475.322415,1603,65.75,66.53,251.82,342.5,62.75231389243112,25.750160217285156,False
1770904475.329279,1604,57.0,57.5,251.82,342.5,62.50945186979483,6.863832473754883,False
1770904475.343867,1605,54.69,55.43,251.82,342.5,62.28536877596737,14.588117599487305,False
1770904475.362653,1606,58.3,58.81,251.82,342.5,62.3043203344839,18.785953521728516,False
1770904475.383115,1607,63.26,63.87,251.82,342.5,62.98160391737004,20.4620361328125,False
1770904475.391569,1608,55.61,56.2,251.82,342.5,62.56628477579554,8.453845977783203,False
1770904475.412663,1609,60.15,60.66,251.82,342.5,62.14808763519514,21.094083786010742,False
1770904475.426093,1610,57.8,58.31,251.82,342.5,63.13284180052532,13.430118560791016,False
1770904475.438147,1611,53.58,53.99,251.82,342.5,62.75237648297974,12.053966522216797,False
1770904475.454698,1612,54.76,55.3,251.82,342.5,62.7038437331348,16.55101776123047,False
1770904475.480804,1613,64.3,64.96,251.82,342.5,62.6627965491646,26.105880737304688,False
1770904475.488274,1614,55.51,56.05,251.82,342.5,62.537381418320756,7.470130920410156,False
1770904475.501831,1615,53.91,54.6,251.82,342.5,63.39720290572126,13.556957244873047,False
1770904475.528426,1616,64.77,65.21,251.82,342.5,62.14943826551327,26.594877243041992,False
1770904475.535281,1617,55.08,55.7,251.82,342.5,63.065696942723235,6.855010986328125,False
1770904475.550468,1618,53.83,54.31,251.82,342.5,62.739063155588035,15.18702507019043,False
1770904475.580271,1619,67.83,68.31,251.82,342.5,61.825078467250115,29.803037643432617,False
1770904475.580331,1620,52.17,52.73,251.82,342.5,63.43646767870966,0.06008148193359375,False
1770904475.598016,1621,54.11,54.59,251.82,342.5,62.492252977441694,17.6849365234375,False
1770904475.629642,1622,69.54,70.03,251.82,342.5,61.623214723854275,31.625986099243164,False
1770904475.631009,1623,54.32,54.76,251.82,342.5,62.4079478810883,1.3670921325683594,False
1770904475.643664,1624,51.56,52.21,251.82,342.5,63.622825195785786,12.654781341552734,False
1770904475.672913,1625,64.3,64.81,251.82,342.5,61.80398867647525,29.249191284179688,False
1770904475.67831,1626,54.11,54.84,251.82,342.5,62.55388990925571,5.396842956542969,False
1770904475.695717,1627,55.17,55.62,251.82,342.5,62.402299523213934,17.40717887878418,False
1770904475.72146,1628,64.31,65.62,251.82,342.5,62.17139423896454,25.74300765991211,False
1770904475.73081,1629,58.8,59.32,251.82,342.5,62.25667811815592,9.349822998046875,False
1770904475.744437,1630,56.22,56.99,251.82,342.5,63.087372083981045,13.627052307128906,False
1770904475.762661,1631,58.38,58.8,251.82,342.5,62.24873200034135,18.224000930786133,False
1770904475.788991,1632,68.07,68.89,251.82,342.5,61.46696683090702,26.329994201660156,False
1770904475.793709,1633,57.12,57.69,251.82,342.5,62.486139406692864,4.71806526184082,False
1770904475.804868,1634,52.69,53.22,251.82,342.5,62.79034500000374,11.158943176269531,False
1770904475.831592,1635,63.27,63.76,251.82,342.5,62.28091398115572,26.72410011291504,False
1770904475.839223,1636,54.4,55.13,251.82,342.5,62.48275728509205,7.630825042724609,False
1770904475.866042,1637,65.23,65.82,251.82,342.5,61.930438878393176,26.81899070739746,False
1770904475.873734,1638,57.1,57.69,251.82,342.5,63.15058531260586,7.692098617553711,False
1770904475.903219,1639,71.36,71.72,251.82,342.5,61.64493630313471,29.484987258911133,False
1770904475.908899,1640,60.58,61.43,251.82,342.5,62.18228585618609,5.680084228515625,False
1770904475.921908,1641,56.62,58.12,251.82,342.5,62.393681944705115,13.008832931518555,False
1770904475.937881,1642,57.5,58.03,251.82,342.5,62.43281280816897,15.973091125488281,False
1770904475.965345,1643,68.62,69.18,251.82,342.5,61.60948625270887,27.463912963867188,False
1770904475.967719,1644,55.16,55.68,251.82,342.5,62.888524151001484,2.3741722106933594,False
1770904475.982175,1645,54.27,54.88,251.82,342.5,62.78639726657959,14.456033706665039,False
1770904476.01106,1646,66.37,67.02,251.82,342.5,61.61309126983447,28.8848876953125,False
1770904476.01712,1647,56.97,57.52,251.82,342.5,62.96456960941227,6.059885025024414,False
1770904476.036281,1648,59.81,60.42,251.82,342.5,62.044479245303485,19.161224365234375,False
1770904476.063049,1649,70.85,71.73,251.82,342.5,62.01031015474596,26.767969131469727,False
1770904476.067777,1650,58.82,59.82,251.82,342.5,62.14403609644024,4.727840423583984,False
1770904476.080571,1651,56.67,57.35,251.82,342.5,62.379731774696694,12.794017791748047,False
1770904476.096641,1652,56.65,57.2,251.82,342.5,63.39305074703865,16.070127487182617,False
1770904476.125021,1653,67.79,69.01,251.82,342.5,61.602021136157184,28.37991714477539,False
1770904476.130235,1654,57.83,58.31,251.82,342.5,62.308346519623946,5.21397590637207,False
1770904476.142999,1655,54.73,55.32,251.82,342.5,62.917359822512104,12.76397705078125,False
1770904476.161086,1656,56.76,57.31,251.82,342.5,62.38718552396951,18.087148666381836,False
1770904476.174873,1657,54.0,54.62,251.82,342.5,63.14592667533844,13.787031173706055,False
1770904476.192955,1658,56.88,57.57,251.82,342.5,62.38127804927625,18.0819034576416,False
1770904476.214451,1659,61.62,62.31,251.82,342.5,61.937785636072725,21.496057510375977,False
1770904476.224146,1660,56.18,56.78,251.82,342.5,62.60094491620604,9.694814682006836,False
1770904476.238577,1661,54.06,54.57,251.82,342.5,63.22111920703491,14.430999755859375,False
1770904476.263692,1662,62.97,63.48,251.82,342.5,62.04584067327333,25.115013122558594,False
1770904476.270432,1663,54.38,54.92,251.82,342.5,63.2900121747235,6.740093231201172,False
1770904476.288392,1664,56.14,56.74,251.82,342.5,62.55779290705109,17.960071563720703,False
1770904476.314614,1665,66.13,66.88,251.82,342.5,61.808071896901666,26.22199058532715,False
1770904476.321788,1666,57.8,58.34,251.82,342.5,62.55636226964402,7.174015045166016,False
1770904476.334162,1667,54.13,54.6,251.82,342.5,63.088368455093786,12.373924255371094,False
1770904476.366526,1668,70.31,70.83,251.82,342.5,61.5411763382475,32.3638916015625,False
1770904476.366567,1669,53.82,54.39,251.82,342.5,62.89941696536559,0.04100799560546875,False
1770904476.383076,1670,54.58,55.07,251.82,342.5,62.69704826530559,16.509056091308594,False
1770904476.399104,1671,55.32,55.84,251.82,342.5,62.43775409088496,16.028165817260742,False
1770904476.415555,1672,55.23,56.02,251.82,342.5,62.44426104791761,16.450881958007812,False
1770904476.437529,1673,61.3,61.87,251.82,342.5,62.71393811197978,21.97408676147461,False
1770904476.446084,1674,53.17,53.82,251.82,342.5,62.64290902501303,8.554935455322266,False
1770904476.481655,1675,72.76,73.43,251.82,342.5,61.235497954949764,35.57085990905762,True
1770904476.482496,1676,58.19,58.76,251.82,342.5,62.888461288565246,0.8411407470703125,False
1770904476.495599,1677,55.47,55.95,251.82,342.5,62.479297970687206,13.103008270263672,False
1770904476.512339,1678,55.91,56.93,251.82,342.5,62.37841750157397,16.740083694458008,False
1770904476.529528,1679,57.03,57.61,251.82,342.5,63.20733638212199,17.18878746032715,False
1770904476.541961,1680,53.58,54.28,251.82,342.5,62.39406867907912,12.433052062988281,False
1770904476.57104,1681,66.73,67.27,251.82,342.5,61.6634396413959,29.078960418701172,False
1770904476.574171,1682,54.02,54.66,251.82,342.5,63.523720719842935,3.1311511993408203,False
1770904476.590546,1683,54.18,54.87,251.82,342.5,62.530171403837755,16.374826431274414,False
1770904476.606333,1684,53.76,54.26,251.82,342.5,62.32671005246269,15.787124633789062,False
1770904476.632129,1685,63.63,64.11,251.82,342.5,62.55109124653917,25.795936584472656,False
1770904476.637425,1686,52.65,53.16,251.82,342.5,62.55766850120065,5.295991897583008,False
1770904476.654703,1687,54.03,54.67,251.82,342.5,62.56609811653993,17.277956008911133,False
1770904476.683967,1688,67.82,68.46,251.82,342.5,62.33720836046744,29.264211654663086,False
1770904476.688049,1689,55.71,56.33,251.82,342.5,62.68026118369535,4.081964492797852,False
1770904476.701534,1690,53.41,54.0,251.82,342.5,62.6895671435219,13.484954833984375,False
1770904476.730179,1691,66.19,66.72,251.82,342.5,62.0143442749192,28.645038604736328,False
1770904476.734336,1692,54.04,54.61,251.82,342.5,63.468897349450096,4.156827926635742,False
1770904476.75204,1693,55.52,56.14,251.82,342.5,62.60885660540993,17.704010009765625,False
1770904476.777495,1694,65.2,65.77,251.82,342.5,61.68860689306245,25.454998016357422,False
1770904476.783065,1695,55.2,55.77,251.82,342.5,63.06011851857049,5.570173263549805,False
1770904476.805271,1696,61.2,61.77,251.82,342.5,62.10871495069349,22.205829620361328,False
1770904476.813321,1697,53.49,53.94,251.82,342.5,63.33929749417154,8.050203323364258,False
1770904476.838547,1698,62.22,62.87,251.82,342.5,62.18821717050282,25.22587776184082,False
1770904476.845097,1699,52.6,53.27,253.2,340.7,63.702512300270115,6.550073623657227,False
1770904476.863999,1700,56.13,56.62,253.2,340.7,62.820658820228466,18.901824951171875,False
1770904476.889534,1701,64.94,65.84,253.2,340.7,62.00742241379735,25.535106658935547,False
1770904476.897596,1702,57.59,58.05,253.2,340.7,62.51856739412561,8.061885833740234,False
1770904476.91131,1703,54.18,55.04,253.2,340.7,63.427290358435,13.714075088500977,False
1770904476.948658,1704,75.67,76.5,253.2,340.7,61.16588841607289,37.348031997680664,True
1770904476.948733,1705,59.92,61.07,253.2,340.7,62.07594502074228,0.07510185241699219,False
1770904476.959817,1706,55.4,56.12,253.2,340.7,63.240644573582536,11.083841323852539,False
1770904476.985421,1707,65.39,65.98,253.2,340.7,61.96419957999177,25.6040096282959,False
1770904476.993602,1708,57.5,57.98,253.2,340.7,62.6749068250278,8.181095123291016,False
1770904477.004495,1709,52.32,52.76,253.2,340.7,63.731760498998405,10.892868041992188,False
1770904477.032072,1710,64.26,64.78,253.2,340.7,62.22161344645024,27.57716178894043,False
1770904477.036879,1711,52.63,53.16,253.2,340.7,62.74128425819992,4.806995391845703,False
1770904477.054342,1712,54.0,54.66,253.2,340.7,62.65003588598042,17.462968826293945,False
1770904477.077167,1713,60.94,61.49,253.2,340.7,63.01554240670675,22.825002670288086,False
1770904477.087407,1714,54.95,55.42,253.2,340.7,62.68464838090095,10.24007797241211,False
1770904477.102351,1715,53.68,54.28,253.2,340.7,62.54221492345322,14.943838119506836,False
1770904477.130386,1716,66.51,67.01,253.2,340.7,61.900338429910526,28.03516387939453,False
1770904477.13408,1717,54.33,54.84,253.2,340.7,62.55168205448144,3.693819046020508,False
1770904477.149443,1718,53.35,53.94,253.2,340.7,62.729492315296795,15.362977981567383,False
1770904477.169662,1719,57.69,58.17,253.2,340.7,62.81335198661157,20.219087600708008,False
1770904477.183141,1720,54.73,55.19,253.2,340.7,62.565491481651,13.478994369506836,False
1770904477.198756,1721,55.06,55.53,253.2,340.7,62.48834263695896,15.614986419677734,False
1770904477.226316,1722,66.03,66.82,253.2,340.7,62.3296276096968,27.559995651245117,False
1770904477.231716,1723,55.45,55.95,253.2,340.7,62.41652295917798,5.399942398071289,False
1770904477.24596,1724,53.11,53.75,253.2,340.7,62.658740029146,14.24407958984375,False
1770904477.274008,1725,65.61,66.1,253.2,340.7,62.53947947186747,28.048038482666016,False
1770904477.278054,1726,53.1,53.93,253.2,340.7,62.74405303587501,4.045963287353516,False
1770904477.298129,1727,57.65,58.17,253.2,340.7,62.24278913753586,20.075082778930664,False
1770904477.325009,1728,67.91,68.87,253.2,340.7,62.598905021429445,26.88002586364746,False
1770904477.327768,1729,55.72,56.18,253.2,340.7,62.4218951921956,2.7589797973632812,False
1770904477.341926,1730,53.05,53.72,253.2,340.7,62.5749501020586,14.158010482788086,False
1770904477.371086,1731,67.32,67.85,253.2,340.7,61.72955319961528,29.1597843170166,False
1770904477.37446,1732,54.33,54.92,253.2,340.7,62.57137166923715,3.3740997314453125,False
1770904477.405848,1733,69.18,69.9,253.2,340.7,61.96305532246818,31.388044357299805,False
1770904477.407943,1734,55.3,55.84,253.2,340.7,62.37920605880185,2.0949840545654297,False
1770904477.423308,1735,54.6,55.34,253.2,340.7,63.71773801714056,15.364885330200195,False
1770904477.449355,1736,65.18,65.72,253.2,340.7,62.056627129928735,26.0469913482666,False
1770904477.455914,1737,55.26,55.79,253.2,340.7,62.4794996242415,6.559133529663086,False
1770904477.471101,1738,54.47,55.0,253.2,340.7,62.5807075702894,15.18702507019043,False
1770904477.500176,1739,67.77,68.26,253.2,340.7,61.81437234736845,29.074907302856445,False
1770904477.505279,1740,56.3,57.11,253.2,340.7,62.28472132676344,5.103111267089844,False
1770904477.522343,1741,57.68,58.42,253.2,340.7,63.07138700378491,17.06385612487793,False
1770904477.548622,1742,67.74,68.42,253.2,340.7,61.57314290202227,26.278972625732422,False
1770904477.55173,1743,55.69,56.23,253.2,340.7,62.42301000769441,3.1080245971679688,False
1770904477.573331,1744,61.4,61.96,253.2,340.7,62.04769169926951,21.601200103759766,False
1770904477.581434,1745,53.41,54.0,253.2,340.7,63.20412972031362,8.102893829345703,False
1770904477.599976,1746,55.72,56.3,253.2,340.7,62.334351852952715,18.542051315307617,False
1770904477.62356,1747,62.94,63.36,253.2,340.7,61.92864056012271,23.58388900756836,False
1770904477.629973,1748,53.97,54.5,253.2,340.7,63.42455686172513,6.412982940673828,False
1770904477.655223,1749,62.72,63.58,253.2,340.7,62.036418980230096,25.249958038330078,False
1770904477.663293,1750,54.84,55.29,253.2,340.7,62.38570081774279,8.069992065429688,False
1770904477.676902,1751,52.91,53.45,253.2,340.7,63.37651139153288,13.609170913696289,False
1770904477.696207,1752,55.64,56.1,253.2,340.7,62.37841750157397,19.304990768432617,False
1770904477.719127,1753,63.15,63.92,253.2,340.7,62.041985998421694,22.919893264770508,False
1770904477.727042,1754,55.0,55.58,253.2,340.7,63.18802196204624,7.915019989013672,False
1770904477.755152,1755,66.26,67.05,253.2,340.7,61.72287642486513,28.110027313232422,False
1770904477.760542,1756,56.7,57.23,253.2,340.7,62.809401359773396,5.389928817749023,False
1770904477.775382,1757,54.8,55.2,253.2,340.7,62.366112407488544,14.840126037597656,False
1770904477.801949,1758,65.72,66.27,253.2,340.7,62.27929561490407,26.56698226928711,False
1770904477.806853,1759,54.16,54.72,253.2,340.7,62.38588640215652,4.904031753540039,False
1770904477.822308,1760,53.99,54.69,253.2,340.7,62.610274068029376,15.455007553100586,False
1770904477.85509,1761,70.84,71.57,253.2,340.7,62.14036868168703,32.78183937072754,False
1770904477.855159,1762,54.66,55.45,253.2,340.7,62.65905205050107,0.06914138793945312,False
1770904477.869667,1763,53.12,53.67,253.2,340.7,62.60714327473523,14.50800895690918,False
1770904477.902689,1764,69.97,70.71,253.2,340.7,62.89103875150693,33.02192687988281,False
1770904477.904905,1765,56.47,57.16,253.2,340.7,62.75021718120243,2.2161006927490234,False
1770904477.921688,1766,56.72,57.44,253.2,340.7,62.37841750157397,16.78299903869629,False
1770904477.946616,1767,66.28,66.79,253.2,340.7,62.4222977598657,24.927854537963867,False
1770904477.951801,1768,55.19,55.8,253.2,340.7,62.617471406909914,5.185127258300781,False
1770904477.969255,1769,56.73,57.24,253.2,340.7,62.19162895709548,17.453908920288086,False
1770904477.981279,1770,53.0,53.62,253.2,340.7,63.2106703854205,12.02392578125,False
1770904478.015829,1772,55.13,55.85,253.2,340.7,62.31165894709565,34.55018997192383,True
1770904478.016695,1771,72.07,72.61,253.2,340.7,61.30806527894528,0.865936279296875,False
1770904478.035684,1773,59.79,60.27,253.2,340.7,62.59669398792929,18.989086151123047,False
1770904478.04829,1774,55.83,56.75,253.2,340.7,62.44257220732786,12.605905532836914,False
1770904478.069676,1775,60.86,61.5,253.2,340.7,62.02672496552472,21.385908126831055,False
1770904478.077836,1776,53.28,53.99,253.2,340.7,63.32788527522004,8.160114288330078,False
1770904478.105805,1777,65.44,66.03,253.2,340.7,61.74586513760793,27.968883514404297,False
1770904478.11179,1778,55.76,56.33,253.2,340.7,62.347571187619785,5.985021591186523,False
1770904478.140428,1779,68.14,68.66,253.2,340.7,61.80685749988702,28.638124465942383,False
1770904478.143783,1780,55.17,55.79,253.2,340.7,62.45822459654152,3.3550262451171875,False
1770904478.161686,1781,57.85,58.3,253.2,340.7,62.309827546207174,17.902851104736328,False
1770904478.176679,1782,56.08,56.72,253.2,340.7,63.133776254600036,14.992952346801758,False
1770904478.191534,1783,55.28,56.09,253.2,340.7,62.5118430789248,14.855146408081055,False
1770904478.222966,1784,70.25,71.05,253.2,340.7,61.412112663683,31.431913375854492,False
1770904478.225763,1785,57.29,57.94,253.2,340.7,63.04143087964528,2.7971267700195312,False
1770904478.239258,1786,54.82,55.41,253.2,340.7,62.42170939348375,13.49496841430664,False
1770904478.258516,1787,58.14,58.94,253.2,340.7,62.47481539315145,19.25802230834961,False
1770904478.275647,1788,59.2,59.79,253.2,340.7,63.115519815091254,17.13085174560547,False
1770904478.28887,1789,56.5,57.09,253.2,340.7,62.42833689806939,13.22317123413086,False
1770904478.306126,1790,57.89,58.67,253.2,340.7,62.22775229788821,17.25602149963379,False
1770904478.332035,1791,67.93,68.44,253.2,340.7,62.43826530270464,25.908946990966797,False
1770904478.342513,1792,62.1,62.67,253.2,340.7,61.980070974893785,10.478019714355469,False
1770904478.35694,1793,60.34,60.96,253.2,340.7,63.08537943616828,14.426946640014648,False
1770904478.369362,1794,57.51,58.13,253.2,340.7,62.40774668913751,12.42208480834961,False
1770904478.385771,1795,56.66,58.25,253.2,340.7,62.34004968709614,16.408920288085938,False
1770904478.400087,1796,56.07,56.52,253.2,340.7,63.10925204255127,14.316082000732422,False
1770904478.429118,1797,68.5,69.05,253.2,340.7,61.65203423002891,29.030799865722656,False
1770904478.433251,1798,57.13,57.74,253.2,340.7,62.360347997261336,4.132986068725586,False
1770904478.446943,1799,54.19,54.9,253.2,340.7,63.3735588433124,13.692140579223633,False
1770904478.476567,1800,67.84,68.36,253.2,340.7,61.77364706887322,29.623985290527344,False
1770904478.478729,1801,53.93,55.01,253.2,340.7,62.73616970145392,2.1619796752929688,False
1770904478.499549,1802,59.64,60.19,253.2,340.7,63.096324737487514,20.819902420043945,False
1770904478.511318,1803,54.65,55.25,253.2,340.7,62.52683112022349,11.76905632019043,False
1770904478.539016,1804,66.02,66.76,253.2,340.7,62.132068726458975,27.698040008544922,False
1770904478.543583,1805,55.19,55.67,253.2,340.7,62.360409808340634,4.56690788269043,False
1770904478.567845,1806,63.61,64.18,253.2,340.7,61.99185769214568,24.262189865112305,False
1770904478.575517,1807,55.66,56.13,253.2,340.7,63.0280577750384,7.671833038330078,False
1770904478.597229,1808,60.47,61.09,253.2,340.7,62.03114347026818,21.712064743041992,False
1770904478.6073,1809,55.15,55.6,253.2,340.7,63.02010291736085,10.071039199829102,False
1770904478.625404,1810,57.07,57.7,253.2,340.7,62.36286689798696,18.103837966918945,False
1770904478.65234,1811,68.0,68.67,253.2,340.7,61.5108365762036,26.936054229736328,False
1770904478.657887,1812,57.57,58.53,253.2,340.7,62.390820259333026,5.547046661376953,False
1770904478.668759,1813,52.78,53.29,253.2,340.7,63.1823584261894,10.872125625610352,False
1770904478.687002,1814,55.13,55.78,253.2,340.7,62.5026053282813,18.242835998535156,False
1770904478.71144,1815,62.97,63.72,253.2,340.7,62.742598223917796,24.438142776489258,False
1770904478.717097,1816,52.93,53.51,253.2,340.7,62.72508320490877,5.656957626342773,False
1770904478.736801,1817,56.45,56.89,253.2,340.7,62.40776216539537,19.70386505126953,False
1770904478.764686,1818,68.48,69.08,253.2,340.7,62.32231107782741,27.88519859313965,False
1770904478.76743,1819,55.69,56.08,253.2,340.7,62.46245673812942,2.743959426879883,False
1770904478.781027,1820,53.05,53.73,253.2,340.7,62.583508883881485,13.59701156616211,False
1770904478.811542,1821,67.18,67.66,253.2,340.7,62.73183783933348,30.514955520629883,False
1770904478.81612,1822,55.23,55.91,253.2,340.7,62.43750623362201,4.577875137329102,False
1770904478.832175,1823,56.15,56.59,253.2,340.7,62.3371465953737,16.05510711669922,False
1770904478.849121,1824,56.25,56.87,253.2,340.7,63.39598914154086,16.946077346801758,False
1770904478.862873,1825,55.0,55.63,253.2,340.7,62.63257250045981,13.751983642578125,False
1770904478.877515,1826,53.58,54.29,127.57,340.7,62.772865948338115,14.642000198364258,False
1770904478.906629,1827,66.81,67.37,127.57,340.7,62.499143815842054,29.1140079498291,False
1770904478.912379,1828,55.49,56.12,127.57,340.7,62.462394724588705,5.749940872192383,False
1770904478.931128,1829,58.7,59.23,127.57,340.7,62.378293808131495,18.748998641967773,False
1770904478.956597,1830,67.91,68.96,127.57,340.7,61.51838487565088,25.469064712524414,False
1770904478.963838,1831,59.27,59.98,127.57,340.7,62.23569514702088,7.241010665893555,False
1770904478.977715,1832,57.45,58.12,127.57,340.7,63.47422577596066,13.876914978027344,False
1770904479.003709,1833,67.89,68.43,127.57,340.7,61.981872281377896,25.994062423706055,False
1770904479.010762,1834,58.52,59.2,127.57,340.7,62.33947831256658,7.052898406982422,False
1770904479.028288,1835,59.83,60.3,127.57,340.7,62.59049769816774,17.525911331176758,False
1770904479.053341,1836,68.82,69.46,127.57,340.7,61.50661214146962,25.053024291992188,False
1770904479.059257,1837,58.39,59.06,127.57,340.7,62.92922250884456,5.916118621826172,False
1770904479.073095,1838,56.59,57.18,127.57,340.7,62.415145215557715,13.838052749633789,False
1770904479.099669,1839,67.62,68.21,127.57,340.7,62.549458808932265,26.573896408081055,False
1770904479.104353,1840,55.65,56.59,127.57,340.7,62.46292184360978,4.683971405029297,False
1770904479.134945,1841,70.59,71.09,127.57,340.7,61.64854547022349,30.591964721679688,False
1770904479.137924,1842,57.18,57.69,127.57,340.7,62.41904640015239,2.9790401458740234,False
1770904479.154512,1843,58.14,58.84,127.57,340.7,62.30672672741075,16.58797264099121,False
1770904479.16988,1844,57.83,58.37,127.57,340.7,63.36372963847474,15.367984771728516,False
1770904479.185379,1845,57.03,57.57,127.57,340.7,62.52501353442714,15.499114990234375,False
1770904479.199972,1846,55.28,55.88,127.57,340.7,62.45355905384405,14.592885971069336,False
1770904479.226693,1847,66.37,67.02,127.57,340.7,61.972149522215666,26.72100067138672,False
1770904479.232384,1848,55.83,56.36,127.57,340.7,62.713156697266726,5.691051483154297,False
1770904479.246516,1849,54.31,54.96,127.57,340.7,62.653638920714684,14.132022857666016,False
1770904479.275703,1850,66.98,67.6,127.57,340.7,61.8826665355202,29.18696403503418,False
1770904479.280142,1851,55.67,56.53,127.57,340.7,63.283996148515996,4.439115524291992,False
1770904479.295652,1852,55.61,56.12,127.57,340.7,62.94990637242812,15.509843826293945,False
1770904479.327016,1853,70.57,71.39,127.57,340.7,61.85081869467955,31.36420249938965,False
1770904479.330194,1854,57.57,58.1,127.57,340.7,62.44588799909479,3.1778812408447266,False
1770904479.343359,1855,54.49,55.15,127.57,340.7,62.65742957338821,13.164997100830078,False
1770904479.373292,1856,68.82,69.46,127.57,340.7,61.65197381524416,29.93297576904297,False
1770904479.37717,1857,56.22,56.92,127.57,340.7,63.287656557319536,3.8781166076660156,False
1770904479.392498,1858,56.65,57.24,127.57,340.7,62.54905459944813,15.327930450439453,False
1770904479.415903,1859,63.84,64.37,127.57,340.7,61.922057777428925,23.405075073242188,False
1770904479.424456,1860,56.31,57.05,127.57,340.7,63.29856071859938,8.552789688110352,False
1770904479.437188,1861,53.51,53.98,127.57,340.7,62.600493324988534,12.73202896118164,False
1770904479.466623,1862,65.88,66.4,127.57,340.7,62.042811959855065,29.435157775878906,False
1770904479.471587,1863,55.46,55.91,127.57,340.7,62.482493557052976,4.963874816894531,False
1770904479.487958,1864,55.99,56.75,127.57,340.7,63.22831470464312,16.37101173400879,False
1770904479.504877,1865,56.95,57.59,127.57,340.7,62.41585730017163,16.91913604736328,False
1770904479.531685,1866,67.64,68.34,127.57,340.7,62.250995513325705,26.80802345275879,False
1770904479.534737,1867,54.47,54.96,127.57,340.7,62.55081139404081,3.0519962310791016,False
1770904479.548683,1868,52.56,53.24,127.57,340.7,63.061382664187896,13.945817947387695,False
1770904479.578846,1869,66.38,66.88,127.57,340.7,61.75724467411819,30.163049697875977,False
1770904479.578881,1870,51.13,51.69,127.57,340.7,62.92757027515439,0.03504753112792969,False
1770904479.597919,1871,53.56,54.02,127.57,340.7,63.453182338278474,19.037961959838867,False
