timestamp,seq,latency_ms,drift_ms,cpu_percent,mem_mib,inter_packet_ms,throughput_hz,is_stall,is_inversion,arrival_delta_ms,is_flush
1771345750.345034,629,68.56,69.25,271.27,358.7,28.219938278198242,61.987124145318774,False,False,28.219938278198242,0.0
1771345750.351016,630,58.19,58.81,271.27,358.7,5.982160568237305,63.09553376472066,False,False,5.982160568237305,0.0
1771345750.37248,631,63.71,64.14,271.27,358.7,21.463871002197266,62.18268533922861,False,False,21.463871002197266,0.0
1771345750.384291,632,59.17,59.65,271.27,358.7,11.811017990112305,63.37805959432822,False,False,11.811017990112305,0.0
1771345750.399068,633,58.63,59.17,296.45,360.3,14.777183532714844,62.653108577904405,False,False,14.777183532714844,0.0
1771345750.417208,634,60.44,61.03,296.45,360.3,18.13983917236328,62.55668882241915,False,False,18.13983917236328,0.0
1771345750.43832,635,65.68,66.21,296.45,360.3,21.11196517944336,62.0570709084547,False,False,21.11196517944336,0.0
1771345750.445466,636,56.53,57.01,296.45,360.3,7.146120071411133,63.72958168780998,False,False,7.146120071411133,0.0
1771345750.474185,637,69.4,69.95,296.45,360.3,28.718948364257812,61.84502755472547,False,False,28.718948364257812,0.0
1771345750.479612,638,58.48,59.22,296.45,360.3,5.427122116088867,62.50813212492375,False,False,5.427122116088867,0.0
1771345750.494527,639,58.33,58.84,296.45,360.3,14.914989471435547,63.256763275127625,False,False,14.914989471435547,0.0
1771345750.525166,640,71.71,72.51,296.45,360.3,30.638933181762695,61.652019126321626,False,False,30.638933181762695,0.0
1771345750.527685,641,58.54,59.02,296.45,360.3,2.518892288208008,62.39295489706058,False,False,2.518892288208008,0.0
1771345750.540023,642,55.71,56.31,296.45,360.3,12.33816146850586,62.71046877935758,False,False,12.33816146850586,0.0
1771345750.569537,643,68.31,68.82,296.45,360.3,29.513835906982422,62.69140992636709,False,False,29.513835906982422,0.0
1771345750.574892,644,58.11,58.73,296.45,360.3,5.355119705200195,62.44536116752749,False,False,5.355119705200195,0.0
1771345750.590571,645,58.2,58.7,296.45,360.3,15.678882598876953,62.4191857371932,False,False,15.678882598876953,0.0
1771345750.621867,646,73.23,73.79,296.45,360.3,31.2960147857666,62.07409230866377,False,False,31.2960147857666,0.0
1771345750.62536,647,60.81,61.39,296.45,360.3,3.493070602416992,62.45329557222742,False,False,3.493070602416992,0.0
1771345750.638718,648,58.13,58.7,296.45,360.3,13.357877731323242,63.145007705621666,False,False,13.357877731323242,0.0
1771345750.658269,649,62.09,62.59,296.45,360.3,19.55103874206543,62.23286123799896,False,False,19.55103874206543,0.0
1771345750.670887,650,58.13,58.66,296.45,360.3,12.618064880371094,63.54848794146003,False,False,12.618064880371094,0.0
1771345750.690447,651,61.43,61.93,296.45,360.3,19.56009864807129,62.32283583516305,False,False,19.56009864807129,0.0
1771345750.70239,652,57.78,58.29,296.45,360.3,11.942863464355469,62.632058101931236,False,False,11.942863464355469,0.0
1771345750.731351,653,70.44,70.93,296.45,360.3,28.9609432220459,62.56661143217283,False,False,28.9609432220459,0.0
1771345750.732868,654,56.2,56.79,296.45,360.3,1.5170574188232422,62.796784630425634,False,False,1.5170574188232422,1.0
1771345750.750018,655,57.91,58.38,296.45,360.3,17.149925231933594,62.727662928305115,False,False,17.149925231933594,1.0
1771345750.778794,656,69.76,70.22,296.45,360.3,28.776168823242188,62.40827288621062,False,False,28.776168823242188,1.0
1771345750.785872,657,60.72,61.45,296.45,360.3,7.077932357788086,62.62524701510198,False,False,7.077932357788086,1.0
1771345750.798629,658,58.16,58.61,296.45,360.3,12.757062911987305,63.507577885399385,False,False,12.757062911987305,1.0
1771345750.828524,659,71.53,72.21,296.45,360.3,29.89506721496582,61.94277083968166,False,False,29.89506721496582,0.0
1771345750.835822,660,63.48,64.1,296.45,360.3,7.297992706298828,62.277615685575775,False,False,7.297992706298828,0.0
1771345750.8537,661,63.08,64.96,296.45,360.3,17.877817153930664,62.281299318850756,False,False,17.877817153930664,0.0
1771345750.881383,662,77.16,77.73,296.45,360.3,27.683019638061523,61.944432752554064,False,False,27.683019638061523,0.0
1771345750.890083,663,68.74,70.11,296.45,360.3,8.700132369995117,61.91233854177045,False,False,8.700132369995117,0.0
1771345750.900224,664,63.97,64.46,296.45,360.3,10.14089584350586,62.669990362609916,False,False,10.14089584350586,0.0
1771345750.918251,665,65.31,66.2,296.45,360.3,18.027067184448242,62.04590186245023,False,False,18.027067184448242,0.0
1771345750.944199,666,75.28,75.94,296.45,360.3,25.948047637939453,61.28608156224833,False,False,25.948047637939453,0.0
1771345750.952156,667,66.73,67.66,296.45,360.3,7.956981658935547,61.938669803247485,False,False,7.956981658935547,0.0
1771345750.96709,668,66.56,66.98,296.45,360.3,14.93382453918457,62.76690086571341,False,False,14.93382453918457,0.0
1771345750.986086,669,68.88,69.72,296.45,360.3,18.996000289916992,61.92347478604928,False,False,18.996000289916992,0.0
1771345751.001078,670,68.03,68.53,296.45,360.3,14.991998672485352,61.9130544315158,False,False,14.991998672485352,0.0
1771345751.026661,671,77.67,78.43,296.45,360.3,25.58302879333496,61.93113994601229,False,False,25.58302879333496,0.0
1771345751.034129,672,68.49,69.17,296.45,360.3,7.467985153198242,61.861674303356864,False,False,7.467985153198242,0.0
1771345751.061391,673,80.42,81.08,296.45,360.3,27.262210845947266,60.93751838780563,False,False,27.262210845947266,0.0
1771345751.061551,674,65.38,65.81,296.45,360.3,0.15997886657714844,62.153490508720715,False,False,0.15997886657714844,1.0
1771345751.077471,675,64.51,65.23,296.45,360.3,15.919923782348633,62.013685094473765,False,False,15.919923782348633,1.0
1771345751.107291,676,79.02,79.56,296.45,360.3,29.819965362548828,62.169725916487096,False,False,29.819965362548828,1.0
1771345751.109711,677,64.89,65.5,296.45,360.3,2.4199485778808594,61.79101399257304,False,False,2.4199485778808594,1.0
1771345751.125314,678,64.41,64.85,296.45,360.3,15.603065490722656,62.09984113423935,False,False,15.603065490722656,1.0
1771345751.137641,679,61.18,61.97,296.45,360.3,12.326955795288086,62.14133536406494,False,False,12.326955795288086,0.0
1771345751.169793,680,76.78,77.27,296.45,360.3,32.15193748474121,62.08147319088324,False,False,32.15193748474121,0.0
1771345751.169858,681,61.04,61.47,296.45,360.3,0.06508827209472656,62.17147103531812,False,False,0.06508827209472656,1.0
1771345751.183025,682,58.46,58.96,296.45,360.3,13.16690444946289,62.50398693581536,False,False,13.16690444946289,1.0
1771345751.196547,683,56.27,56.73,296.45,360.3,13.522148132324219,63.938145775723555,False,False,13.522148132324219,1.0
1771345751.229349,684,72.5,72.97,296.45,360.3,32.80186653137207,61.84017963904112,False,False,32.80186653137207,1.0
1771345751.229405,685,56.91,57.33,296.45,360.3,0.05602836608886719,62.70903115040455,False,False,0.05602836608886719,1.0
1771345751.244148,686,55.93,56.49,296.45,360.3,14.74308967590332,62.88951425094956,False,False,14.74308967590332,1.0
1771345751.27234,687,68.13,68.67,296.45,360.3,28.19204330444336,61.90971883108241,False,False,28.19204330444336,1.0
1771345751.283125,688,62.2,62.94,296.45,360.3,10.78486442565918,62.091812439273404,False,False,10.78486442565918,1.0
1771345751.308573,689,71.33,71.97,296.45,360.3,25.448083877563477,62.27043462424679,False,False,25.448083877563477,1.0
1771345751.31168,690,58.75,59.41,296.45,360.3,3.1070709228515625,62.45679850952407,False,False,3.1070709228515625,0.0
1771345751.328603,691,59.38,59.95,296.45,360.3,16.922950744628906,62.75342489323041,False,False,16.922950744628906,0.0
1771345751.359988,692,75.32,75.81,296.45,360.3,31.384944915771484,61.49449829805223,False,False,31.384944915771484,0.0
1771345751.362588,693,61.49,62.2,296.45,360.3,2.599954605102539,62.271682715565184,False,False,2.599954605102539,0.0
1771345751.376612,694,59.95,60.76,296.45,360.3,14.024019241333008,62.538826729012094,False,False,14.024019241333008,0.0
1771345751.393243,695,61.04,61.56,296.45,360.3,16.631126403808594,62.83228112786306,False,False,16.631126403808594,0.0
1771345751.420156,696,71.43,72.05,296.45,360.3,26.912927627563477,61.55803633236191,False,False,26.912927627563477,0.0
1771345751.426768,697,62.43,63.09,296.45,360.3,6.612062454223633,62.9866324541857,False,False,6.612062454223633,0.0
1771345751.443045,698,61.58,62.36,296.45,360.3,16.276836395263672,62.2773074515025,False,False,16.276836395263672,0.0
1771345751.469437,699,72.41,72.95,296.45,360.3,26.391983032226562,61.54415627228503,False,False,26.391983032226562,0.0
1771345751.475763,700,63.12,63.73,296.45,360.3,6.326198577880859,63.118226738127255,False,False,6.326198577880859,0.0
1771345751.492913,701,64.04,64.45,296.45,360.3,17.149925231933594,62.161473745572394,False,False,17.149925231933594,0.0
1771345751.504097,702,59.64,60.11,296.45,360.3,11.183977127075195,62.2358931442354,False,False,11.183977127075195,0.0
1771345751.521139,703,60.35,60.96,296.45,360.3,17.041921615600586,63.051571063921905,False,False,17.041921615600586,0.0
1771345751.536222,704,59.98,60.47,296.45,360.3,15.083074569702148,62.41353534501787,False,False,15.083074569702148,0.0
1771345751.565346,705,72.47,72.92,296.45,360.3,29.124021530151367,61.55266120631439,False,False,29.124021530151367,0.0
1771345751.566215,706,57.56,57.93,296.45,360.3,0.8690357208251953,63.535893385389066,False,False,0.8690357208251953,1.0
1771345751.583553,707,59.33,59.78,296.45,360.3,17.338037490844727,62.61786092049347,False,False,17.338037490844727,1.0
1771345751.600089,708,59.36,59.8,296.45,360.3,16.53599739074707,62.41085757125678,False,False,16.53599739074707,1.0
1771345751.630914,709,74.39,74.87,296.45,360.3,30.824899673461914,61.68745767016075,False,False,30.824899673461914,1.0
1771345751.631357,710,58.66,59.03,296.45,360.3,0.4429817199707031,62.46941854083266,False,False,0.4429817199707031,1.0
1771345751.645115,711,56.73,57.43,296.45,360.3,13.757944107055664,62.84908696365561,False,False,13.757944107055664,1.0
1771345751.677655,712,72.71,73.39,296.45,360.3,32.540082931518555,61.52173859898821,False,False,32.540082931518555,1.0
1771345751.680778,713,59.62,60.21,296.45,360.3,3.123044967651367,63.19600340114701,False,False,3.123044967651367,1.0
1771345751.69734,714,60.35,60.85,296.45,360.3,16.56198501586914,62.21020055674638,False,False,16.56198501586914,1.0
1771345751.712257,715,58.99,59.79,296.45,360.3,14.91689682006836,62.35456920263345,False,False,14.91689682006836,0.0
1771345751.73897,716,70.18,70.65,296.45,360.3,26.713132858276367,62.488544348901364,False,False,26.713132858276367,0.0
1771345751.74326,717,58.53,59.32,296.45,360.3,4.289865493774414,62.670520991260034,False,False,4.289865493774414,0.0
1771345751.760862,718,59.99,60.42,296.45,360.3,17.602205276489258,62.354955452293396,False,False,17.602205276489258,0.0
1771345751.79126,719,73.93,74.83,296.45,360.3,30.397891998291016,62.322388247469604,False,False,30.397891998291016,0.0
1771345751.793853,720,61.38,61.83,296.45,360.3,2.5930404663085938,62.62845754880268,False,False,2.5930404663085938,0.0
1771345751.808643,721,59.68,60.19,296.45,360.3,14.790058135986328,62.83096340319205,False,False,14.790058135986328,0.0
1771345751.827188,722,62.72,63.16,296.45,360.3,18.544912338256836,63.43801881222911,False,False,18.544912338256836,0.0
1771345751.860408,724,63.75,64.46,296.45,360.3,33.22005271911621,62.86553518837851,False,False,33.22005271911621,0.0
1771345751.860682,723,79.87,80.37,296.45,360.3,0.2739429473876953,61.42902399506709,False,True,0.2739429473876953,1.0
1771345751.874007,725,61.62,62.2,296.45,360.3,13.324975967407227,62.77753234128207,False,False,13.324975967407227,1.0
1771345751.910832,726,81.89,82.62,296.45,360.3,36.824941635131836,62.07113738520977,True,False,36.824941635131836,1.0
1771345751.910883,727,65.24,66.19,296.45,360.3,0.051021575927734375,62.58299529094855,False,False,0.051021575927734375,1.0
1771345751.920648,728,59.65,60.6,296.45,360.3,9.765148162841797,62.92222078038001,False,False,9.765148162841797,1.0
1771345751.934744,729,57.96,58.55,296.45,360.3,14.095783233642578,63.247240484950844,False,False,14.095783233642578,1.0
1771345751.966418,730,73.29,73.81,296.45,360.3,31.67414665222168,62.15425803854352,False,False,31.67414665222168,1.0
1771345751.967353,731,59.02,59.54,296.45,360.3,0.9350776672363281,63.782819577199525,False,False,0.9350776672363281,1.0
1771345751.984367,732,60.14,60.68,296.45,360.3,17.0137882232666,63.14207668782541,False,False,17.0137882232666,1.0
1771345752.000496,733,60.08,60.57,296.45,360.3,16.129016876220703,63.890633175683206,False,False,16.129016876220703,1.0
1771345752.031769,734,74.24,75.07,296.45,360.3,31.27312660217285,61.841775264050696,False,False,31.27312660217285,1.0
1771345752.032576,735,59.46,60.02,296.45,360.3,0.8070468902587891,62.82031382418526,False,False,0.8070468902587891,1.0
1771345752.046202,736,57.24,57.65,296.45,360.3,13.625860214233398,63.9038231340263,False,False,13.625860214233398,1.0
1771345752.063691,737,58.57,59.05,296.45,360.3,17.488956451416016,62.894402344048736,False,False,17.488956451416016,1.0
1771345752.092939,738,72.14,72.83,296.45,360.3,29.24799919128418,62.007498805597024,False,False,29.24799919128418,1.0
1771345752.094326,739,58.03,58.5,296.45,360.3,1.3871192932128906,62.71656380805796,False,False,1.3871192932128906,1.0
1771345752.108883,740,55.01,55.65,296.45,360.3,14.556884765625,63.891638860179,False,False,14.556884765625,1.0
1771345752.127019,741,58.58,59.18,296.45,360.3,18.136024475097656,62.68538224252134,False,False,18.136024475097656,1.0
1771345752.143044,742,58.06,58.71,296.45,360.3,16.025066375732422,62.49875577781023,False,False,16.025066375732422,1.0
1771345752.175319,743,74.24,74.79,296.45,360.3,32.27496147155762,61.30130878210845,False,False,32.27496147155762,1.0
1771345752.175345,744,58.89,59.4,296.45,360.3,0.025987625122070312,63.425212240047685,False,False,0.025987625122070312,1.0
1771345752.193161,745,60.43,60.97,296.45,360.3,17.81606674194336,62.25641629513597,False,False,17.81606674194336,1.0
1771345752.207739,746,59.04,59.52,296.45,360.3,14.578104019165039,62.26707581216718,False,False,14.578104019165039,1.0
1771345752.237802,747,72.81,73.31,296.45,360.3,30.06291389465332,62.146414776755606,False,False,30.06291389465332,1.0
1771345752.243021,748,61.77,62.53,296.45,360.3,5.218982696533203,62.50676585953241,False,False,5.218982696533203,1.0
1771345752.259537,749,62.72,63.19,296.45,360.3,16.51597023010254,63.093872786459116,False,False,16.51597023010254,0.0
1771345752.28864,750,76.02,76.73,296.45,360.3,29.10304069519043,61.41500517245545,False,False,29.10304069519043,0.0
1771345752.292149,751,63.06,63.52,296.45,360.3,3.509044647216797,62.269987788900146,False,False,3.509044647216797,0.0
1771345752.304578,752,59.65,60.26,296.45,360.3,12.428998947143555,63.51961610319095,False,False,12.428998947143555,0.0
1771345752.332315,753,71.24,71.69,296.45,360.3,27.736902236938477,61.87308135804078,False,False,27.736902236938477,0.0
1771345752.337615,754,60.97,61.61,296.45,360.3,5.300045013427734,62.434764443939436,False,False,5.300045013427734,0.0
1771345752.352219,755,60.15,60.56,296.45,360.3,14.60409164428711,62.566735873594716,False,False,14.60409164428711,0.0
1771345752.368067,756,59.61,60.38,296.45,360.3,15.847921371459961,63.297080079188554,False,False,15.847921371459961,0.0
1771345752.398379,757,73.45,73.96,296.45,360.3,30.312061309814453,61.75310755314053,False,False,30.312061309814453,0.0
1771345752.398479,758,58.28,58.69,296.45,360.3,0.09989738464355469,62.7986807343749,False,False,0.09989738464355469,1.0
1771345752.412182,759,55.01,55.51,296.45,360.3,13.703107833862305,63.643919315353955,False,False,13.703107833862305,1.0
1771345752.442628,760,69.82,70.41,292.87,359.1,30.44581413269043,62.05624456732814,False,False,30.44581413269043,1.0
1771345752.448336,761,59.25,59.83,292.87,359.1,5.707979202270508,62.79941726843832,False,False,5.707979202270508,1.0
1771345752.462745,762,57.61,58.11,292.87,359.1,14.409065246582031,62.58814716549515,False,False,14.409065246582031,1.0
1771345752.49188,763,70.93,71.53,292.87,359.1,29.13498878479004,61.80845140575545,False,False,29.13498878479004,0.0
1771345752.497433,764,60.84,61.51,292.87,359.1,5.553007125854492,62.42126038449642,False,False,5.553007125854492,0.0
1771345752.510377,765,57.1,57.85,292.87,359.1,12.94398307800293,63.489985612098856,False,False,12.94398307800293,0.0
1771345752.539654,766,71.21,71.76,292.87,359.1,29.27708625793457,61.63714556740199,False,False,29.27708625793457,0.0
1771345752.542704,767,57.83,58.5,292.87,359.1,3.050088882446289,62.55532043358006,False,False,3.050088882446289,0.0
1771345752.559425,768,58.25,58.79,292.87,359.1,16.721010208129883,62.54325632302429,False,False,16.721010208129883,0.0
1771345752.574837,769,57.75,58.31,292.87,359.1,15.411853790283203,63.56450708494355,False,False,15.411853790283203,0.0
1771345752.604879,770,71.86,72.41,292.87,359.1,30.041933059692383,61.63189246205287,False,False,30.041933059692383,0.0
1771345752.604921,771,56.68,57.21,292.87,359.1,0.04220008850097656,62.51261948486717,False,False,0.04220008850097656,1.0
1771345752.622348,772,57.08,57.77,292.87,359.1,17.42696762084961,63.512690765282045,False,False,17.42696762084961,1.0
1771345752.639349,773,58.7,59.32,292.87,359.1,17.000913619995117,62.593175341210554,False,False,17.000913619995117,1.0
1771345752.66677,774,69.78,70.25,292.87,359.1,27.420997619628906,61.89204158103964,False,False,27.420997619628906,1.0
1771345752.671777,775,59.15,59.73,292.87,359.1,5.007028579711914,62.531259015052484,False,False,5.007028579711914,1.0
1771345752.688406,776,59.72,60.32,292.87,359.1,16.62898063659668,63.19541622857384,False,False,16.62898063659668,0.0
1771345752.702478,777,57.57,57.99,292.87,359.1,14.071941375732422,62.550951319976974,False,False,14.071941375732422,0.0
1771345752.72158,778,60.71,61.74,292.87,359.1,19.102096557617188,62.45329557222742,False,False,19.102096557617188,0.0
1771345752.746927,779,70.21,70.96,292.87,359.1,25.346994400024414,62.783374139735024,False,False,25.346994400024414,0.0
1771345752.757566,780,63.59,64.99,292.87,359.1,10.638952255249023,62.2592040533336,False,False,10.638952255249023,0.0
1771345752.788716,781,78.43,80.08,292.87,359.1,31.150102615356445,61.21993108756511,False,False,31.150102615356445,0.0
1771345752.788797,782,63.87,64.79,292.87,359.1,0.08082389831542969,62.39543002221517,False,False,0.08082389831542969,1.0
1771345752.799749,783,58.96,59.5,292.87,359.1,10.951995849609375,62.81000263713549,False,False,10.951995849609375,1.0
1771345752.823704,784,66.71,67.39,292.87,359.1,23.955106735229492,63.34227089624275,False,False,23.955106735229492,1.0
1771345752.834108,785,60.91,61.44,292.87,359.1,10.404109954833984,62.49341686375515,False,False,10.404109954833984,1.0
1771345752.850526,786,61.12,61.72,292.87,359.1,16.417980194091797,63.85056134134308,False,False,16.417980194091797,1.0
1771345752.877632,787,72.93,73.65,292.87,359.1,27.10580825805664,62.06368242980794,False,False,27.10580825805664,0.0
1771345752.883615,788,62.28,62.95,292.87,359.1,5.983114242553711,62.307436340300114,False,False,5.983114242553711,0.0
1771345752.897624,789,60.91,61.37,292.87,359.1,14.00899887084961,62.313052108001465,False,False,14.00899887084961,0.0
1771345752.909741,790,57.1,58.06,292.87,359.1,12.11690902709961,63.604943963010506,False,False,12.11690902709961,0.0
1771345752.940808,792,56.74,57.15,292.87,359.1,31.0671329498291,62.66340302613345,False,False,31.0671329498291,0.0
1771345752.940838,791,72.63,73.18,292.87,359.1,0.030040740966796875,61.68507709016382,False,True,0.030040740966796875,1.0
1771345752.960711,793,60.57,61.05,292.87,359.1,19.87290382385254,62.48599977057352,False,False,19.87290382385254,1.0
1771345752.974135,794,57.69,58.23,292.87,359.1,13.423919677734375,63.66953745779011,False,False,13.423919677734375,1.0
1771345753.004889,796,56.3,56.83,292.87,359.1,30.75408935546875,62.73700399394239,False,False,30.75408935546875,1.0
1771345753.004935,795,72.35,72.9,292.87,359.1,0.04601478576660156,61.53954747044303,False,True,0.04601478576660156,1.0
1771345753.024418,797,60.07,60.55,292.87,359.1,19.483089447021484,62.452691122801326,False,False,19.483089447021484,1.0
1771345753.052038,798,71.13,71.74,292.87,359.1,27.61983871459961,62.55871041547915,False,False,27.61983871459961,1.0
1771345753.056966,799,59.98,60.49,292.87,359.1,4.928112030029297,62.32859331212439,False,False,4.928112030029297,1.0
1771345753.070251,800,57.73,58.24,292.87,359.1,13.284921646118164,62.411058783266,False,False,13.284921646118164,1.0
1771345753.097406,801,68.33,68.86,292.87,359.1,27.154922485351562,61.83100259502351,False,False,27.154922485351562,0.0
1771345753.099692,802,54.9,55.54,292.87,359.1,2.286195755004883,62.718986520283124,False,False,2.286195755004883,0.0
1771345753.118987,803,58.28,58.93,292.87,359.1,19.29497718811035,63.58167482771105,False,False,19.29497718811035,0.0
1771345753.134785,804,57.8,58.37,292.87,359.1,15.797853469848633,62.53648007558304,False,False,15.797853469848633,0.0
1771345753.149264,805,56.2,56.9,292.87,359.1,14.47916030883789,62.75473936751578,False,False,14.47916030883789,0.0
1771345753.178766,806,70.41,70.9,292.87,359.1,29.501914978027344,61.79025540772867,False,False,29.501914978027344,0.0
1771345753.183779,807,59.02,59.61,292.87,359.1,5.012989044189453,63.42649106601659,False,False,5.012989044189453,0.0
1771345753.197367,808,56.98,57.43,292.87,359.1,13.58795166015625,62.870283602772744,False,False,13.58795166015625,0.0
1771345753.23077,809,74.36,74.79,292.87,359.1,33.40315818786621,61.777134837652845,True,False,33.40315818786621,0.0
1771345753.232674,810,59.85,60.31,292.87,359.1,1.9037723541259766,63.557042250853314,False,False,1.9037723541259766,1.0
1771345753.25033,811,61.62,62.33,292.87,359.1,17.65608787536621,62.61865554323047,False,False,17.65608787536621,1.0
1771345753.281302,812,76.19,76.78,292.87,359.1,30.972003936767578,61.429846678173554,False,False,30.972003936767578,1.0
1771345753.281339,813,60.96,61.62,292.87,359.1,0.03695487976074219,63.22285042438189,False,False,0.03695487976074219,1.0
1771345753.294752,814,58.44,58.92,292.87,359.1,13.412952423095703,62.68695932244005,False,False,13.412952423095703,1.0
1771345753.318333,815,65.44,66.19,292.87,359.1,23.58102798461914,62.104484628625364,False,False,23.58102798461914,1.0
1771345753.327403,816,58.97,59.4,292.87,359.1,9.070158004760742,62.54325632302429,False,False,9.070158004760742,1.0
1771345753.339767,817,54.76,55.28,292.87,359.1,12.363910675048828,63.73568273459041,False,False,12.363910675048828,1.0
1771345753.365834,818,65.48,65.99,292.87,359.1,26.067018508911133,62.02479875565051,False,False,26.067018508911133,0.0
1771345753.375215,819,58.45,59.1,292.87,359.1,9.38105583190918,62.30316348097037,False,False,9.38105583190918,0.0
1771345753.392491,820,59.47,59.94,292.87,359.1,17.27604866027832,63.166991088135966,False,False,17.27604866027832,0.0
1771345753.408297,821,59.73,60.35,292.87,359.1,15.805959701538086,62.50252771169259,False,False,15.805959701538086,0.0
1771345753.422855,822,58.7,59.1,292.87,359.1,14.557838439941406,62.49284267442233,False,False,14.557838439941406,0.0
1771345753.446006,823,65.03,65.66,292.87,359.1,23.151159286499023,62.884768340998455,False,False,23.151159286499023,0.0
1771345753.476885,824,79.6,80.23,292.87,359.1,30.87902069091797,61.258736356289496,False,False,30.87902069091797,0.0
1771345753.478504,825,65.5,66.03,292.87,359.1,1.6188621520996094,61.97533922783694,False,False,1.6188621520996094,1.0
1771345753.489375,826,60.92,61.29,292.87,359.1,10.871171951293945,63.17644214680906,False,False,10.871171951293945,1.0
1771345753.519333,827,74.35,74.97,292.87,359.1,29.95777130126953,61.435830283003256,False,False,29.95777130126953,1.0
1771345753.521079,828,60.32,60.83,292.87,359.1,1.7461776733398438,62.392506301647536,False,False,1.7461776733398438,1.0
1771345753.535493,829,58.23,58.94,292.87,359.1,14.413833618164062,62.45732553409626,False,False,14.413833618164062,1.0
1771345753.564922,830,71.89,72.37,292.87,359.1,29.429197311401367,62.49718815321579,False,False,29.429197311401367,1.0
1771345753.567934,831,59.63,60.16,292.87,359.1,3.011941909790039,62.30445915979252,False,False,3.011941909790039,1.0
1771345753.584118,832,59.2,59.73,292.87,359.1,16.183853149414062,62.38498942105205,False,False,16.183853149414062,1.0
1771345753.611199,833,69.91,70.56,292.87,359.1,27.081012725830078,61.737927704837354,False,False,27.081012725830078,0.0
1771345753.617411,834,60.76,61.38,292.87,359.1,6.211996078491211,63.1153140351172,False,False,6.211996078491211,0.0
1771345753.630017,835,57.33,57.82,292.87,359.1,12.606143951416016,62.61479168480898,False,False,12.606143951416016,0.0
1771345753.644375,836,56.32,56.72,292.87,359.1,14.358043670654297,62.76353524332076,False,False,14.358043670654297,0.0
1771345753.675176,837,70.36,70.96,292.87,359.1,30.800819396972656,61.68410097478033,False,False,30.800819396972656,0.0
1771345753.678788,838,57.62,58.28,292.87,359.1,3.612041473388672,62.68230638426969,False,False,3.612041473388672,0.0
1771345753.695149,839,58.48,58.97,292.87,359.1,16.360998153686523,63.27632657812881,False,False,16.360998153686523,0.0
1771345753.710736,840,57.24,58.12,292.87,359.1,15.587091445922852,62.94784367234175,False,False,15.587091445922852,0.0
1771345753.741777,842,57.24,57.83,292.87,359.1,31.04090690612793,64.00430677033002,False,False,31.04090690612793,0.0
1771345753.741812,841,72.81,73.36,292.87,359.1,0.03504753112792969,61.90877844309879,False,True,0.03504753112792969,1.0
1771345753.759982,843,59.19,59.68,292.87,359.1,18.17011833190918,62.48482064600709,False,False,18.17011833190918,1.0
1771345753.789531,844,72.83,73.6,292.87,359.1,29.54888343811035,62.122927534428776,False,False,29.54888343811035,1.0
1771345753.793023,845,60.31,60.86,292.87,359.1,3.492116928100586,62.570718260479104,False,False,3.492116928100586,1.0
1771345753.806973,846,58.55,59.04,292.87,359.1,13.949871063232422,62.732181864275084,False,False,13.949871063232422,1.0
1771345753.830187,847,65.51,66.01,292.87,359.1,23.214101791381836,62.98847697773337,False,False,23.214101791381836,0.0
1771345753.842055,848,60.74,61.34,292.87,359.1,11.868000030517578,62.601723537054454,False,False,11.868000030517578,0.0
1771345753.867634,849,70.84,71.47,292.87,359.1,25.578975677490234,61.85502973196376,False,False,25.578975677490234,0.0
1771345753.874396,850,61.73,62.25,292.87,359.1,6.762027740478516,62.19839216303676,False,False,6.762027740478516,0.0
1771345753.900159,851,71.15,71.69,292.87,359.1,25.76279640197754,61.49992109466429,False,False,25.76279640197754,0.0
1771345753.90364,852,58.91,59.41,292.87,359.1,3.481149673461914,63.356748559536676,False,False,3.481149673461914,0.0
1771345753.91952,853,58.84,59.52,292.87,359.1,15.87986946105957,62.57764197560335,False,False,15.87986946105957,0.0
1771345753.934613,854,57.4,58.03,292.87,359.1,15.093088150024414,62.46889131215625,False,False,15.093088150024414,0.0
1771345753.96893,855,75.63,76.31,292.87,359.1,34.3170166015625,61.20071690704123,True,False,34.3170166015625,0.0
1771345753.969373,856,61.08,61.59,292.87,359.1,0.4429817199707031,63.24927307938947,False,False,0.4429817199707031,1.0
1771345753.982298,857,57.59,58.07,292.87,359.1,12.924909591674805,62.63834057763776,False,False,12.924909591674805,1.0
1771345754.003784,858,63.66,64.09,292.87,359.1,21.48604393005371,63.042030986655014,False,False,21.48604393005371,1.0
1771345754.01757,859,60.85,61.34,292.87,359.1,13.786077499389648,62.460704902998586,False,False,13.786077499389648,1.0
1771345754.034577,860,61.55,61.99,292.87,359.1,17.006874084472656,62.21962896409997,False,False,17.006874084472656,1.0
1771345754.063785,861,74.69,75.35,292.87,359.1,29.20818328857422,62.0874312410073,False,False,29.20818328857422,0.0
1771345754.063823,862,59.64,60.1,292.87,359.1,0.03790855407714844,62.2322148799488,False,False,0.03790855407714844,1.0
1771345754.077885,863,57.05,57.71,292.87,359.1,14.061927795410156,62.57183839813382,False,False,14.061927795410156,1.0
1771345754.107912,864,71.72,72.19,292.87,359.1,30.027151107788086,61.65689800864418,False,False,30.027151107788086,1.0
1771345754.111849,865,59.32,59.81,292.87,359.1,3.9370059967041016,62.332159468010644,False,False,3.9370059967041016,1.0
1771345754.129025,866,60.44,61.01,292.87,359.1,17.175912857055664,63.14068256945185,False,False,17.175912857055664,1.0
1771345754.144821,867,60.01,60.73,292.87,359.1,15.79594612121582,62.432239731950816,False,False,15.79594612121582,0.0
1771345754.160378,868,59.32,59.89,292.87,359.1,15.557050704956055,62.30458256058622,False,False,15.557050704956055,0.0
1771345754.185626,869,68.85,69.5,292.87,359.1,25.248050689697266,62.836705322105914,False,False,25.248050689697266,0.0
1771345754.192201,870,59.58,60.0,292.87,359.1,6.574869155883789,62.53080842867323,False,False,6.574869155883789,0.0
1771345754.218317,871,69.82,70.39,292.87,359.1,26.116132736206055,61.98429963113591,False,False,26.116132736206055,0.0
1771345754.224839,872,59.85,60.3,292.87,359.1,6.521940231323242,63.59051123681958,False,False,6.521940231323242,0.0
1771345754.26065,873,80.2,80.83,292.87,359.1,35.81094741821289,61.26756530935395,True,False,35.81094741821289,0.0
1771345754.261232,874,64.46,64.86,292.87,359.1,0.5819797515869141,62.08095249019972,False,False,0.5819797515869141,1.0
1771345754.273411,875,60.18,60.76,292.87,359.1,12.179136276245117,62.82208588957055,False,False,12.179136276245117,1.0
1771345754.288491,876,59.47,60.48,292.87,359.1,15.079975128173828,62.429250613046825,False,False,15.079975128173828,1.0
1771345754.30437,877,59.65,60.12,292.87,359.1,15.878915786743164,62.20175894338824,False,False,15.878915786743164,1.0
1771345754.332284,878,71.2,71.62,292.87,359.1,27.914047241210938,62.08288218946932,False,False,27.914047241210938,1.0
1771345754.333341,879,56.18,56.78,292.87,359.1,1.0569095611572266,62.622254969366736,False,False,1.0569095611572266,1.0
1771345754.351397,880,58.16,58.7,292.87,359.1,18.056154251098633,62.57130943924367,False,False,18.056154251098633,1.0
1771345754.36565,881,56.66,57.11,292.87,359.1,14.252901077270508,62.67281528324869,False,False,14.252901077270508,1.0
1771345754.39303,882,68.3,68.88,292.87,359.1,27.379989624023438,61.844510812789416,False,False,27.379989624023438,1.0
1771345754.398616,883,57.64,58.1,292.87,359.1,5.586147308349609,62.9848510938207,False,False,5.586147308349609,1.0
1771345754.417295,884,60.32,60.82,292.87,359.1,18.678903579711914,63.80196558888439,False,False,18.678903579711914,0.0
1771345754.445317,885,72.98,73.5,292.87,359.1,28.022050857543945,62.05956536792608,False,False,28.022050857543945,0.0
1771345754.447467,886,57.99,58.86,292.87,359.1,2.1500587463378906,62.624467808991795,False,False,2.1500587463378906,0.0
1771345754.46443,887,60.31,60.78,292.87,359.1,16.96300506591797,63.485533012531455,False,False,16.96300506591797,0.0
1771345754.478843,888,56.96,57.77,284.57,364.1,14.412879943847656,62.645918639394615,False,False,14.412879943847656,0.0
1771345754.507659,889,70.41,71.12,284.57,364.1,28.81598472595215,61.71785087159968,False,False,28.81598472595215,0.0
1771345754.512264,890,59.07,59.69,284.57,364.1,4.60505485534668,63.33510509784972,False,False,4.60505485534668,0.0
1771345754.529234,891,60.23,60.65,284.57,364.1,16.969919204711914,62.4154857757372,False,False,16.969919204711914,0.0
1771345754.539344,892,54.69,55.28,284.57,364.1,10.110139846801758,62.81234860573132,False,False,10.110139846801758,0.0
1771345754.560698,893,59.68,60.15,284.57,364.1,21.353960037231445,63.1912111222934,False,False,21.353960037231445,0.0
1771345754.573679,894,56.72,57.25,284.57,364.1,12.980937957763672,62.74391224467255,False,False,12.980937957763672,0.0
1771345754.603538,895,70.51,71.11,284.57,364.1,29.859066009521484,61.63195283748726,False,False,29.859066009521484,0.0
1771345754.606392,896,57.24,57.87,284.57,364.1,2.853870391845703,62.36897182670296,False,False,2.853870391845703,0.0
1771345754.624418,897,60.2,60.7,284.57,364.1,18.026113510131836,63.20832067031529,False,False,18.026113510131836,0.0
1771345754.637798,898,57.39,57.93,284.57,364.1,13.380050659179688,62.56451155783392,False,False,13.380050659179688,0.0
1771345754.655438,899,59.06,59.64,284.57,364.1,17.639875411987305,62.48119046294899,False,False,17.639875411987305,0.0
1771345754.679585,900,66.45,67.03,284.57,364.1,24.14703369140625,61.92915870891345,False,False,24.14703369140625,0.0
1771345754.688766,901,59.73,60.24,284.57,364.1,9.181022644042969,62.30272611003132,False,False,9.181022644042969,0.0
1771345754.701162,902,56.63,57.13,284.57,364.1,12.396097183227539,63.584711588978195,False,False,12.396097183227539,0.0
1771345754.732026,903,70.79,71.33,284.57,364.1,30.86400032043457,61.72560146458908,False,False,30.86400032043457,0.0
1771345754.735466,904,58.6,59.26,284.57,364.1,3.4399032592773438,63.429304664680046,False,False,3.4399032592773438,0.0
1771345754.751709,905,59.24,59.86,284.57,364.1,16.24298095703125,62.58567229210499,False,False,16.24298095703125,0.0
1771345754.766443,906,57.67,58.14,284.57,364.1,14.734029769897461,62.53452207571536,False,False,14.734029769897461,0.0
1771345754.795859,907,71.33,71.91,284.57,364.1,29.41608428955078,62.132897088182126,False,False,29.41608428955078,0.0
1771345754.798244,908,57.12,57.62,284.57,364.1,2.3849010467529297,62.74910629397935,False,False,2.3849010467529297,0.0
1771345754.817004,909,59.62,61.16,284.57,364.1,18.759965896606445,63.19981235305551,False,False,18.759965896606445,0.0
1771345754.843166,910,69.77,70.5,284.57,364.1,26.162147521972656,61.93420349291072,False,False,26.162147521972656,0.0
1771345754.850976,911,62.16,62.99,284.57,364.1,7.809877395629883,63.103618440848784,False,False,7.809877395629883,0.0
1771345754.872024,912,67.0,67.56,284.57,364.1,21.04806900024414,61.95889058194149,False,False,21.04806900024414,0.0
1771345754.879743,913,58.8,59.42,284.57,364.1,7.7190399169921875,62.485472261977,False,False,7.7190399169921875,0.0
1771345754.896811,914,59.75,60.26,284.57,364.1,17.067909240722656,62.3572266970881,False,False,17.067909240722656,0.0
1771345754.911301,915,58.64,59.27,284.57,364.1,14.489889144897461,63.6691991833203,False,False,14.489889144897461,0.0
1771345754.939933,916,70.94,71.51,284.57,364.1,28.632164001464844,61.81997551355696,False,False,28.632164001464844,0.0
1771345754.941536,917,57.1,57.59,284.57,364.1,1.6028881072998047,62.54964536891774,False,False,1.6028881072998047,1.0
1771345754.960121,918,59.56,60.14,284.57,364.1,18.5849666595459,62.73939161860087,False,False,18.5849666595459,1.0
1771345754.973068,919,55.87,56.6,284.57,364.1,12.94708251953125,62.79448125322352,False,False,12.94708251953125,1.0
1771345755.001926,920,68.75,69.45,284.57,364.1,28.857946395874023,62.025180930635614,False,False,28.857946395874023,1.0
1771345755.010749,921,61.36,62.1,284.57,364.1,8.823156356811523,63.36037947004611,False,False,8.823156356811523,1.0
1771345755.025553,922,60.8,61.29,284.57,364.1,14.803886413574219,62.38757217781401,False,False,14.803886413574219,0.0
1771345755.053017,923,71.88,72.66,284.57,364.1,27.463912963867188,61.53013202933985,False,False,27.463912963867188,0.0
1771345755.059005,924,61.77,62.33,284.57,364.1,5.988121032714844,63.08531617956905,False,False,5.988121032714844,0.0
1771345755.069682,925,57.32,57.85,284.57,364.1,10.676860809326172,62.6414121224401,False,False,10.676860809326172,0.0
1771345755.08785,926,58.59,59.15,284.57,364.1,18.168210983276367,62.57658387051535,False,False,18.168210983276367,0.0
1771345755.118854,928,58.14,58.8,284.57,364.1,31.003952026367188,62.626207381374265,False,False,31.003952026367188,0.0
1771345755.118897,927,74.09,74.94,284.57,364.1,0.04291534423828125,61.553293270187446,False,True,0.04291534423828125,1.0
1771345755.133468,929,56.81,57.59,284.57,364.1,14.570951461791992,63.30169735560253,False,False,14.570951461791992,1.0
1771345755.149843,930,57.47,58.0,284.57,364.1,16.375064849853516,62.653888496908614,False,False,16.375064849853516,1.0
1771345755.184517,932,59.91,60.5,284.57,364.1,34.67392921447754,63.13393489903606,True,False,34.67392921447754,1.0
1771345755.184558,931,75.78,76.46,284.57,364.1,0.04100799560546875,61.47633164097658,False,True,0.04100799560546875,1.0
1771345755.199587,933,58.45,58.95,284.57,364.1,15.029191970825195,63.9020381962466,False,False,15.029191970825195,1.0
1771345755.217363,934,60.22,61.06,284.57,364.1,17.776012420654297,62.752892859770014,False,False,17.776012420654297,1.0
1771345755.245625,935,72.51,73.1,284.57,364.1,28.261899948120117,61.71480869035728,False,False,28.261899948120117,1.0
1771345755.250375,936,61.0,61.68,284.57,364.1,4.75001335144043,62.377582580357,False,False,4.75001335144043,1.0
1771345755.26282,937,57.64,58.12,284.57,364.1,12.44497299194336,62.60106949424022,False,False,12.44497299194336,0.0
1771345755.291266,938,70.33,71.07,284.57,364.1,28.445959091186523,62.5663469957949,False,False,28.445959091186523,0.0
1771345755.297047,939,59.9,60.5,284.57,364.1,5.780935287475586,62.259650733929796,False,False,5.780935287475586,0.0
1771345755.310779,940,57.42,58.18,284.57,364.1,13.732194900512695,62.5402565644617,False,False,13.732194900512695,0.0
1771345755.326127,941,57.75,58.18,284.57,364.1,15.347957611083984,62.46895333859745,False,False,15.347957611083984,0.0
1771345755.357372,942,72.23,73.0,284.57,364.1,31.244993209838867,62.21858293133014,False,False,31.244993209838867,0.0
1771345755.361355,943,60.74,61.2,284.57,364.1,3.983020782470703,62.32218760679739,False,False,3.983020782470703,0.0
1771345755.375467,944,58.84,59.49,284.57,364.1,14.111995697021484,62.619232046859004,False,False,14.111995697021484,0.0
1771345755.405428,945,72.6,73.12,284.57,364.1,29.96087074279785,62.49278060053186,False,False,29.96087074279785,0.0
1771345755.406653,946,58.37,58.95,284.57,364.1,1.2249946594238281,62.55305028414535,False,False,1.2249946594238281,1.0
1771345755.423915,947,58.99,59.43,284.57,364.1,17.261981964111328,62.533558660471414,False,False,17.261981964111328,1.0
1771345755.455069,948,73.63,74.44,284.57,364.1,31.154155731201172,61.46117229348294,False,False,31.154155731201172,1.0
1771345755.457413,949,60.37,60.9,284.57,364.1,2.343893051147461,63.17425356283342,False,False,2.343893051147461,1.0
1771345755.471252,950,58.89,59.44,284.57,364.1,13.839006423950195,62.56595812282913,False,False,13.839006423950195,1.0
1771345755.489046,951,60.35,60.95,284.57,364.1,17.794132232666016,62.512231279485235,False,False,17.794132232666016,0.0
1771345755.505008,952,59.75,60.29,284.57,364.1,15.961885452270508,62.13341866059895,False,False,15.961885452270508,0.0
1771345755.528028,953,66.98,67.47,284.57,364.1,23.020029067993164,62.026403922237485,False,False,23.020029067993164,0.0
1771345755.536059,954,59.04,59.63,284.57,364.1,8.030891418457031,62.34543965411739,False,False,8.030891418457031,0.0
1771345755.554205,955,60.96,61.55,284.57,364.1,18.146038055419922,63.113588701971665,False,False,18.146038055419922,0.0
1771345755.575741,956,66.9,67.54,284.57,364.1,21.53611183166504,61.897202111790094,False,False,21.53611183166504,0.0
1771345755.585264,957,59.95,60.56,284.57,364.1,9.52291488647461,62.44497379704621,False,False,9.52291488647461,0.0
1771345755.598771,958,58.1,58.55,284.57,364.1,13.50712776184082,62.43671620172912,False,False,13.50712776184082,0.0
1771345755.629637,959,72.82,73.26,284.57,364.1,30.865907669067383,61.5890557396355,False,False,30.865907669067383,0.0
1771345755.630928,960,58.58,59.25,284.57,364.1,1.291036605834961,63.06873151418643,False,False,1.291036605834961,1.0
1771345755.650054,961,60.64,61.59,284.57,364.1,19.125938415527344,62.4162597899668,False,False,19.125938415527344,1.0
1771345755.66143,962,57.05,57.49,284.57,364.1,11.375904083251953,62.48257112389219,False,False,11.375904083251953,1.0
1771345755.693261,963,72.39,73.07,284.57,364.1,31.831026077270508,62.41971212718372,False,False,31.831026077270508,1.0
1771345755.697573,964,60.98,61.44,284.57,364.1,4.312038421630859,62.36312961714282,False,False,4.312038421630859,1.0
1771345755.712814,965,59.82,60.59,284.57,364.1,15.241146087646484,62.42813557463633,False,False,15.241146087646484,0.0
1771345755.738052,966,69.02,69.53,284.57,364.1,25.2377986907959,61.7532439329087,False,False,25.2377986907959,0.0
1771345755.745762,967,61.13,62.02,284.57,364.1,7.71021842956543,63.16434339595932,False,False,7.71021842956543,0.0
1771345755.759285,968,59.11,59.63,284.57,364.1,13.522863388061523,62.432301685629355,False,False,13.522863388061523,0.0
1771345755.78489,969,68.19,68.95,284.57,364.1,25.604963302612305,61.990773493401335,False,False,25.604963302612305,0.0
1771345755.796403,970,63.4,63.87,284.57,364.1,11.512994766235352,62.94343530094431,False,False,11.512994766235352,0.0
1771345755.812464,971,63.91,64.5,284.57,364.1,16.061067581176758,62.40327437224957,False,False,16.061067581176758,0.0
1771345755.84505,973,64.66,65.35,284.57,364.1,32.586097717285156,62.69102538563112,False,False,32.586097717285156,0.0
1771345755.84509,972,80.09,80.6,284.57,364.1,0.03981590270996094,61.117931082515554,False,True,0.03981590270996094,1.0
1771345755.85882,974,62.31,62.72,284.57,364.1,13.730049133300781,62.369481912822884,False,False,13.730049133300781,1.0
1771345755.884596,975,71.66,72.22,284.57,364.1,25.776147842407227,61.64625005144164,False,False,25.776147842407227,1.0
1771345755.89143,976,62.41,62.84,284.57,364.1,6.833791732788086,63.058538407819654,False,False,6.833791732788086,1.0
1771345755.903706,977,58.96,59.73,284.57,364.1,12.276172637939453,62.359034540793346,False,False,12.276172637939453,1.0
1771345755.929536,978,69.12,69.61,284.57,364.1,25.83003044128418,61.892985330625365,False,False,25.83003044128418,0.0
1771345755.934688,979,57.88,58.5,284.57,364.1,5.151987075805664,62.394702933831056,False,False,5.151987075805664,0.0
1771345755.9512,980,58.31,58.74,284.57,364.1,16.511917114257812,63.20619337623796,False,False,16.511917114257812,0.0
1771345755.967559,981,59.22,59.73,284.57,364.1,16.35909080505371,62.70837486344898,False,False,16.35909080505371,0.0
1771345755.992592,982,67.45,68.02,284.57,364.1,25.032997131347656,62.045060521846835,False,False,25.032997131347656,0.0
1771345755.99639,983,56.01,56.52,284.57,364.1,3.7980079650878906,63.601552165718005,False,False,3.7980079650878906,0.0
1771345756.012181,984,56.07,56.51,284.57,364.1,15.790939331054688,62.94745004264728,False,False,15.790939331054688,0.0
1771345756.039344,985,66.17,66.67,284.57,364.1,27.163028717041016,61.87721935610458,False,False,27.163028717041016,0.0
1771345756.044594,986,55.91,56.47,284.57,364.1,5.249977111816406,62.712703485655545,False,False,5.249977111816406,0.0
1771345756.060092,987,55.01,55.55,284.57,364.1,15.497922897338867,62.683406968573685,False,False,15.497922897338867,0.0
1771345756.073387,988,52.48,53.04,284.57,364.1,13.29493522644043,63.9084782739562,False,False,13.29493522644043,0.0
1771345756.097212,989,60.02,60.57,284.57,364.1,23.82516860961914,62.25718636912838,False,False,23.82516860961914,0.0
1771345756.10594,990,53.6,54.2,284.57,364.1,8.72802734375,62.75513059073424,False,False,8.72802734375,0.0
1771345756.135039,991,66.15,66.74,284.57,364.1,29.098987579345703,62.07114465085725,False,False,29.098987579345703,0.0
1771345756.138459,992,53.31,53.92,284.57,364.1,3.4198760986328125,63.947932379076875,False,False,3.4198760986328125,0.0
1771345756.158218,993,57.37,57.77,284.57,364.1,19.758939743041992,62.58926792726502,False,False,19.758939743041992,0.0
1771345756.170572,994,53.84,54.42,284.57,364.1,12.354135513305664,62.94527729532012,False,False,12.354135513305664,0.0
1771345756.199028,995,66.06,66.67,284.57,364.1,28.45597267150879,62.93246428608939,False,False,28.45597267150879,0.0
1771345756.203783,996,54.48,55.13,284.57,364.1,4.7550201416015625,62.932133798363196,False,False,4.7550201416015625,0.0
1771345756.22422,997,59.25,59.82,284.57,364.1,20.437002182006836,62.40898481402161,False,False,20.437002182006836,0.0
1771345756.246144,998,65.93,66.47,284.57,364.1,21.92401885986328,62.835246210470835,False,False,21.92401885986328,0.0
1771345756.257113,999,60.15,60.63,284.57,364.1,10.968923568725586,62.495698206694186,False,False,10.968923568725586,0.0
1771345756.270098,1000,57.71,58.16,284.57,364.1,12.984991073608398,62.54437547764171,False,False,12.984991073608398,0.0
1771345756.301545,1001,72.29,72.85,284.57,364.1,31.44693374633789,61.51209950921478,False,False,31.44693374633789,0.0
1771345756.302343,1002,57.57,58.07,284.57,364.1,0.7979869842529297,63.49402232120893,False,False,0.7979869842529297,1.0
1771345756.320625,1003,59.59,60.36,284.57,364.1,18.282175064086914,62.547562178915214,False,False,18.282175064086914,1.0
1771345756.333822,1004,56.95,57.6,284.57,364.1,13.196945190429688,62.60728345281359,False,False,13.196945190429688,1.0
1771345756.350741,1005,58.08,58.71,284.57,364.1,16.91889762878418,63.47104236392572,False,False,16.91889762878418,1.0
1771345756.378099,1006,69.09,69.65,284.57,364.1,27.358055114746094,61.76359539972611,False,False,27.358055114746094,1.0
1771345756.383695,1007,59.3,59.94,284.57,364.1,5.595922470092773,62.51432764582949,False,False,5.595922470092773,0.0
1771345756.395817,1008,55.37,55.82,284.57,364.1,12.122154235839844,63.77903701242567,False,False,12.122154235839844,0.0
1771345756.4242,1009,67.24,67.74,284.57,364.1,28.38301658630371,62.06123355394169,False,False,28.38301658630371,0.0
1771345756.429727,1010,57.3,57.8,284.57,364.1,5.527019500732422,62.59943444699383,False,False,5.527019500732422,0.0
1771345756.443783,1011,55.12,55.86,284.57,364.1,14.055967330932617,62.844535476345484,False,False,14.055967330932617,0.0
1771345756.474695,1012,70.29,70.75,284.57,364.1,30.911922454833984,61.875637115020254,False,False,30.911922454833984,0.0
1771345756.476925,1013,55.61,56.69,284.57,364.1,2.229928970336914,63.23131728393387,False,False,2.229928970336914,0.0
1771345756.49224,1014,55.9,56.35,284.57,364.1,15.315055847167969,62.74962261695134,False,False,15.315055847167969,0.0
1771345756.527755,1015,74.25,75.72,252.47,362.0,35.51506996154785,61.630111439952096,True,False,35.51506996154785,0.0
1771345756.529968,1016,61.78,62.3,252.47,362.0,2.213001251220703,62.87812212822669,False,False,2.213001251220703,0.0
1771345756.538544,1017,53.77,54.41,252.47,362.0,8.575916290283203,62.940585932283,False,False,8.575916290283203,0.0
1771345756.569128,1018,68.17,68.73,252.47,362.0,30.584096908569336,61.83291678665111,False,False,30.584096908569336,0.0
1771345756.57546,1019,58.12,58.79,252.47,362.0,6.331920623779297,63.43681947553723,False,False,6.331920623779297,0.0
1771345756.591283,1020,58.75,59.21,252.47,362.0,15.823125839233398,62.476893740126975,False,False,15.823125839233398,0.0
1771345756.606387,1021,58.2,58.73,252.47,362.0,15.103816986083984,62.73965751974932,False,False,15.103816986083984,0.0
1771345756.623275,1022,58.19,58.79,252.47,362.0,16.888141632080078,62.38010287360467,False,False,16.888141632080078,0.0
1771345756.6374,1023,56.16,56.72,252.47,362.0,14.124870300292969,63.54996431823588,False,False,14.124870300292969,0.0
1771345756.668934,1025,55.75,56.37,252.47,362.0,31.534194946289062,62.79847547386176,False,False,31.534194946289062,0.0
1771345756.66896,1024,72.13,72.69,252.47,362.0,0.025987625122070312,61.706057325925535,False,True,0.025987625122070312,1.0
1771345756.687207,1026,58.05,58.71,252.47,362.0,18.246889114379883,63.21411589168171,False,False,18.246889114379883,1.0
1771345756.709074,1027,63.99,64.47,252.47,362.0,21.867036819458008,62.28512212706442,False,False,21.867036819458008,1.0
1771345756.717895,1028,57.1,57.62,252.47,362.0,8.82101058959961,62.590622234624696,False,False,8.82101058959961,1.0
1771345756.733163,1029,56.39,57.08,252.47,362.0,15.268087387084961,63.27290610371841,False,False,15.268087387084961,1.0
1771345756.760569,1030,67.69,68.13,252.47,362.0,27.405977249145508,62.22993734430661,False,False,27.405977249145508,0.0
1771345756.766311,1031,57.22,57.9,252.47,362.0,5.74183464050293,62.903174525410904,False,False,5.74183464050293,0.0
1771345756.782321,1032,57.51,58.11,252.47,362.0,16.010046005249023,62.948717681297744,False,False,16.010046005249023,0.0
1771345756.807516,1033,66.63,67.2,252.47,362.0,25.19512176513672,63.38148412022866,False,False,25.19512176513672,0.0
1771345756.813947,1034,57.7,58.22,252.47,362.0,6.430864334106445,62.818871154513886,False,False,6.430864334106445,0.0
1771345756.839727,1035,66.76,67.25,252.47,362.0,25.77996253967285,62.81862026220455,False,False,25.77996253967285,0.0
1771345756.845624,1036,57.25,57.76,252.47,362.0,5.897045135498047,62.88029024181821,False,False,5.897045135498047,0.0
1771345756.875512,1037,70.71,71.33,252.47,362.0,29.887914657592773,61.74072980967599,False,False,29.887914657592773,0.0
1771345756.877142,1038,56.02,57.04,252.47,362.0,1.6300678253173828,63.31746485825932,False,False,1.6300678253173828,1.0
1771345756.893549,1039,56.63,57.17,252.47,362.0,16.407012939453125,62.57424994169211,False,False,16.407012939453125,1.0
1771345756.907169,1040,54.78,55.45,252.47,362.0,13.620138168334961,62.76353524332076,False,False,13.620138168334961,1.0
1771345756.939213,1041,70.26,70.82,252.47,362.0,32.0439338684082,61.750380084271235,False,False,32.0439338684082,1.0
1771345756.940019,1042,55.0,55.73,252.47,362.0,0.8058547973632812,63.32943110315678,False,False,0.8058547973632812,1.0
1771345756.958064,1043,56.59,57.35,252.47,362.0,18.04518699645996,62.39120695823261,False,False,18.04518699645996,1.0
1771345756.972342,1044,55.41,56.01,252.47,362.0,14.277935028076172,62.48952189445439,False,False,14.277935028076172,1.0
1771345756.995739,1045,63.45,64.04,252.47,362.0,23.396968841552734,62.73559104265307,False,False,23.396968841552734,1.0
1771345757.004821,1046,56.05,56.7,252.47,362.0,9.08207893371582,62.48522402571928,False,False,9.08207893371582,1.0
1771345757.034039,1047,69.19,69.77,252.47,362.0,29.217958450317383,61.604991885004516,False,False,29.217958450317383,0.0
1771345757.038383,1048,57.38,57.9,252.47,362.0,4.343986511230469,62.176417120054985,False,False,4.343986511230469,0.0
1771345757.055245,1049,59.12,59.49,252.47,362.0,16.861915588378906,62.62833286173864,False,False,16.861915588378906,0.0
1771345757.067617,1050,55.14,55.67,252.47,362.0,12.372016906738281,62.39102134216258,False,False,12.372016906738281,0.0
1771345757.097128,1051,68.04,68.55,252.47,362.0,29.510974884033203,62.364304153378704,False,False,29.510974884033203,0.0
1771345757.100053,1052,55.05,55.51,252.47,362.0,2.9251575469970703,62.396389186004825,False,False,2.9251575469970703,0.0
1771345757.117003,1053,55.82,56.42,252.47,362.0,16.949892044067383,62.57919807750266,False,False,16.949892044067383,0.0
1771345757.133462,1054,57.14,57.77,252.47,362.0,16.458988189697266,62.312419512149226,False,False,16.458988189697266,0.0
1771345757.159359,1055,66.74,67.34,252.47,362.0,25.89702606201172,62.47846034677948,False,False,25.89702606201172,0.0
1771345757.163659,1056,54.99,55.5,252.47,362.0,4.300117492675781,62.50807002065567,False,False,4.300117492675781,0.0
1771345757.180402,1057,55.8,56.36,252.47,362.0,16.742944717407227,62.74956003189613,False,False,16.742944717407227,0.0
1771345757.206005,1058,65.03,65.45,252.47,362.0,25.603055953979492,62.50904817721238,False,False,25.603055953979492,0.0
1771345757.211305,1059,54.55,55.17,252.47,362.0,5.299806594848633,62.880431645724286,False,False,5.299806594848633,0.0
1771345757.227209,1060,55.01,55.51,252.47,362.0,15.90418815612793,62.68864579272447,False,False,15.90418815612793,0.0
1771345757.25099,1061,62.2,62.74,252.47,362.0,23.78082275390625,63.19481319782907,False,False,23.78082275390625,0.0
1771345757.259942,1062,54.85,55.31,252.47,362.0,8.952140808105469,62.656696366105294,False,False,8.952140808105469,0.0
1771345757.288997,1063,67.65,68.51,252.47,362.0,29.054880142211914,61.95966856786633,False,False,29.054880142211914,0.0
1771345757.29317,1064,56.38,56.79,252.47,362.0,4.173040390014648,62.54247915588187,False,False,4.173040390014648,0.0
1771345757.308209,1065,54.71,55.56,252.47,362.0,15.03896713256836,62.66527752600157,False,False,15.03896713256836,0.0
1771345757.325585,1066,57.12,57.52,252.47,362.0,17.375946044921875,63.32547903344805,False,False,17.375946044921875,0.0
1771345757.340507,1067,55.59,56.16,252.47,362.0,14.922142028808594,62.70823423231712,False,False,14.922142028808594,0.0
1771345757.366573,1068,65.71,66.23,252.47,362.0,26.066064834594727,61.80749505236948,False,False,26.066064834594727,0.0
1771345757.371073,1069,54.09,54.66,252.47,362.0,4.499912261962891,63.36647384987887,False,False,4.499912261962891,0.0
1771345757.392182,1070,59.94,60.52,252.47,362.0,21.10910415649414,62.34057474319571,False,False,21.10910415649414,0.0
1771345757.414631,1071,65.4,65.98,252.47,362.0,22.44877815246582,61.801651313558274,False,False,22.44877815246582,0.0
1771345757.424859,1072,59.9,60.39,252.47,362.0,10.228157043457031,63.14698827710094,False,False,10.228157043457031,0.0
1771345757.437609,1073,56.59,57.29,252.47,362.0,12.749910354614258,62.45549648694682,False,False,12.749910354614258,0.0
1771345757.454526,1074,57.6,58.26,252.47,362.0,16.916990280151367,62.35152572272381,False,False,16.916990280151367,0.0
1771345757.477992,1075,64.87,65.44,252.47,362.0,23.466110229492188,63.142140058305145,False,False,23.466110229492188,0.0
1771345757.487429,1076,58.72,59.33,252.47,362.0,9.436845779418945,62.6657456568694,False,False,9.436845779418945,0.0
1771345757.498219,1077,53.81,54.41,252.47,362.0,10.790109634399414,62.52116122329274,False,False,10.790109634399414,0.0
1771345757.526294,1078,65.89,66.44,252.47,362.0,28.074979782104492,62.68505434478018,False,False,28.074979782104492,0.0
1771345757.533108,1079,56.15,56.92,252.47,362.0,6.814002990722656,62.65349853497938,False,False,6.814002990722656,0.0
1771345757.549824,1080,57.3,57.91,252.47,362.0,16.71600341796875,62.595137015808334,False,False,16.71600341796875,0.0
1771345757.577591,1081,68.47,69.2,252.47,362.0,27.766942977905273,61.778985031391734,False,False,27.766942977905273,0.0
1771345757.583864,1082,58.88,59.49,252.47,362.0,6.273031234741211,62.46168157772074,False,False,6.273031234741211,0.0
1771345757.596981,1083,56.2,56.71,252.47,362.0,13.117074966430664,62.527281649284745,False,False,13.117074966430664,0.0
1771345757.630777,1084,74.01,74.44,252.47,362.0,33.795833587646484,61.3405865411286,True,False,33.795833587646484,0.0
1771345757.632575,1085,59.48,59.98,252.47,362.0,1.7981529235839844,63.30329411380475,False,False,1.7981529235839844,1.0
1771345757.641546,1086,52.94,53.49,252.47,362.0,8.970975875854492,62.87073909485089,False,False,8.970975875854492,1.0
1771345757.674461,1087,69.8,70.31,252.47,362.0,32.91487693786621,62.15124943012393,False,False,32.91487693786621,1.0
1771345757.677568,1088,56.06,56.86,252.47,362.0,3.1070709228515625,62.52130101660555,False,False,3.1070709228515625,1.0
1771345757.691765,1089,55.58,56.08,252.47,362.0,14.197111129760742,62.591151520095664,False,False,14.197111129760742,1.0
1771345757.706898,1090,54.6,55.23,252.47,362.0,15.132904052734375,63.40290502523058,False,False,15.132904052734375,0.0
1771345757.725043,1091,56.66,57.19,252.47,362.0,18.145084381103516,62.58265290034303,False,False,18.145084381103516,0.0
1771345757.753862,1092,67.97,69.27,252.47,362.0,28.818845748901367,61.75756293715389,False,False,28.818845748901367,0.0
1771345757.757012,1093,56.66,57.07,252.47,362.0,3.1499862670898438,63.19143326484994,False,False,3.1499862670898438,0.0
1771345757.769999,1094,53.42,53.96,252.47,362.0,12.987136840820312,62.75808839610641,False,False,12.987136840820312,0.0
1771345757.791475,1095,58.8,59.27,252.47,362.0,21.476030349731445,63.04188885501492,False,False,21.476030349731445,0.0
1771345757.810449,1096,61.0,61.85,252.47,362.0,18.973827362060547,62.18744880174776,False,False,18.973827362060547,0.0
1771345757.822492,1097,57.67,58.28,252.47,362.0,12.042999267578125,63.35931068132758,False,False,12.042999267578125,0.0
1771345757.835998,1098,55.3,55.84,252.47,362.0,13.506174087524414,62.57456112214284,False,False,13.506174087524414,0.0
1771345757.867677,1099,70.55,71.07,252.47,362.0,31.67891502380371,61.593547782325516,False,False,31.67891502380371,0.0
1771345757.87085,1100,57.89,58.35,252.47,362.0,3.1731128692626953,62.26126807936029,False,False,3.1731128692626953,0.0
1771345757.890465,1101,61.2,61.77,252.47,362.0,19.61493492126465,63.074769915585584,False,False,19.61493492126465,0.0
1771345757.903582,1102,58.95,59.47,252.47,362.0,13.117074966430664,62.26887843231571,False,False,13.117074966430664,0.0
1771345757.929802,1103,69.21,69.79,252.47,362.0,26.219844818115234,61.74504706356894,False,False,26.219844818115234,0.0
1771345757.931595,1104,55.02,55.56,252.47,362.0,1.7931461334228516,62.54866594140924,False,False,1.7931461334228516,1.0
1771345757.949402,1105,56.31,56.8,252.47,362.0,17.8070068359375,62.915299254766246,False,False,17.8070068359375,1.0
1771345757.964376,1106,56.3,56.69,252.47,362.0,14.973878860473633,62.52899061164097,False,False,14.973878860473633,1.0
1771345757.992038,1107,66.81,67.48,252.47,362.0,27.662038803100586,62.63054613093275,False,False,27.662038803100586,1.0
1771345757.994871,1108,54.67,55.16,252.47,362.0,2.8328895568847656,62.729492315296795,False,False,2.8328895568847656,1.0
1771345758.011396,1109,54.91,55.56,252.47,362.0,16.5250301361084,62.75159411009608,False,False,16.5250301361084,0.0
1771345758.036026,1110,63.07,63.54,252.47,362.0,24.630069732666016,61.9572889077311,False,False,24.630069732666016,0.0
1771345758.045416,1111,57.12,57.76,252.47,362.0,9.390115737915039,63.271903895224256,False,False,9.390115737915039,0.0
1771345758.060569,1112,55.98,56.55,252.47,362.0,15.152931213378906,62.46642586087409,False,False,15.152931213378906,0.0
1771345758.074746,1113,53.63,54.14,252.47,362.0,14.17684555053711,62.647290994793465,False,False,14.17684555053711,0.0
1771345758.105808,1114,69.48,69.86,252.47,362.0,31.06212615966797,61.70642532516493,False,False,31.06212615966797,0.0
1771345758.109533,1115,55.55,56.52,252.47,362.0,3.7250518798828125,63.14632279122449,False,False,3.7250518798828125,0.0
1771345758.12629,1116,57.08,57.62,252.47,362.0,16.75701141357422,62.329179924444595,False,False,16.75701141357422,0.0
1771345758.14431,1117,58.53,60.37,252.47,362.0,18.019914627075195,62.24660721957851,False,False,18.019914627075195,0.0
1771345758.15833,1118,57.62,58.01,252.47,362.0,14.019966125488281,63.003710250003756,False,False,14.019966125488281,0.0
1771345758.173133,1119,56.72,57.4,252.47,362.0,14.802932739257812,62.38121619682123,False,False,14.802932739257812,0.0
1771345758.199805,1120,66.97,67.44,252.47,362.0,26.6721248626709,61.69057276834643,False,False,26.6721248626709,0.0
1771345758.203887,1121,54.67,55.38,252.47,362.0,4.081964492797852,62.965877189909776,False,False,4.081964492797852,0.0
1771345758.221635,1122,56.63,57.14,252.47,362.0,17.748117446899414,62.38996953862684,False,False,17.748117446899414,0.0
1771345758.234137,1123,53.36,53.83,252.47,362.0,12.501955032348633,63.48265036747595,False,False,12.501955032348633,0.0
1771345758.263953,1124,66.84,67.48,252.47,362.0,29.8159122467041,61.80577976250559,False,False,29.8159122467041,0.0
1771345758.268241,1125,55.59,56.15,252.47,362.0,4.287958145141602,62.49791763210557,False,False,4.287958145141602,0.0
1771345758.284559,1126,56.06,56.62,252.47,362.0,16.318082809448242,62.566860315511626,False,False,16.318082809448242,0.0
1771345758.298962,1127,54.07,54.6,252.47,362.0,14.403104782104492,62.60074247795799,False,False,14.403104782104492,0.0
1771345758.328687,1128,67.92,68.54,252.47,362.0,29.724836349487305,62.362681450503764,False,False,29.724836349487305,0.0
1771345758.330703,1129,53.59,54.29,252.47,362.0,2.0160675048828125,62.524097014146655,False,False,2.0160675048828125,0.0
1771345758.347681,1130,55.16,55.6,252.47,362.0,16.978025436401367,62.79441857865439,False,False,16.978025436401367,0.0
1771345758.364401,1131,55.77,56.28,252.47,362.0,16.720056533813477,63.17317518591735,False,False,16.720056533813477,0.0
1771345758.394584,1132,70.09,70.75,252.47,362.0,30.182838439941406,61.87321826824094,False,False,30.182838439941406,0.0
1771345758.39623,1133,55.87,56.37,252.47,362.0,1.6460418701171875,62.58990615676486,False,False,1.6460418701171875,1.0
1771345758.409836,1134,52.89,53.69,252.47,362.0,13.606071472167969,62.80683058384107,False,False,13.606071472167969,1.0
1771345758.446049,1135,72.9,73.49,252.47,362.0,36.212921142578125,61.979826738007425,True,False,36.212921142578125,1.0
1771345758.449602,1136,60.81,61.57,252.47,362.0,3.5529136657714844,62.35884911610186,False,False,3.5529136657714844,1.0
1771345758.46139,1137,56.53,57.0,252.47,362.0,11.788129806518555,62.29423401765222,False,False,11.788129806518555,1.0
1771345758.474092,1138,53.59,54.14,252.47,362.0,12.701988220214844,63.304627287186825,False,False,12.701988220214844,0.0
1771345758.504489,1139,67.95,68.48,252.47,362.0,30.39693832397461,61.76773392612708,False,False,30.39693832397461,0.0
1771345758.506327,1140,54.08,54.61,252.47,362.0,1.8379688262939453,62.728507247503906,False,False,1.8379688262939453,1.0
1771345758.526039,1141,56.98,57.49,252.47,362.0,19.711971282958984,63.261247451345234,False,False,19.711971282958984,1.0
1771345758.538319,1142,53.11,53.98,248.11,360.2,12.28022575378418,62.86309084437117,False,False,12.28022575378418,1.0
1771345758.558134,1143,57.25,57.74,248.11,360.2,19.81496810913086,62.42502296987028,False,False,19.81496810913086,1.0
1771345758.577028,1144,59.86,60.53,248.11,360.2,18.893957138061523,63.40811289877585,False,False,18.893957138061523,1.0
1771345758.588449,1145,55.78,56.26,248.11,360.2,11.420965194702148,62.76978149897262,False,False,11.420965194702148,0.0
1771345758.623389,1146,74.22,74.86,248.11,360.2,34.94000434875488,61.10956672756783,True,False,34.94000434875488,0.0
1771345758.625073,1147,60.34,60.79,248.11,360.2,1.683950424194336,63.11722942367943,False,False,1.683950424194336,1.0
1771345758.636482,1148,55.85,56.37,248.11,360.2,11.40904426574707,62.57078048929668,False,False,11.40904426574707,1.0
1771345758.668564,1150,55.92,56.43,248.11,360.2,32.08208084106445,62.44887566292539,False,False,32.08208084106445,1.0
1771345758.669502,1149,73.41,73.81,248.11,360.2,0.9379386901855469,61.29207564965446,False,True,0.9379386901855469,1.0
1771345758.687295,1151,58.45,59.07,248.11,360.2,17.792940139770508,62.3537349196985,False,False,17.792940139770508,1.0
1771345758.711431,1152,66.29,66.82,248.11,360.2,24.136066436767578,62.65866202429279,False,False,24.136066436767578,1.0
1771345758.71755,1153,56.87,57.54,248.11,360.2,6.119012832641602,62.46498389466413,False,False,6.119012832641602,1.0
1771345758.730519,1154,53.34,53.92,248.11,360.2,12.969017028808594,62.466162270680485,False,False,12.969017028808594,1.0
1771345758.758719,1155,65.57,66.07,248.11,360.2,28.19991111755371,62.031923271747125,False,False,28.19991111755371,0.0
1771345758.763209,1156,54.5,54.99,248.11,360.2,4.490137100219727,62.97492146222154,False,False,4.490137100219727,0.0
1771345758.77898,1157,53.78,54.38,248.11,360.2,15.770912170410156,62.729476679058436,False,False,15.770912170410156,0.0
1771345758.805561,1158,64.51,64.94,248.11,360.2,26.5810489654541,61.88354912972423,False,False,26.5810489654541,0.0
1771345758.811627,1159,54.95,55.57,248.11,360.2,6.065845489501953,63.56269288871298,False,False,6.065845489501953,0.0
1771345758.830239,1160,57.45,57.9,248.11,360.2,18.612146377563477,62.539805848404896,False,False,18.612146377563477,0.0
1771345758.857749,1161,69.01,69.62,248.11,360.2,27.50992774963379,62.02935458801311,False,False,27.50992774963379,0.0
1771345758.866585,1162,61.59,62.11,248.11,360.2,8.836030960083008,62.30510701941286,False,False,8.836030960083008,0.0
1771345758.892947,1163,72.47,73.21,248.11,360.2,26.361942291259766,62.29591484366626,False,False,26.361942291259766,0.0
1771345758.897541,1164,60.63,61.12,248.11,360.2,4.594087600708008,62.11527615525324,False,False,4.594087600708008,0.0
1771345758.912081,1165,58.59,59.35,248.11,360.2,14.539957046508789,62.3260771792733,False,False,14.539957046508789,0.0
1771345758.929344,1166,61.25,61.68,248.11,360.2,17.262935638427734,62.17822985747037,False,False,17.262935638427734,0.0
1771345758.941193,1167,56.44,57.16,248.11,360.2,11.849164962768555,63.21411589168171,False,False,11.849164962768555,0.0
1771345758.974786,1169,57.99,58.53,248.11,360.2,33.592939376831055,62.250288195165915,True,False,33.592939376831055,0.0
1771345758.974813,1168,73.59,74.1,248.11,360.2,0.026941299438476562,61.24035255826477,False,True,0.026941299438476562,1.0
1771345758.990288,1170,57.35,57.78,248.11,360.2,15.475034713745117,62.8758127803741,False,False,15.475034713745117,1.0
1771345759.005635,1171,55.74,57.21,248.11,360.2,15.347003936767578,62.48575153012452,False,False,15.347003936767578,1.0
1771345759.02218,1172,57.54,58.1,248.11,360.2,16.54505729675293,62.39529079121283,False,False,16.54505729675293,1.0
1771345759.049749,1173,69.03,69.81,248.11,360.2,27.568817138671875,61.53827193279111,False,False,27.568817138671875,1.0
1771345759.055251,1174,58.23,58.72,248.11,360.2,5.501985549926758,63.19495601986012,False,False,5.501985549926758,0.0
1771345759.067461,1175,55.18,55.7,248.11,360.2,12.21013069152832,62.635191387613396,False,False,12.21013069152832,0.0
1771345759.08568,1176,57.26,57.8,248.11,360.2,18.218994140625,62.53974368118275,False,False,18.218994140625,0.0
1771345759.098731,1177,54.03,54.56,248.11,360.2,13.051033020019531,62.86533644156626,False,False,13.051033020019531,0.0
1771345759.126402,1178,65.98,66.53,248.11,360.2,27.670860290527344,61.97886507397815,False,False,27.670860290527344,0.0
1771345759.132109,1179,54.69,55.41,248.11,360.2,5.707025527954102,62.566735873594716,False,False,5.707025527954102,0.0
1771345759.146773,1180,53.95,54.49,248.11,360.2,14.664173126220703,63.36010828143505,False,False,14.664173126220703,0.0
1771345759.163289,1181,55.0,55.44,248.11,360.2,16.51597023010254,62.538951059934035,False,False,16.51597023010254,0.0
1771345759.180434,1182,56.03,56.47,248.11,360.2,17.14491844177246,62.578295528975055,False,False,17.14491844177246,0.0
1771345759.205022,1183,64.3,64.81,248.11,360.2,24.58810806274414,61.79928377552406,False,False,24.58810806274414,0.0
1771345759.213179,1184,56.13,56.77,248.11,360.2,8.157014846801758,63.209384371052685,False,False,8.157014846801758,0.0
1771345759.229193,1185,56.3,56.8,248.11,360.2,16.01386070251465,62.43807940652893,False,False,16.01386070251465,0.0
1771345759.263578,1186,74.43,74.96,248.11,360.2,34.384965896606445,61.285842764160364,True,False,34.384965896606445,0.0
1771345759.263609,1187,59.4,59.88,248.11,360.2,0.030994415283203125,62.19893020848626,False,False,0.030994415283203125,1.0
1771345759.276056,1188,54.85,55.37,248.11,360.2,12.447118759155273,63.33328803383571,False,False,12.447118759155273,1.0
1771345759.304447,1189,67.6,68.13,248.11,360.2,28.390884399414062,61.61784329674172,False,False,28.390884399414062,1.0
1771345759.308284,1190,55.91,56.55,248.11,360.2,3.837108612060547,62.46076691318399,False,False,3.837108612060547,1.0
1771345759.324843,1191,56.56,57.16,248.11,360.2,16.55888557434082,62.47124840351655,False,False,16.55888557434082,1.0
1771345759.340239,1192,54.72,56.1,248.11,360.2,15.3961181640625,63.448079034582044,False,False,15.3961181640625,0.0
1771345759.358979,1193,58.34,58.96,248.11,360.2,18.739938735961914,62.32153939191622,False,False,18.739938735961914,0.0
1771345759.371644,1194,54.68,55.17,248.11,360.2,12.665033340454102,62.38251512413503,False,False,12.665033340454102,0.0
1771345759.401275,1195,68.74,69.27,248.11,360.2,29.63089942932129,62.812364283311055,False,False,29.63089942932129,0.0
1771345759.404624,1196,55.82,56.28,248.11,360.2,3.3490657806396484,62.825771478458066,False,False,3.3490657806396484,0.0
1771345759.4222,1197,57.58,58.02,248.11,360.2,17.575979232788086,62.44731358790688,False,False,17.575979232788086,0.0
1771345759.435319,1198,55.1,55.58,248.11,360.2,13.118982315063477,62.420223043606164,False,False,13.118982315063477,0.0
1771345759.474947,1199,78.07,78.75,248.11,360.2,39.628028869628906,61.82647585148963,True,False,39.628028869628906,0.0
1771345759.474982,1200,62.77,63.31,248.11,360.2,0.03504753112792969,61.94155114385673,False,False,0.03504753112792969,1.0
1771345759.484611,1201,55.67,56.24,248.11,360.2,9.629011154174805,62.59309749951686,False,False,9.629011154174805,1.0
1771345759.510971,1202,65.79,66.48,248.11,360.2,26.360034942626953,61.68701916218215,False,False,26.360034942626953,1.0
1771345759.518231,1203,57.05,57.52,248.11,360.2,7.259845733642578,62.49369620292143,False,False,7.259845733642578,1.0
1771345759.530807,1204,54.18,54.7,248.11,360.2,12.576103210449219,62.90765588476665,False,False,12.576103210449219,1.0
1771345759.54924,1205,56.08,56.53,248.11,360.2,18.433094024658203,62.44853778676626,False,False,18.433094024658203,0.0
1771345759.5787,1206,69.98,70.52,248.11,360.2,29.45995330810547,62.806767884618026,False,False,29.45995330810547,0.0
1771345759.581145,1207,56.47,56.98,248.11,360.2,2.4449825286865234,62.75677378151981,False,False,2.4449825286865234,0.0
1771345759.596067,1208,55.63,56.13,248.11,360.2,14.921903610229492,62.527033080723946,False,False,14.921903610229492,0.0
1771345759.611826,1209,55.69,56.16,248.11,360.2,15.758991241455078,62.54890862155732,False,False,15.758991241455078,0.0
1771345759.641579,1211,52.5,53.03,248.11,360.2,29.75296974182129,63.780962654144304,False,False,29.75296974182129,0.0
1771345759.641872,1210,69.4,69.83,248.11,360.2,0.2930164337158203,61.80748321713498,False,True,0.2930164337158203,1.0
1771345759.659974,1212,55.28,55.77,248.11,360.2,18.102169036865234,63.25490300562175,False,False,18.102169036865234,1.0
1771345759.680462,1213,59.77,60.5,248.11,360.2,20.48778533935547,62.31100007551851,False,False,20.48778533935547,1.0
1771345759.692659,1214,55.7,56.08,248.11,360.2,12.197017669677734,62.36099701970533,False,False,12.197017669677734,1.0
1771345759.71696,1215,63.61,64.38,248.11,360.2,24.30105209350586,62.614729368419326,False,False,24.30105209350586,1.0
1771345759.726065,1216,57.43,57.94,248.11,360.2,9.10496711730957,62.31462593877445,False,False,9.10496711730957,0.0
1771345759.75384,1217,68.11,69.16,248.11,360.2,27.775049209594727,61.547302071311336,False,False,27.775049209594727,0.0
1771345759.759817,1218,59.5,60.01,248.11,360.2,5.97691535949707,62.8762212241086,False,False,5.97691535949707,0.0
1771345759.77442,1219,57.74,58.37,248.11,360.2,14.603137969970703,62.318684320201314,False,False,14.603137969970703,0.0
1771345759.79092,1220,58.19,58.66,248.11,360.2,16.499996185302734,62.455697986890314,False,False,16.499996185302734,0.0
1771345759.820488,1221,71.08,71.9,248.11,360.2,29.567956924438477,62.32218760679739,False,False,29.567956924438477,0.0
1771345759.821807,1222,57.29,57.86,248.11,360.2,1.3189315795898438,62.81263080336384,False,False,1.3189315795898438,1.0
1771345759.838848,1223,57.69,58.3,248.11,360.2,17.04120635986328,63.43157490919109,False,False,17.04120635986328,1.0
1771345759.867336,1224,70.75,71.26,248.11,360.2,28.4879207611084,61.86874618173057,False,False,28.4879207611084,1.0
1771345759.870286,1225,57.41,57.93,248.11,360.2,2.949953079223633,62.61708189817226,False,False,2.949953079223633,1.0
1771345759.890109,1226,61.93,62.42,248.11,360.2,19.823074340820312,62.4502269500695,False,False,19.823074340820312,1.0
1771345759.902174,1227,57.61,58.13,248.11,360.2,12.064933776855469,62.43620501527547,False,False,12.064933776855469,0.0
1771345759.918033,1228,56.75,57.37,248.11,360.2,15.858888626098633,62.54990465752538,False,False,15.858888626098633,0.0
1771345759.940851,1229,63.85,64.41,248.11,360.2,22.81808853149414,63.14451472497672,False,False,22.81808853149414,0.0
1771345759.949566,1230,56.72,57.31,248.11,360.2,8.714914321899414,62.54704917580526,False,False,8.714914321899414,0.0
1771345759.97061,1231,61.72,62.27,248.11,360.2,21.044015884399414,62.1777843444109,False,False,21.044015884399414,0.0
1771345759.979638,1232,54.99,55.47,248.11,360.2,9.028196334838867,62.66593291117491,False,False,9.028196334838867,0.0
1771345760.003355,1233,62.42,62.94,248.11,360.2,23.71692657470703,62.91905871269796,False,False,23.71692657470703,0.0
1771345760.010833,1234,53.73,54.21,248.11,360.2,7.477998733520508,62.78895070411642,False,False,7.477998733520508,0.0
1771345760.038802,1235,66.69,67.16,248.11,360.2,27.968883514404297,61.77028098728087,False,False,27.968883514404297,0.0
1771345760.043977,1236,55.45,55.96,248.11,360.2,5.175113677978516,62.611068498222,False,False,5.175113677978516,0.0
1771345760.06472,1237,59.95,60.35,248.11,360.2,20.74289321899414,62.11251660125712,False,False,20.74289321899414,0.0
1771345760.083636,1238,62.66,63.41,248.11,360.2,18.91613006591797,62.68058903129344,False,False,18.91613006591797,0.0
1771345760.094539,1239,57.99,58.5,248.11,360.2,10.902881622314453,62.342196295808186,False,False,10.902881622314453,0.0
1771345760.117247,1240,64.39,65.04,248.11,360.2,22.70817756652832,61.825458184977975,False,False,22.70817756652832,0.0
1771345760.125643,1241,57.25,57.73,248.11,360.2,8.395910263061523,62.347123244570355,False,False,8.395910263061523,0.0
1771345760.139109,1242,55.09,55.47,248.11,360.2,13.46588134765625,62.58638827309005,False,False,13.46588134765625,0.0
1771345760.169994,1243,68.78,69.28,248.11,360.2,30.88521957397461,62.17796869386809,False,False,30.88521957397461,0.0
1771345760.170165,1244,53.34,53.95,248.11,360.2,0.1709461212158203,62.69684520502555,False,False,0.1709461212158203,1.0
1771345760.187608,1245,55.24,55.87,248.11,360.2,17.442941665649414,62.603358703882996,False,False,17.442941665649414,1.0
1771345760.210339,1246,61.4,62.05,248.11,360.2,22.73106575012207,63.373957820238914,False,False,22.73106575012207,1.0
1771345760.221275,1247,56.0,56.67,248.11,360.2,10.93602180480957,62.6523130805232,False,False,10.93602180480957,1.0
1771345760.235415,1248,54.6,55.08,248.11,360.2,14.139890670776367,62.54176417916902,False,False,14.139890670776367,1.0
1771345760.26184,1249,65.36,65.81,248.11,360.2,26.42512321472168,62.67017764228392,False,False,26.42512321472168,0.0
1771345760.26949,1250,56.35,56.95,248.11,360.2,7.649898529052734,62.42158552829033,False,False,7.649898529052734,0.0
1771345760.283672,1251,54.58,55.2,248.11,360.2,14.182090759277344,62.57631934983431,False,False,14.182090759277344,0.0
1771345760.311481,1252,66.21,66.89,248.11,360.2,27.80890464782715,61.77657373522345,False,False,27.80890464782715,0.0
1771345760.31731,1253,56.9,57.49,248.11,360.2,5.829095840454102,62.60884102925415,False,False,5.829095840454102,0.0
1771345760.330687,1254,53.39,54.02,248.11,360.2,13.376951217651367,62.562365165301934,False,False,13.376951217651367,0.0
1771345760.35957,1255,67.1,67.76,248.11,360.2,28.882980346679688,62.61119311655202,False,False,28.882980346679688,0.0
1771345760.365602,1256,56.76,57.23,248.11,360.2,6.031990051269531,62.43639090029013,False,False,6.031990051269531,0.0
1771345760.383218,1257,57.75,58.53,248.11,360.2,17.61603355407715,62.433788610802516,False,False,17.61603355407715,0.0
1771345760.409001,1258,68.64,69.17,248.11,360.2,25.783061981201172,61.621751068030484,False,False,25.783061981201172,0.0
1771345760.41352,1259,56.42,56.98,248.11,360.2,4.518985748291016,63.92682529686961,False,False,4.518985748291016,0.0
1771345760.428231,1260,56.05,56.53,248.11,360.2,14.71090316772461,62.94263241405667,False,False,14.71090316772461,0.0
1771345760.45661,1261,67.94,68.79,248.11,360.2,28.378963470458984,61.7284630152772,False,False,28.378963470458984,0.0
1771345760.462539,1262,57.65,58.22,248.11,360.2,5.928993225097656,63.05383014733793,False,False,5.928993225097656,0.0
1771345760.476821,1263,55.29,56.22,248.11,360.2,14.281988143920898,62.59192989734414,False,False,14.281988143920898,0.0
1771345760.503808,1264,66.88,67.42,248.11,360.2,26.987075805664062,61.66489016829443,False,False,26.987075805664062,0.0
1771345760.508275,1265,54.99,55.62,248.11,360.2,4.467010498046875,62.56289397297789,False,False,4.467010498046875,0.0
1771345760.525935,1266,56.72,57.22,248.11,360.2,17.659902572631836,63.342262793950454,False,False,17.659902572631836,0.0
1771345760.544776,1267,60.1,60.81,248.11,360.2,18.841028213500977,62.26450302232121,False,False,18.841028213500977,0.0
1771345760.565704,1268,65.11,65.67,248.11,360.2,20.928144454956055,61.87881689313843,False,False,20.928144454956055,0.0
1771345760.573696,1269,56.73,57.29,245.62,363.2,7.991790771484375,62.37849481022463,False,False,7.991790771484375,0.0
1771345760.603591,1270,70.95,71.48,245.62,363.2,29.89506721496582,61.329792952663105,False,False,29.89506721496582,0.0
1771345760.606262,1271,57.78,58.3,245.62,363.2,2.6710033416748047,63.25241604026754,False,False,2.6710033416748047,0.0
1771345760.621675,1272,56.92,57.46,245.62,363.2,15.413045883178711,62.389459117338916,False,False,15.413045883178711,0.0
1771345760.635381,1273,55.02,55.57,245.62,363.2,13.705968856811523,62.83254781696191,False,False,13.705968856811523,0.0
1771345760.655084,1274,58.55,59.02,245.62,363.2,19.702911376953125,62.34252061645358,False,False,19.702911376953125,0.0
1771345760.675318,1275,62.28,62.87,245.62,363.2,20.234107971191406,62.607080973568564,False,False,20.234107971191406,0.0
1771345760.68554,1276,56.79,57.5,245.62,363.2,10.22195816040039,62.53419575432432,False,False,10.22195816040039,0.0
1771345760.699288,1277,54.23,54.71,245.62,363.2,13.747930526733398,63.46198306592668,False,False,13.747930526733398,0.0
1771345760.726053,1278,65.28,65.79,245.62,363.2,26.765108108520508,62.09662327817981,False,False,26.765108108520508,0.0
1771345760.731242,1279,54.23,54.88,245.62,363.2,5.188941955566406,62.707593587364904,False,False,5.188941955566406,0.0
1771345760.750496,1280,57.8,58.31,245.62,363.2,19.253969192504883,62.5276234342828,False,False,19.253969192504883,0.0
1771345760.776528,1281,67.42,68.08,245.62,363.2,26.031970977783203,62.758886581833764,False,False,26.031970977783203,0.0
1771345760.780556,1282,55.6,56.15,245.62,363.2,4.028081893920898,62.58154793803473,False,False,4.028081893920898,0.0
1771345760.796586,1283,55.71,56.18,245.62,363.2,16.030073165893555,62.6476184975818,False,False,16.030073165893555,0.0
1771345760.8138,1284,56.8,57.34,245.62,363.2,17.214059829711914,63.393849196852806,False,False,17.214059829711914,0.0
1771345760.838472,1285,66.22,66.82,245.62,363.2,24.67179298400879,61.971569611014004,False,False,24.67179298400879,0.0
1771345760.845801,1286,57.53,58.12,245.62,363.2,7.329225540161133,62.78172955569254,False,False,7.329225540161133,0.0
1771345760.861126,1287,56.99,57.45,245.62,363.2,15.324831008911133,62.5683069891222,False,False,15.324831008911133,0.0
1771345760.877929,1288,57.1,57.87,245.62,363.2,16.80302619934082,62.50676585953241,False,False,16.80302619934082,0.0
1771345760.893034,1289,55.73,56.35,245.62,363.2,15.105009078979492,63.013096730011554,False,False,15.105009078979492,0.0
1771345760.908434,1290,55.91,56.44,245.62,363.2,15.399932861328125,62.57378317681904,False,False,15.399932861328125,0.0
1771345760.935025,1291,66.17,66.72,245.62,363.2,26.591062545776367,62.213876219082586,False,False,26.591062545776367,0.0
1771345760.939715,1292,54.41,55.62,245.62,363.2,4.689931869506836,62.49499981871704,False,False,4.689931869506836,0.0
1771345760.958081,1293,57.43,57.89,245.62,363.2,18.366098403930664,62.84525739241052,False,False,18.366098403930664,0.0
1771345760.973576,1294,56.45,56.95,245.62,363.2,15.495061874389648,62.32192523248301,False,False,15.495061874389648,0.0
1771345760.991056,1295,58.33,58.87,245.62,363.2,17.479896545410156,63.00839525262998,False,False,17.479896545410156,0.0
1771345761.004603,1296,56.15,56.73,245.62,363.2,13.546943664550781,62.459278702716226,False,False,13.546943664550781,0.0
1771345761.021576,1297,56.95,57.33,245.62,363.2,16.973018646240234,62.70535924521814,False,False,16.973018646240234,0.0
1771345761.050796,1298,70.33,71.06,245.62,363.2,29.220104217529297,62.03730596566601,False,False,29.220104217529297,0.0
1771345761.05449,1299,57.55,58.27,245.62,363.2,3.6940574645996094,62.503179697029076,False,False,3.6940574645996094,0.0
1771345761.06943,1300,57.2,57.72,245.62,363.2,14.940023422241211,63.013096730011554,False,False,14.940023422241211,0.0
1771345761.10069,1301,71.54,72.03,245.62,363.2,31.259775161743164,61.53550322118581,False,False,31.259775161743164,0.0
1771345761.100717,1302,56.0,56.57,245.62,363.2,0.027179718017578125,62.39547643268737,False,False,0.027179718017578125,1.0
1771345761.117791,1303,56.9,57.45,245.62,363.2,17.073869705200195,63.304706908678185,False,False,17.073869705200195,1.0
1771345761.133467,1304,56.11,56.8,245.62,363.2,15.676021575927734,62.285769584601056,False,False,15.676021575927734,1.0
1771345761.167069,1305,73.76,74.38,245.62,363.2,33.601999282836914,61.25818463121054,True,False,33.601999282836914,1.0
1771345761.167103,1306,58.74,59.26,245.62,363.2,0.03409385681152344,62.71139077174723,False,False,0.03409385681152344,1.0
1771345761.180707,1307,55.78,56.27,245.62,363.2,13.603925704956055,62.53700844576083,False,False,13.603925704956055,1.0
1771345761.195818,1308,54.75,55.19,245.62,363.2,15.110969543457031,62.473776271516314,False,False,15.110969543457031,1.0
1771345761.227664,1309,70.99,71.49,245.62,363.2,31.846046447753906,62.123126894150246,False,False,31.846046447753906,1.0
1771345761.228755,1310,56.15,56.54,245.62,363.2,1.09100341796875,62.54788863982121,False,False,1.09100341796875,1.0
1771345761.242344,1311,53.99,54.52,245.62,363.2,13.588905334472656,62.586590618511345,False,False,13.588905334472656,1.0
1771345761.270495,1312,65.99,66.49,245.62,363.2,28.15103530883789,62.56426269318088,False,False,28.15103530883789,1.0
1771345761.274348,1313,53.82,54.25,245.62,363.2,3.8530826568603516,62.69344023628662,False,False,3.8530826568603516,1.0
1771345761.302982,1314,66.43,67.03,245.62,363.2,28.634071350097656,61.70966339480067,False,False,28.634071350097656,1.0
1771345761.3092,1315,55.85,56.7,245.62,363.2,6.21795654296875,63.182501191929674,False,False,6.21795654296875,0.0
1771345761.325494,1316,56.82,57.38,245.62,363.2,16.294002532958984,62.50702979251028,False,False,16.294002532958984,0.0
1771345761.34132,1317,55.85,56.85,245.62,363.2,15.825986862182617,62.623813290843934,False,False,15.825986862182617,0.0
1771345761.357946,1318,57.06,57.54,245.62,363.2,16.62588119506836,63.22812407431555,False,False,16.62588119506836,0.0
1771345761.383846,1319,66.74,67.39,245.62,363.2,25.90012550354004,61.83489187049522,False,False,25.90012550354004,0.0
1771345761.391652,1320,58.58,59.01,245.62,363.2,7.806062698364258,62.278062630401635,False,False,7.806062698364258,0.0
1771345761.404164,1321,55.04,55.65,245.62,363.2,12.511968612670898,63.32092201704438,False,False,12.511968612670898,0.0
1771345761.439256,1323,58.3,58.91,245.62,363.2,35.09187698364258,62.45411956311599,True,False,35.09187698364258,0.0
1771345761.4393,1322,74.74,75.21,245.62,363.2,0.04410743713378906,61.30003145954971,False,True,0.04410743713378906,1.0
1771345761.451376,1324,55.05,55.56,245.62,363.2,12.07590103149414,63.319997946853704,False,False,12.07590103149414,1.0
1771345761.468535,1325,55.69,56.23,245.62,363.2,17.158985137939453,62.483083069861074,False,False,17.158985137939453,1.0
1771345761.498077,1326,69.67,70.13,245.62,363.2,29.541969299316406,61.71937964305711,False,False,29.541969299316406,1.0
1771345761.500822,1327,55.91,56.42,245.62,363.2,2.7451515197753906,62.75847966108289,False,False,2.7451515197753906,1.0
1771345761.517023,1328,56.46,57.03,245.62,363.2,16.201019287109375,63.07032794243583,False,False,16.201019287109375,0.0
1771345761.540327,1329,63.72,64.33,245.62,363.2,23.303985595703125,62.07124455368253,False,False,23.303985595703125,0.0
1771345761.550216,1330,57.12,57.67,245.62,363.2,9.888887405395508,63.38307182113387,False,False,9.888887405395508,0.0
1771345761.56276,1331,54.3,54.74,245.62,363.2,12.54415512084961,62.72881996408634,False,False,12.54415512084961,0.0
1771345761.598791,1333,57.99,58.51,245.62,363.2,36.03076934814453,62.42862479537352,True,False,36.03076934814453,0.0
1771345761.600987,1332,76.02,76.5,245.62,363.2,2.196073532104492,61.101527513891824,False,True,2.196073532104492,0.0
1771345761.609233,1334,52.7,53.23,245.62,363.2,8.24594497680664,62.883259857405974,False,False,8.24594497680664,0.0
1771345761.649581,1336,60.5,61.08,245.62,363.2,40.348052978515625,62.61143341682257,True,False,40.348052978515625,0.0
1771345761.649659,1335,77.45,77.77,245.62,363.2,0.07796287536621094,61.19576794941798,False,True,0.07796287536621094,1.0
1771345761.661187,1337,56.53,57.03,245.62,363.2,11.52801513671875,62.37660853385193,False,False,11.52801513671875,1.0
1771345761.674495,1338,53.84,54.28,245.62,363.2,13.308048248291016,63.261645015376864,False,False,13.308048248291016,1.0
1771345761.706999,1339,69.98,70.53,245.62,363.2,32.50408172607422,61.4907118223965,False,False,32.50408172607422,1.0
1771345761.708205,1340,55.88,56.45,245.62,363.2,1.2059211730957031,62.64950560416518,False,False,1.2059211730957031,1.0
1771345761.724786,1341,55.97,56.45,245.62,363.2,16.581058502197266,63.27390834396245,False,False,16.581058502197266,1.0
1771345761.739423,1342,53.66,54.78,245.62,363.2,14.636993408203125,62.57384541173311,False,False,14.636993408203125,1.0
1771345761.765718,1343,65.11,65.76,245.62,363.2,26.294946670532227,61.911074351375724,False,False,26.294946670532227,1.0
1771345761.772724,1344,55.88,56.41,245.62,363.2,7.005929946899414,62.57014264978426,False,False,7.005929946899414,1.0
1771345761.789527,1345,57.16,57.59,245.62,363.2,16.80302619934082,63.087830727091955,False,False,16.80302619934082,0.0
1771345761.80399,1346,54.74,55.38,245.62,363.2,14.462947845458984,62.61814137327426,False,False,14.462947845458984,0.0
1771345761.834497,1347,69.54,70.12,245.62,363.2,30.50708770751953,61.64144834657403,False,False,30.50708770751953,0.0
1771345761.835231,1348,54.74,55.3,245.62,363.2,0.7340908050537109,62.67613996357855,False,False,0.7340908050537109,1.0
1771345761.854013,1349,57.59,58.3,245.62,363.2,18.78190040588379,62.43632893849559,False,False,18.78190040588379,1.0
1771345761.880266,1350,67.64,68.19,245.62,363.2,26.25298500061035,61.73906366262945,False,False,26.25298500061035,1.0
1771345761.887124,1351,58.03,58.76,245.62,363.2,6.858110427856445,63.01865105688321,False,False,6.858110427856445,1.0
1771345761.899398,1352,54.52,54.99,245.62,363.2,12.274026870727539,62.52063312086372,False,False,12.274026870727539,1.0
1771345761.92554,1353,64.96,65.48,245.62,363.2,26.141881942749023,62.01813438112167,False,False,26.141881942749023,0.0
1771345761.932354,1354,55.14,55.81,245.62,363.2,6.814002990722656,62.57966492316369,False,False,6.814002990722656,0.0
1771345761.949734,1355,56.98,57.58,245.62,363.2,17.3799991607666,62.58618592897714,False,False,17.3799991607666,0.0
1771345761.963829,1356,54.76,55.26,245.62,363.2,14.095067977905273,62.550422714169464,False,False,14.095067977905273,0.0
1771345761.990057,1357,64.92,65.53,245.62,363.2,26.227951049804688,61.952682649188695,False,False,26.227951049804688,0.0
1771345761.99703,1358,56.01,56.51,245.62,363.2,6.973028182983398,63.40926321932134,False,False,6.973028182983398,0.0
1771345762.012414,1359,55.91,56.42,245.62,363.2,15.38395881652832,62.63545640625373,False,False,15.38395881652832,0.0
1771345762.039354,1360,66.92,67.41,245.62,363.2,26.940107345581055,61.860518623179644,False,False,26.940107345581055,0.0
1771345762.044858,1361,56.51,56.99,245.62,363.2,5.50389289855957,63.54800652908189,False,False,5.50389289855957,0.0
1771345762.063293,1362,58.56,59.05,245.62,363.2,18.435001373291016,62.33274614745961,False,False,18.435001373291016,0.0
1771345762.082169,1363,60.56,61.46,245.62,363.2,18.876075744628906,62.21626024902995,False,False,18.876075744628906,0.0
1771345762.104255,1364,67.55,68.11,245.62,363.2,22.085905075073242,61.805461002313486,False,False,22.085905075073242,0.0
1771345762.110423,1365,57.43,58.37,245.62,363.2,6.168127059936523,63.60283811263589,False,False,6.168127059936523,0.0
1771345762.124735,1366,55.81,56.27,245.62,363.2,14.312028884887695,62.65454364387791,False,False,14.312028884887695,0.0
1771345762.157112,1367,71.97,72.78,245.62,363.2,32.376766204833984,61.44991660031074,False,False,32.376766204833984,0.0
1771345762.158766,1368,58.15,58.56,245.62,363.2,1.6541481018066406,62.30865506102285,False,False,1.6541481018066406,1.0
1771345762.170417,1369,53.3,53.87,245.62,363.2,11.651039123535156,63.64338817048131,False,False,11.651039123535156,1.0
1771345762.197594,1370,65.36,65.77,245.62,363.2,27.176856994628906,61.92979878703762,False,False,27.176856994628906,1.0
1771345762.204596,1371,55.92,56.5,245.62,363.2,7.002115249633789,62.35371947022506,False,False,7.002115249633789,1.0
1771345762.238703,1372,74.2,74.76,245.62,363.2,34.10696983337402,61.970150400434974,True,False,34.10696983337402,1.0
1771345762.238733,1373,57.56,58.17,245.62,363.2,0.030040740966796875,62.21581419082287,False,False,0.030040740966796875,1.0
1771345762.256629,1374,59.45,59.94,245.62,363.2,17.895936965942383,62.91636884560431,False,False,17.895936965942383,1.0
1771345762.267953,1375,55.61,56.18,245.62,363.2,11.323928833007812,62.58129893783131,False,False,11.323928833007812,1.0
1771345762.294221,1376,64.75,65.68,245.62,363.2,26.26800537109375,61.93696246863567,False,False,26.26800537109375,1.0
1771345762.30018,1377,55.73,56.3,245.62,363.2,5.959033966064453,62.57431217753466,False,False,5.959033966064453,1.0
1771345762.31631,1378,55.87,56.47,245.62,363.2,16.12997055053711,62.60669159408608,False,False,16.12997055053711,0.0
1771345762.341171,1379,64.49,65.05,245.62,363.2,24.86109733581543,62.67464147244348,False,False,24.86109733581543,0.0
1771345762.350551,1380,57.28,57.89,245.62,363.2,9.379863739013672,62.57177616721197,False,False,9.379863739013672,0.0
1771345762.363977,1381,55.21,55.66,245.62,363.2,13.426065444946289,62.512184695163405,False,False,13.426065444946289,0.0
1771345762.398882,1382,74.12,74.61,245.62,363.2,34.90495681762695,61.48228840861394,True,False,34.90495681762695,0.0
1771345762.398922,1383,57.84,58.39,245.62,363.2,0.0400543212890625,63.56670226134711,False,False,0.0400543212890625,1.0
1771345762.411019,1384,54.61,55.15,245.62,363.2,12.09712028503418,62.52324265503281,False,False,12.09712028503418,1.0
1771345762.439028,1385,66.29,66.81,245.62,363.2,28.00893783569336,61.82424310466687,False,False,28.00893783569336,1.0
1771345762.444929,1386,55.8,56.31,245.62,363.2,5.900859832763672,63.36787795693442,False,False,5.900859832763672,1.0
1771345762.460297,1387,55.78,56.27,245.62,363.2,15.368223190307617,62.53419575432432,False,False,15.368223190307617,1.0
1771345762.477188,1388,56.26,56.98,245.62,363.2,16.891002655029297,62.48925810930805,False,False,16.891002655029297,0.0
1771345762.506193,1390,53.23,54.13,245.62,363.2,29.004812240600586,63.15576844513945,False,False,29.004812240600586,0.0
1771345762.506222,1389,68.87,69.55,245.62,363.2,0.029087066650390625,61.71509060347451,False,True,0.029087066650390625,1.0
1771345762.525445,1391,56.56,57.0,245.62,363.2,19.22297477722168,62.325691287294816,False,False,19.22297477722168,1.0
1771345762.538092,1392,53.15,53.73,245.62,363.2,12.646913528442383,62.81266508178005,False,False,12.646913528442383,1.0
1771345762.567279,1393,66.18,66.68,245.62,363.2,29.18720245361328,63.12790645171398,False,False,29.18720245361328,1.0
1771345762.570146,1394,53.1,53.76,245.62,363.2,2.866983413696289,62.44060459085313,False,False,2.866983413696289,1.0
1771345762.601031,1395,68.01,68.52,251.17,343.3,30.884981155395508,62.01060824107024,False,False,30.884981155395508,0.0
1771345762.605374,1396,56.62,57.13,251.17,343.3,4.3430328369140625,63.82654718901551,False,False,4.3430328369140625,0.0
1771345762.621823,1397,56.75,57.15,251.17,343.3,16.448974609375,62.45861213144048,False,False,16.448974609375,0.0
1771345762.635402,1398,54.61,55.13,251.17,343.3,13.57889175415039,62.44100739987932,False,False,13.57889175415039,0.0
1771345762.664899,1399,68.44,69.04,251.17,343.3,29.497146606445312,62.637015384829816,False,False,29.497146606445312,0.0
1771345762.669717,1400,56.67,57.18,251.17,343.3,4.817962646484375,62.401711533759794,False,False,4.817962646484375,0.0
1771345762.686525,1401,57.98,58.58,251.17,343.3,16.808032989501953,62.386984465864415,False,False,16.808032989501953,0.0
1771345762.713992,1402,68.79,69.43,251.17,343.3,27.467012405395508,61.56567152823427,False,False,27.467012405395508,0.0
1771345762.720615,1403,59.76,60.54,251.17,343.3,6.622791290283203,62.8340068032782,False,False,6.622791290283203,0.0
1771345762.733669,1404,56.97,57.66,251.17,343.3,13.054132461547852,62.43852865751511,False,False,13.054132461547852,0.0
1771345762.761076,1405,68.34,68.84,251.17,343.3,27.406930923461914,61.757047655787574,False,False,27.406930923461914,0.0
1771345762.765487,1406,56.22,56.85,251.17,343.3,4.410982131958008,62.40268636442422,False,False,4.410982131958008,0.0
1771345762.783004,1407,58.13,58.77,251.17,343.3,17.51708984375,63.25730388678457,False,False,17.51708984375,0.0
1771345762.801768,1408,61.42,61.93,251.17,343.3,18.764019012451172,62.077292517174605,False,False,18.764019012451172,0.0
1771345762.811392,1409,54.89,55.38,251.17,343.3,9.624004364013672,62.67109845029522,False,False,9.624004364013672,0.0
1771345762.843585,1410,70.09,70.92,251.17,343.3,32.19294548034668,62.284659665636504,False,False,32.19294548034668,0.0
1771345762.845362,1411,56.57,57.04,251.17,343.3,1.7769336700439453,62.614931897139215,False,False,1.7769336700439453,1.0
1771345762.863395,1412,59.01,59.45,251.17,343.3,18.03302764892578,62.240864878554525,False,False,18.03302764892578,1.0
1771345762.883173,1413,61.28,62.55,251.17,343.3,19.778013229370117,62.65448124833815,False,False,19.778013229370117,1.0
1771345762.897396,1414,60.45,61.04,251.17,343.3,14.223098754882812,62.17345244683374,False,False,14.223098754882812,1.0
1771345762.91254,1415,58.97,60.09,251.17,343.3,15.143871307373047,62.31785099723869,False,False,15.143871307373047,1.0
1771345762.941179,1416,72.11,72.62,251.17,343.3,28.63907814025879,61.39049492072189,False,False,28.63907814025879,0.0
1771345762.944946,1417,59.99,60.63,251.17,343.3,3.7670135498046875,62.834524524387064,False,False,3.7670135498046875,0.0
1771345762.95947,1418,58.45,58.93,251.17,343.3,14.523983001708984,62.34154766464046,False,False,14.523983001708984,0.0
1771345762.975435,1419,58.02,58.75,251.17,343.3,15.964984893798828,62.303934711872614,False,False,15.964984893798828,0.0
1771345762.990728,1420,57.57,58.13,251.17,343.3,15.292882919311523,63.06669262929502,False,False,15.292882919311523,0.0
1771345763.012052,1421,62.88,63.5,251.17,343.3,21.32415771484375,62.035119133602485,False,False,21.32415771484375,0.0
1771345763.020804,1422,55.6,56.22,251.17,343.3,8.751869201660156,62.66246888766492,False,False,8.751869201660156,0.0
1771345763.048476,1423,67.3,67.86,251.17,343.3,27.67205238342285,62.09207287961836,False,False,27.67205238342285,0.0
1771345763.055577,1424,59.22,59.69,251.17,343.3,7.1010589599609375,63.07012245704029,False,False,7.1010589599609375,0.0
1771345763.06695,1425,54.45,54.94,251.17,343.3,11.373043060302734,62.726928076391495,False,False,11.373043060302734,0.0
1771345763.10185,1427,57.25,57.89,251.17,343.3,34.89995002746582,62.42868572636036,True,False,34.89995002746582,0.0
1771345763.103065,1426,74.01,74.49,251.17,343.3,1.2149810791015625,62.370954843148844,False,True,1.2149810791015625,1.0
1771345763.116331,1428,55.78,56.4,251.17,343.3,13.26608657836914,62.65892724158614,False,False,13.26608657836914,1.0
1771345763.133241,1429,56.62,57.17,251.17,343.3,16.90983772277832,62.316693641206264,False,False,16.90983772277832,1.0
1771345763.16319,1430,70.66,71.11,251.17,343.3,29.948949813842773,62.137791009043696,False,False,29.948949813842773,1.0
1771345763.163222,1431,54.79,55.14,251.17,343.3,0.03218650817871094,62.58957925710231,False,False,0.03218650817871094,1.0
1771345763.178679,1432,54.43,54.99,251.17,343.3,15.456914901733398,63.83141853802557,False,False,15.456914901733398,1.0
1771345763.208635,1433,67.72,68.22,251.17,343.3,29.95610237121582,61.8619176099491,False,False,29.95610237121582,1.0
1771345763.212828,1434,56.46,57.1,251.17,343.3,4.192829132080078,62.74844916794017,False,False,4.192829132080078,1.0
1771345763.228861,1435,55.71,56.5,251.17,343.3,16.033172607421875,62.44092993620143,False,False,16.033172607421875,1.0
1771345763.243237,1436,54.71,55.39,251.17,343.3,14.375925064086914,63.22337457310232,False,False,14.375925064086914,0.0
1771345763.263596,1437,58.68,59.25,251.17,343.3,20.359039306640625,62.27838628410784,False,False,20.359039306640625,0.0
1771345763.274084,1438,53.36,54.02,251.17,343.3,10.488033294677734,62.645248078510484,False,False,10.488033294677734,0.0
1771345763.302246,1439,65.74,66.23,251.17,343.3,28.162002563476562,62.43008691799463,False,False,28.162002563476562,0.0
1771345763.308204,1440,55.08,55.75,251.17,343.3,5.957841873168945,62.6531709707102,False,False,5.957841873168945,0.0
1771345763.324424,1441,56.1,56.71,251.17,343.3,16.2200927734375,62.470907234547056,False,False,16.2200927734375,0.0
1771345763.358985,1443,57.93,58.43,251.17,343.3,34.5609188079834,63.53484759237977,True,False,34.5609188079834,0.0
1771345763.359021,1442,74.12,74.73,251.17,343.3,0.03600120544433594,61.4519972574757,False,True,0.03600120544433594,1.0
1771345763.373717,1444,56.81,57.3,251.17,343.3,14.696121215820312,62.32484234176225,False,False,14.696121215820312,1.0
1771345763.397447,1445,64.42,64.92,251.17,343.3,23.730039596557617,62.603093956791476,False,False,23.730039596557617,1.0
1771345763.403461,1446,55.04,55.51,251.17,343.3,6.0138702392578125,62.595713086465814,False,False,6.0138702392578125,1.0
1771345763.440268,1448,59.85,60.38,251.17,343.3,36.80706024169922,62.24674427340513,True,False,36.80706024169922,1.0
1771345763.440301,1447,75.62,76.15,251.17,343.3,0.032901763916015625,61.25969678095885,False,True,0.032901763916015625,1.0
1771345763.454169,1449,57.42,57.94,251.17,343.3,13.868093490600586,62.23785518472875,False,False,13.868093490600586,1.0
1771345763.481344,1450,68.1,68.73,251.17,343.3,27.174949645996094,62.556276617021496,False,False,27.174949645996094,1.0
1771345763.486429,1451,58.07,58.7,251.17,343.3,5.084991455078125,62.43600364109194,False,False,5.084991455078125,1.0
1771345763.498926,1452,53.98,54.48,251.17,343.3,12.4969482421875,62.44574854281482,False,False,12.4969482421875,1.0
1771345763.532118,1453,71.29,71.8,251.17,343.3,33.19215774536133,62.1865421510378,False,False,33.19215774536133,0.0
1771345763.532149,1454,55.77,56.44,251.17,343.3,0.030994415283203125,62.36986834725632,False,False,0.030994415283203125,1.0
1771345763.548102,1455,55.54,56.07,251.17,343.3,15.952825546264648,63.35323362794832,False,False,15.952825546264648,1.0
1771345763.562961,1456,54.42,54.88,251.17,343.3,14.859199523925781,62.65749197480039,False,False,14.859199523925781,1.0
1771345763.580729,1457,55.96,56.48,251.17,343.3,17.767906188964844,62.57130943924367,False,False,17.767906188964844,1.0
1771345763.614446,1459,58.04,58.66,251.17,343.3,33.71691703796387,62.305680292849615,True,False,33.71691703796387,1.0
1771345763.617047,1458,76.14,76.76,251.17,343.3,2.601146697998047,61.965159237359394,False,True,2.601146697998047,0.0
1771345763.628733,1460,56.21,56.67,251.17,343.3,11.685848236083984,62.564138261596796,False,False,11.685848236083984,0.0
1771345763.658688,1461,70.63,71.05,251.17,343.3,29.955148696899414,61.71804763991684,False,False,29.955148696899414,0.0
1771345763.662583,1462,58.19,58.65,251.17,343.3,3.8950443267822266,63.25170741344049,False,False,3.8950443267822266,0.0
1771345763.677142,1463,56.08,56.9,251.17,343.3,14.558792114257812,62.726928076391495,False,False,14.558792114257812,0.0
1771345763.696981,1464,60.59,61.15,251.17,343.3,19.839048385620117,62.28512212706442,False,False,19.839048385620117,0.0
1771345763.708067,1465,54.59,55.61,251.17,343.3,11.085987091064453,63.358576906964004,False,False,11.085987091064453,0.0
1771345763.724225,1466,56.09,56.54,251.17,343.3,16.158103942871094,62.582263824657026,False,False,16.158103942871094,0.0
1771345763.761897,1468,61.24,61.74,251.17,343.3,37.67204284667969,62.31528615182274,True,False,37.67204284667969,0.0
1771345763.762063,1467,77.32,77.74,251.17,343.3,0.1659393310546875,61.439455937021215,False,True,0.1659393310546875,1.0
1771345763.772887,1469,56.04,56.68,251.17,343.3,10.823965072631836,62.40282562843403,False,False,10.823965072631836,1.0
1771345763.802155,1470,69.3,69.75,251.17,343.3,29.26802635192871,62.59323761470491,False,False,29.26802635192871,1.0
1771345763.805645,1471,56.27,56.99,251.17,343.3,3.489971160888672,62.48157828289411,False,False,3.489971160888672,1.0
1771345763.822403,1472,57.81,58.19,251.17,343.3,16.757965087890625,62.5646515450713,False,False,16.757965087890625,1.0
1771345763.835306,1473,54.77,55.28,251.17,343.3,12.902975082397461,63.0164102731039,False,False,12.902975082397461,0.0
1771345763.86522,1474,68.5,69.08,251.17,343.3,29.914140701293945,61.994743983516564,False,False,29.914140701293945,0.0
1771345763.866419,1475,54.07,54.61,251.17,343.3,1.1990070343017578,62.901051999083194,False,False,1.1990070343017578,1.0
1771345763.888869,1476,59.96,60.35,251.17,343.3,22.449970245361328,63.31184180734107,False,False,22.449970245361328,1.0
1771345763.901716,1477,56.63,57.21,251.17,343.3,12.846946716308594,62.711000093695866,False,False,12.846946716308594,1.0
1771345763.929512,1478,68.83,69.33,251.17,343.3,27.796030044555664,61.85299255207684,False,False,27.796030044555664,1.0
1771345763.934252,1479,56.98,57.66,251.17,343.3,4.739999771118164,62.57711291858652,False,False,4.739999771118164,1.0
1771345763.9506,1480,58.01,58.57,251.17,343.3,16.347885131835938,62.50833396464725,False,False,16.347885131835938,0.0
1771345763.98102,1481,72.61,73.15,251.17,343.3,30.42006492614746,61.921554983506994,False,False,30.42006492614746,0.0
1771345763.984461,1482,59.49,60.16,251.17,343.3,3.4410953521728516,62.2628084864658,False,False,3.4410953521728516,0.0
1771345763.996438,1483,55.48,56.03,251.17,343.3,11.976957321166992,63.29367327952604,False,False,11.976957321166992,0.0
1771345764.013554,1484,56.73,57.23,251.17,343.3,17.116069793701172,62.63198016349734,False,False,17.116069793701172,0.0
1771345764.030263,1485,56.92,57.57,251.17,343.3,16.708850860595703,62.28506046514391,False,False,16.708850860595703,0.0
1771345764.042962,1486,53.8,54.34,251.17,343.3,12.699127197265625,62.69179162518272,False,False,12.699127197265625,0.0
1771345764.069093,1487,64.02,64.56,251.17,343.3,26.13091468811035,63.14516926365098,False,False,26.13091468811035,0.0
1771345764.077697,1488,57.26,57.91,251.17,343.3,8.604049682617188,62.41119808464779,False,False,8.604049682617188,0.0
1771345764.098733,1489,61.5,62.22,251.17,343.3,21.03590965270996,62.1444811260068,False,False,21.03590965270996,0.0
1771345764.107083,1490,54.28,54.99,251.17,343.3,8.350133895874023,63.56651405982609,False,False,8.350133895874023,0.0
1771345764.131998,1491,63.27,63.75,251.17,343.3,24.914979934692383,61.93382243823494,False,False,24.914979934692383,0.0
1771345764.13936,1492,55.04,55.54,251.17,343.3,7.361888885498047,62.455697986890314,False,False,7.361888885498047,0.0
1771345764.157475,1493,57.11,57.63,251.17,343.3,18.11504364013672,63.23511460470993,False,False,18.11504364013672,0.0
1771345764.172959,1494,56.19,56.7,251.17,343.3,15.484094619750977,62.49146155951133,False,False,15.484094619750977,0.0
1771345764.188714,1495,56.37,56.71,251.17,343.3,15.754938125610352,62.509576083946136,False,False,15.754938125610352,0.0
1771345764.204164,1496,54.98,55.6,251.17,343.3,15.450000762939453,62.439706035599265,False,False,15.450000762939453,0.0
1771345764.223066,1497,57.96,58.44,251.17,343.3,18.902063369750977,62.53452207571536,False,False,18.902063369750977,0.0
1771345764.252155,1498,71.57,72.07,251.17,343.3,29.088973999023438,61.345241371543516,False,False,29.088973999023438,0.0
1771345764.254758,1499,58.01,58.9,251.17,343.3,2.602815628051758,62.99134645132416,False,False,2.602815628051758,0.0
1771345764.269746,1500,56.9,57.4,251.17,343.3,14.988183975219727,62.39976196379866,False,False,14.988183975219727,0.0
1771345764.298355,1501,69.61,70.14,251.17,343.3,28.609037399291992,61.60600230650804,False,False,28.609037399291992,0.0
1771345764.302498,1502,57.24,57.76,251.17,343.3,4.142999649047852,62.53224948520246,False,False,4.142999649047852,0.0
1771345764.316926,1503,56.03,56.67,251.17,343.3,14.427900314331055,63.68063279277306,False,False,14.427900314331055,0.0
1771345764.343556,1504,66.85,67.61,251.17,343.3,26.629924774169922,61.865947653755754,False,False,26.629924774169922,0.0
1771345764.350466,1505,58.15,58.75,251.17,343.3,6.910085678100586,62.95782776713296,False,False,6.910085678100586,0.0
1771345764.363602,1506,54.46,54.97,251.17,343.3,13.135910034179688,62.490825336102226,False,False,13.135910034179688,0.0
1771345764.394485,1507,69.45,70.06,251.17,343.3,30.883073806762695,61.83080227350637,False,False,30.883073806762695,0.0
1771345764.396405,1508,56.07,56.53,251.17,343.3,1.9199848175048828,63.80058805179105,False,False,1.9199848175048828,1.0
1771345764.411327,1509,54.98,55.57,251.17,343.3,14.921903610229492,62.68558522855639,False,False,14.921903610229492,1.0
1771345764.43766,1510,64.5,64.96,251.17,343.3,26.333093643188477,62.740768072439344,False,False,26.333093643188477,1.0
1771345764.44552,1511,56.87,57.47,251.17,343.3,7.859945297241211,62.55923916137319,False,False,7.859945297241211,1.0
1771345764.459997,1512,54.95,55.4,251.17,343.3,14.477014541625977,62.43035020381918,False,False,14.477014541625977,1.0
1771345764.492357,1513,71.11,71.86,251.17,343.3,32.360076904296875,62.48444830012608,False,False,32.360076904296875,0.0
1771345764.492595,1514,55.97,56.34,251.17,343.3,0.23794174194335938,62.470984772621996,False,False,0.23794174194335938,1.0
1771345764.506637,1515,53.24,53.89,251.17,343.3,14.042139053344727,62.59551068205357,False,False,14.042139053344727,1.0
1771345764.524497,1516,55.94,56.34,251.17,343.3,17.859935760498047,62.40016424603779,False,False,17.859935760498047,1.0
1771345764.539436,1517,54.36,54.89,251.17,343.3,14.939069747924805,62.58428707105428,False,False,14.939069747924805,1.0
1771345764.567994,1518,67.62,68.2,251.17,343.3,28.558015823364258,61.874166858567044,False,False,28.558015823364258,1.0
1771345764.570178,1519,53.75,54.37,251.17,343.3,2.1839141845703125,63.99959977197008,False,False,2.1839141845703125,0.0
1771345764.589814,1520,56.66,57.16,251.17,343.3,19.635915756225586,62.429699736992646,False,False,19.635915756225586,0.0
1771345764.603993,1521,54.71,55.4,251.17,343.3,14.178991317749023,63.471586644391174,False,False,14.178991317749023,0.0
1771345764.633978,1522,69.58,70.15,251.01,344.2,29.98495101928711,61.76685463236242,False,False,29.98495101928711,0.0
1771345764.63618,1523,55.33,55.83,251.01,344.2,2.2020339965820312,62.562691780752104,False,False,2.2020339965820312,0.0
1771345764.655137,1524,58.54,59.13,251.01,344.2,18.957138061523438,62.62027601287748,False,False,18.957138061523438,0.0
1771345764.667177,1525,54.49,54.98,251.01,344.2,12.039899826049805,62.55799506761337,False,False,12.039899826049805,0.0
1771345764.697835,1526,69.19,69.66,251.01,344.2,30.65800666809082,61.626323336964106,False,False,30.65800666809082,0.0
1771345764.699198,1527,54.26,54.85,251.01,344.2,1.3630390167236328,62.94670015834356,False,False,1.3630390167236328,1.0
1771345764.716504,1528,56.11,56.61,251.01,344.2,17.306089401245117,63.91175095223441,False,False,17.306089401245117,1.0
1771345764.744757,1529,67.56,68.31,251.01,344.2,28.252840042114258,61.736655481736214,False,False,28.252840042114258,1.0
1771345764.750004,1530,57.67,58.27,251.01,344.2,5.2471160888671875,63.30121967508031,False,False,5.2471160888671875,1.0
1771345764.764036,1531,55.14,55.64,251.01,344.2,14.03188705444336,62.60493165924628,False,False,14.03188705444336,1.0
1771345764.782504,1532,57.66,58.22,251.01,344.2,18.468141555786133,62.49341686375515,False,False,18.468141555786133,0.0
1771345764.806038,1533,64.86,65.5,251.01,344.2,23.53382110595703,61.809028268139,False,False,23.53382110595703,0.0
1771345764.810851,1534,54.73,55.16,251.01,344.2,4.813194274902344,63.44969472531329,False,False,4.813194274902344,0.0
1771345764.827271,1535,54.62,55.1,251.01,344.2,16.41988754272461,62.444586431370894,False,False,16.41988754272461,0.0
1771345764.855559,1536,66.37,66.93,251.01,344.2,28.28812599182129,62.0674632614083,False,False,28.28812599182129,0.0
1771345764.863336,1537,58.9,59.5,251.01,344.2,7.776975631713867,62.394702933831056,False,False,7.776975631713867,0.0
1771345764.883993,1538,63.33,63.97,251.01,344.2,20.656824111938477,62.86139497519972,False,False,20.656824111938477,0.0
1771345764.89543,1539,58.51,59.01,251.01,344.2,11.437177658081055,62.4233971057229,False,False,11.437177658081055,0.0
1771345764.926047,1540,73.38,74.16,251.01,344.2,30.61699867248535,61.51025023207657,False,False,30.61699867248535,0.0
1771345764.927145,1541,58.17,58.63,251.01,344.2,1.0979175567626953,63.4165655327573,False,False,1.0979175567626953,1.0
1771345764.93966,1542,55.22,55.72,251.01,344.2,12.515068054199219,62.81413590022951,False,False,12.515068054199219,1.0
1771345764.960236,1543,59.22,59.67,251.01,344.2,20.576000213623047,62.25370578622631,False,False,20.576000213623047,1.0
1771345764.972367,1544,55.72,56.33,251.01,344.2,12.130975723266602,62.577377445976715,False,False,12.130975723266602,1.0
1771345764.995944,1545,63.08,63.65,251.01,344.2,23.576974868774414,62.132314164666845,False,False,23.576974868774414,1.0
1771345765.002328,1546,54.09,54.58,251.01,344.2,6.3838958740234375,62.54131344138183,False,False,6.3838958740234375,0.0
1771345765.032387,1547,67.38,67.98,251.01,344.2,30.059099197387695,62.28627831068017,False,False,30.059099197387695,0.0
1771345765.035891,1548,54.88,55.36,251.01,344.2,3.504037857055664,62.61779859799446,False,False,3.504037857055664,0.0
1771345765.051365,1549,54.71,55.52,251.01,344.2,15.47384262084961,62.98340085713685,False,False,15.47384262084961,0.0
1771345765.07725,1550,64.1,64.8,251.01,344.2,25.88510513305664,61.84502755472547,False,False,25.88510513305664,0.0
1771345765.086485,1551,57.83,58.66,251.01,344.2,9.234905242919922,62.86100242593311,False,False,9.234905242919922,0.0
1771345765.11239,1552,67.69,68.27,251.01,344.2,25.905132293701172,61.66304680210449,False,False,25.905132293701172,0.0
1771345765.116918,1553,55.92,56.48,251.01,344.2,4.528045654296875,62.536278054051046,False,False,4.528045654296875,0.0
1771345765.131372,1554,54.89,55.52,251.01,344.2,14.453887939453125,62.60349886501446,False,False,14.453887939453125,0.0
1771345765.162419,1555,69.34,69.8,251.01,344.2,31.04710578918457,61.62030256989752,False,False,31.04710578918457,0.0
1771345765.163533,1556,55.03,55.45,251.01,344.2,1.1138916015625,62.5411113886207,False,False,1.1138916015625,1.0
1771345765.183149,1557,58.34,58.94,251.01,344.2,19.616127014160156,62.49459631277813,False,False,19.616127014160156,1.0
1771345765.196008,1558,54.98,55.48,251.01,344.2,12.858867645263672,63.56922769137967,False,False,12.858867645263672,1.0
1771345765.2282,1559,72.09,72.51,251.01,344.2,32.19199180603027,61.63694931460683,False,False,32.19199180603027,1.0
1771345765.228236,1560,56.0,56.58,251.01,344.2,0.03600120544433594,62.598469030629836,False,False,0.03600120544433594,1.0
1771345765.244109,1561,55.16,55.75,251.01,344.2,15.872955322265625,63.441457162095496,False,False,15.872955322265625,1.0
1771345765.27442,1562,69.8,70.27,251.01,344.2,30.311107635498047,61.733354004478315,False,False,30.311107635498047,1.0
1771345765.277283,1563,56.04,56.72,251.01,344.2,2.8629302978515625,62.47676965582919,False,False,2.8629302978515625,1.0
1771345765.292224,1564,55.45,55.87,251.01,344.2,14.940977096557617,63.24657288435643,False,False,14.940977096557617,1.0
1771345765.31666,1565,63.64,64.32,251.01,344.2,24.435997009277344,62.09933544905862,False,False,24.435997009277344,0.0
1771345765.325529,1566,57.11,57.58,251.01,344.2,8.869171142578125,62.37478421113291,False,False,8.869171142578125,0.0
1771345765.350539,1567,65.36,66.14,251.01,344.2,25.009870529174805,62.757963192344306,False,False,25.009870529174805,0.0
1771345765.357959,1568,57.1,57.56,251.01,344.2,7.420063018798828,62.39898835868635,False,False,7.420063018798828,0.0
1771345765.370654,1569,53.58,53.99,251.01,344.2,12.695074081420898,62.54383143914447,False,False,12.695074081420898,0.0
1771345765.398697,1570,65.58,66.03,251.01,344.2,28.04279327392578,62.432564990134914,False,False,28.04279327392578,0.0
1771345765.402269,1571,53.85,54.41,251.01,344.2,3.5719871520996094,62.71237530202627,False,False,3.5719871520996094,0.0
1771345765.422656,1572,57.98,58.49,251.01,344.2,20.38717269897461,62.327358374910375,False,False,20.38717269897461,0.0
1771345765.434507,1573,54.22,54.74,251.01,344.2,11.850833892822266,63.684135008476176,False,False,11.850833892822266,0.0
1771345765.47381,1574,77.17,77.84,251.01,344.2,39.30306434631348,61.148677905117076,True,False,39.30306434631348,0.0
1771345765.473854,1575,60.92,61.54,251.01,344.2,0.04410743713378906,62.03365113702863,False,False,0.04410743713378906,1.0
1771345765.484091,1576,55.3,55.85,251.01,344.2,10.236978530883789,62.52644273831261,False,False,10.236978530883789,1.0
1771345765.500467,1577,55.32,55.81,251.01,344.2,16.376018524169922,62.43295220667769,False,False,16.376018524169922,1.0
1771345765.528108,1578,67.7,68.27,251.01,344.2,27.640819549560547,62.49259437960034,False,False,27.640819549560547,1.0
1771345765.531855,1579,55.23,55.85,251.01,344.2,3.747224807739258,62.3910058742066,False,False,3.747224807739258,1.0
1771345765.546806,1580,54.02,54.56,251.01,344.2,14.950990676879883,62.69643908841142,False,False,14.950990676879883,0.0
1771345765.571257,1581,61.99,62.59,251.01,344.2,24.451017379760742,62.030623613507515,False,False,24.451017379760742,0.0
1771345765.580957,1582,56.37,56.87,251.01,344.2,9.699821472167969,63.3593744885972,False,False,9.699821472167969,0.0
1771345765.593814,1583,53.31,53.76,251.01,344.2,12.85696029663086,62.65441885292267,False,False,12.85696029663086,0.0
1771345765.623688,1584,67.32,67.75,251.01,344.2,29.874086380004883,61.948214317803014,False,False,29.874086380004883,0.0
1771345765.627722,1585,54.86,55.39,251.01,344.2,4.0340423583984375,62.464534262902916,False,False,4.0340423583984375,0.0
1771345765.641134,1586,52.64,53.14,251.01,344.2,13.411998748779297,63.606551576235766,False,False,13.411998748779297,0.0
1771345765.670229,1587,65.67,66.23,251.01,344.2,29.094934463500977,61.78999749312451,False,False,29.094934463500977,0.0
1771345765.679687,1588,58.26,59.16,251.01,344.2,9.458065032958984,62.293463026890386,False,False,9.458065032958984,0.0
1771345765.696774,1589,60.43,60.9,251.01,344.2,17.08698272705078,63.02408009518541,False,False,17.08698272705078,0.0
1771345765.723318,1590,70.38,71.08,251.01,344.2,26.54409408569336,61.64505710523898,False,False,26.54409408569336,0.0
1771345765.731336,1591,61.73,62.38,251.01,344.2,8.018016815185547,62.02831494317071,False,False,8.018016815185547,0.0
1771345765.74048,1592,56.18,56.71,251.01,344.2,9.143829345703125,62.632058101931236,False,False,9.143829345703125,0.0
1771345765.769349,1593,68.83,69.38,251.01,344.2,28.869152069091797,62.28516837358492,False,False,28.869152069091797,0.0
1771345765.774141,1594,57.27,57.7,251.01,344.2,4.791975021362305,62.28654038493381,False,False,4.791975021362305,0.0
1771345765.791159,1595,58.27,58.73,251.01,344.2,17.017841339111328,62.24790054711553,False,False,17.017841339111328,0.0
1771345765.805339,1596,56.02,56.66,251.01,344.2,14.180183410644531,63.17252500586144,False,False,14.180183410644531,0.0
1771345765.822771,1597,58.36,58.83,251.01,344.2,17.431974411010742,62.53680642081507,False,False,17.431974411010742,0.0
1771345765.855131,1598,74.22,74.8,251.01,344.2,32.35983848571777,61.78318629260973,False,False,32.35983848571777,0.0
1771345765.857449,1599,60.36,61.15,251.01,344.2,2.318143844604492,62.36883271375465,False,False,2.318143844604492,0.0
1771345765.875842,1600,62.63,63.31,251.01,344.2,18.39303970336914,63.171525974783926,False,False,18.39303970336914,0.0
1771345765.900317,1601,71.86,72.39,251.01,344.2,24.4748592376709,61.65405819374347,False,False,24.4748592376709,0.0
1771345765.905354,1602,60.11,60.88,251.01,344.2,5.037069320678711,62.1314858184867,False,False,5.037069320678711,0.0
1771345765.919784,1603,59.2,59.86,251.01,344.2,14.430046081542969,62.52944117182275,False,False,14.430046081542969,0.0
1771345765.943202,1604,66.85,67.43,251.01,344.2,23.417949676513672,61.80247088821965,False,False,23.417949676513672,0.0
1771345765.950384,1605,57.61,58.25,251.01,344.2,7.181882858276367,62.86409584705877,False,False,7.181882858276367,0.0
1771345765.978572,1606,69.67,70.14,251.01,344.2,28.187990188598633,61.460046538617085,False,False,28.187990188598633,0.0
1771345765.982456,1607,58.11,58.68,251.01,344.2,3.8840770721435547,63.15331109258552,False,False,3.8840770721435547,0.0
1771345765.995831,1608,55.02,55.49,251.01,344.2,13.375043869018555,62.50390931579523,False,False,13.375043869018555,0.0
1771345766.024512,1609,67.71,68.2,251.01,344.2,28.681039810180664,61.65562912284785,False,False,28.681039810180664,0.0
1771345766.028146,1610,56.04,56.5,251.01,344.2,3.6339759826660156,63.09838135949555,False,False,3.6339759826660156,0.0
1771345766.044096,1611,54.87,55.39,251.01,344.2,15.94996452331543,62.65591637719494,False,False,15.94996452331543,0.0
1771345766.062389,1612,57.9,58.39,251.01,344.2,18.292903900146484,63.1579708195385,False,False,18.292903900146484,0.0
1771345766.076819,1613,55.29,56.18,251.01,344.2,14.430046081542969,62.50645535300026,False,False,14.430046081542969,0.0
1771345766.103969,1614,67.19,67.71,251.01,344.2,27.15015411376953,61.690497155441726,False,False,27.15015411376953,0.0
1771345766.109609,1615,55.82,57.29,251.01,344.2,5.639791488647461,63.345276205559706,False,False,5.639791488647461,0.0
1771345766.12576,1616,56.73,57.26,251.01,344.2,16.15118980407715,62.35534170673854,False,False,16.15118980407715,0.0
1771345766.140554,1617,56.02,56.55,251.01,344.2,14.793872833251953,62.669412923994564,False,False,14.793872833251953,0.0
1771345766.157942,1618,57.5,58.0,251.01,344.2,17.388105392456055,62.37433587696957,False,False,17.388105392456055,0.0
1771345766.180359,1619,63.78,64.57,251.01,344.2,22.41683006286621,63.01469034295496,False,False,22.41683006286621,0.0
1771345766.189636,1620,57.26,57.74,251.01,344.2,9.277105331420898,62.40898481402161,False,False,9.277105331420898,0.0
1771345766.215657,1621,66.05,66.94,251.01,344.2,26.02100372314453,61.757108276678494,False,False,26.02100372314453,0.0
1771345766.222667,1622,58.12,58.57,251.01,344.2,7.009983062744141,63.27465606768117,False,False,7.009983062744141,0.0
1771345766.236888,1623,56.17,56.66,251.01,344.2,14.220952987670898,62.525728128202736,False,False,14.220952987670898,0.0
1771345766.266132,1624,69.89,70.39,251.01,344.2,29.244184494018555,61.60745013240333,False,False,29.244184494018555,0.0
1771345766.2688,1625,56.23,56.77,251.01,344.2,2.6679039001464844,63.01593688846933,False,False,2.6679039001464844,0.0
1771345766.287095,1626,58.56,59.09,251.01,344.2,18.2950496673584,62.39821477275545,False,False,18.2950496673584,0.0
1771345766.318541,1627,73.84,74.47,251.01,344.2,31.445980072021484,61.98333782830205,False,False,31.445980072021484,0.0
1771345766.320356,1628,59.09,59.76,251.01,344.2,1.8148422241210938,62.344343052357374,False,False,1.8148422241210938,1.0
1771345766.33106,1629,54.27,55.02,251.01,344.2,10.70404052734375,62.47359016382862,False,False,10.70404052734375,1.0
1771345766.350924,1630,58.03,58.59,251.01,344.2,19.86408233642578,63.010177945031586,False,False,19.86408233642578,1.0
1771345766.373979,1631,65.72,66.28,251.01,344.2,23.055076599121094,61.74680443453409,False,False,23.055076599121094,1.0
1771345766.380865,1632,56.55,57.06,251.01,344.2,6.886005401611328,62.61681703499858,False,False,6.886005401611328,1.0
1771345766.39576,1633,55.03,55.56,251.01,344.2,14.894962310791016,62.418520021390016,False,False,14.894962310791016,0.0
1771345766.423718,1634,67.75,68.07,251.01,344.2,27.957916259765625,63.1640104683421,False,False,27.957916259765625,0.0
1771345766.428376,1635,55.92,56.44,251.01,344.2,4.657983779907227,62.8586943354094,False,False,4.657983779907227,0.0
1771345766.442156,1636,53.55,54.11,251.01,344.2,13.78011703491211,62.626228842409546,False,False,13.78011703491211,0.0
1771345766.471952,1637,67.44,68.06,251.01,344.2,29.79588508605957,61.76112467583527,False,False,29.79588508605957,0.0
1771345766.478451,1638,57.46,58.03,251.01,344.2,6.499052047729492,63.13509087241735,False,False,6.499052047729492,0.0
1771345766.493778,1639,56.49,57.02,251.01,344.2,15.326976776123047,62.375062490751866,False,False,15.326976776123047,0.0
1771345766.518835,1640,63.84,66.42,251.01,344.2,25.057077407836914,61.726555285339536,False,False,25.057077407836914,0.0
1771345766.527342,1641,58.56,59.12,251.01,344.2,8.507013320922852,62.75592870122548,False,False,8.507013320922852,0.0
1771345766.541387,1642,56.17,56.77,251.01,344.2,14.045000076293945,62.47200829325061,False,False,14.045000076293945,0.0
1771345766.562999,1643,62.45,63.06,251.01,344.2,21.611928939819336,61.907678047318896,False,False,21.611928939819336,0.0
1771345766.572086,1644,55.11,55.7,251.01,344.2,9.087085723876953,63.26457124038745,False,False,9.087085723876953,0.0
1771345766.590331,1645,57.37,57.83,251.01,344.2,18.24498176574707,62.33060018947486,False,False,18.24498176574707,0.0
1771345766.604178,1646,55.05,55.66,251.01,344.2,13.846874237060547,62.3024539654034,False,False,13.846874237060547,0.0
1771345766.621421,1647,56.88,57.35,251.01,344.2,17.243146896362305,63.07873818581312,False,False,17.243146896362305,0.0
1771345766.644302,1648,63.55,64.01,251.01,344.2,22.88079261779785,62.2009902399671,False,False,22.88079261779785,0.0
1771345766.654301,1649,57.24,57.66,251.01,344.2,9.99903678894043,62.66142351435787,False,False,9.99903678894043,0.0
1771345766.676084,1650,63.21,63.73,245.51,342.1,21.783113479614258,62.97454325244796,False,False,21.783113479614258,0.0
1771345766.686294,1651,57.04,57.71,245.51,342.1,10.210037231445312,62.82999083233967,False,False,10.210037231445312,0.0
1771345766.708645,1652,64.1,64.57,245.51,342.1,22.35102653503418,61.972897318470174,False,False,22.35102653503418,0.0
1771345766.721148,1653,59.82,60.68,245.51,342.1,12.502908706665039,63.03852525992364,False,False,12.502908706665039,0.0
1771345766.739725,1654,63.29,63.76,245.51,342.1,18.577098846435547,62.13855815116867,False,False,18.577098846435547,0.0
1771345766.750677,1655,57.97,58.88,245.51,342.1,10.951995849609375,62.53138331588608,False,False,10.951995849609375,0.0
1771345766.765938,1656,56.99,57.43,245.51,342.1,15.260934829711914,62.46103045784558,False,False,15.260934829711914,0.0
1771345766.791093,1657,66.68,67.21,245.51,342.1,25.155067443847656,61.962856988794854,False,False,25.155067443847656,0.0
1771345766.795796,1658,55.78,56.13,245.51,342.1,4.70280647277832,63.78466252770607,False,False,4.70280647277832,0.0
1771345766.811352,1659,54.84,55.32,245.51,342.1,15.556097030639648,62.89947984970603,False,False,15.556097030639648,0.0
1771345766.828117,1660,55.6,56.07,245.51,342.1,16.76487922668457,63.00702280596776,False,False,16.76487922668457,0.0
1771345766.862314,1661,73.94,74.5,245.51,342.1,34.197092056274414,62.370254786478405,True,False,34.197092056274414,0.0
1771345766.864116,1662,59.58,60.13,245.51,342.1,1.8019676208496094,62.5807075702894,False,False,1.8019676208496094,1.0
1771345766.873832,1663,53.06,53.58,245.51,342.1,9.716033935546875,62.889922872714614,False,False,9.716033935546875,1.0
1771345766.896219,1664,59.54,59.99,245.51,342.1,22.387027740478516,62.95795376963572,False,False,22.387027740478516,1.0
1771345766.925943,1666,57.22,57.69,245.51,342.1,29.7238826751709,62.52825327588823,False,False,29.7238826751709,1.0
1771345766.925978,1665,72.3,73.46,245.51,342.1,0.03504753112792969,62.27530400439489,False,True,0.03504753112792969,1.0
1771345766.940532,1667,55.88,56.39,245.51,342.1,14.554023742675781,62.625511949596635,False,False,14.554023742675781,1.0
1771345766.971486,1668,70.64,71.13,245.51,342.1,30.95412254333496,61.49714309732139,False,False,30.95412254333496,1.0
1771345766.972299,1669,55.13,55.67,245.51,342.1,0.8130073547363281,63.305359812462285,False,False,0.8130073547363281,1.0
1771345766.988222,1670,55.68,56.1,245.51,342.1,15.922784805297852,62.49506189701628,False,False,15.922784805297852,1.0
1771345767.013135,1671,63.7,64.48,245.51,342.1,24.91307258605957,61.9170149717895,False,False,24.91307258605957,1.0
1771345767.022092,1672,57.29,57.91,245.51,342.1,8.957147598266602,62.51932843546311,False,False,8.957147598266602,1.0
1771345767.034693,1673,53.69,54.17,245.51,342.1,12.600898742675781,62.638714759876194,False,False,12.600898742675781,1.0
1771345767.06046,1674,63.6,64.1,245.51,342.1,25.767087936401367,62.729289044806166,False,False,25.767087936401367,0.0
1771345767.069025,1675,55.68,56.35,245.51,342.1,8.564949035644531,62.538034131005745,False,False,8.564949035644531,0.0
1771345767.084948,1676,56.46,57.0,245.51,342.1,15.923023223876953,62.55291034881831,False,False,15.923023223876953,0.0
1771345767.100786,1677,56.27,56.77,245.51,342.1,15.837907791137695,62.48489821862419,False,False,15.837907791137695,0.0
1771345767.124803,1678,64.04,64.46,245.51,342.1,24.0170955657959,62.056489406849145,False,False,24.0170955657959,0.0
1771345767.13172,1679,54.91,55.53,245.51,342.1,6.916999816894531,63.06753029472987,False,False,6.916999816894531,0.0
1771345767.149435,1680,56.73,57.26,245.51,342.1,17.714977264404297,62.51308533769002,False,False,17.714977264404297,0.0
1771345767.174938,1681,66.49,67.04,245.51,342.1,25.502920150756836,62.54684708598151,False,False,25.502920150756836,0.0
1771345767.183526,1682,58.43,59.1,245.51,342.1,8.588075637817383,62.44412159890425,False,False,8.588075637817383,0.0
1771345767.196569,1683,56.14,56.68,245.51,342.1,13.042926788330078,62.52077291181493,False,False,13.042926788330078,0.0
1771345767.228497,1685,56.04,56.64,245.51,342.1,31.928062438964844,63.385519606208526,False,False,31.928062438964844,0.0
1771345767.228529,1684,71.46,71.9,245.51,342.1,0.031948089599609375,61.47569021176804,False,True,0.031948089599609375,1.0
1771345767.242178,1686,53.58,53.94,245.51,342.1,13.64898681640625,62.82177224239798,False,False,13.64898681640625,1.0
1771345767.261192,1687,56.84,57.37,245.51,342.1,19.01412010192871,63.650277646749366,False,False,19.01412010192871,1.0
1771345767.289256,1688,68.23,68.94,245.51,342.1,28.06401252746582,61.92588232572858,False,False,28.06401252746582,1.0
1771345767.293558,1689,56.38,56.85,245.51,342.1,4.301786422729492,62.33779513496254,False,False,4.301786422729492,1.0
1771345767.307241,1690,53.91,54.83,245.51,342.1,13.683080673217773,62.74070550504552,False,False,13.683080673217773,0.0
1771345767.325868,1691,56.99,57.48,245.51,342.1,18.626928329467773,63.032572734301795,False,False,18.626928329467773,0.0
1771345767.33958,1692,54.95,55.6,245.51,342.1,13.712167739868164,62.5837734653489,False,False,13.712167739868164,0.0
1771345767.356027,1693,55.83,56.35,245.51,342.1,16.446828842163086,62.48263317750222,False,False,16.446828842163086,0.0
1771345767.385266,1694,68.22,68.91,245.51,342.1,29.239177703857422,62.39937515884479,False,False,29.239177703857422,0.0
1771345767.3914,1695,58.86,59.33,245.51,342.1,6.134033203125,62.30373419000123,False,False,6.134033203125,0.0
1771345767.405597,1696,57.34,57.92,245.51,342.1,14.19687271118164,62.2767834605802,False,False,14.19687271118164,0.0
1771345767.421497,1697,56.85,57.31,245.51,342.1,15.900135040283203,63.188148887646285,False,False,15.900135040283203,0.0
1771345767.449891,1698,67.77,69.23,245.51,342.1,28.393983840942383,61.76397436259285,False,False,28.393983840942383,0.0
1771345767.45752,1699,60.37,60.96,245.51,342.1,7.628917694091797,62.257324984470195,False,False,7.628917694091797,0.0
1771345767.472746,1700,59.56,60.08,245.51,342.1,15.225887298583984,62.8989610576577,False,False,15.225887298583984,0.0
1771345767.502594,1701,73.41,73.95,245.51,342.1,29.848098754882812,61.52256580669908,False,False,29.848098754882812,0.0
1771345767.503268,1702,58.54,59.07,245.51,342.1,0.6740093231201172,62.377783577866566,False,False,0.6740093231201172,1.0
1771345767.52113,1703,59.77,60.91,245.51,342.1,17.86208152770996,62.62191214904946,False,False,17.86208152770996,1.0
1771345767.534319,1704,57.84,58.38,245.51,342.1,13.188838958740234,62.35497090237932,False,False,13.188838958740234,1.0
1771345767.56782,1705,74.81,75.34,245.51,342.1,33.50114822387695,61.381765249082534,True,False,33.50114822387695,1.0
1771345767.56903,1706,60.11,60.57,245.51,342.1,1.2099742889404297,62.18569699198124,False,False,1.2099742889404297,1.0
1771345767.578258,1707,53.38,53.9,245.51,342.1,9.227991104125977,62.706609207216566,False,False,9.227991104125977,1.0
1771345767.607073,1708,66.11,66.57,245.51,342.1,28.815031051635742,62.320104106949834,False,False,28.815031051635742,1.0
1771345767.612402,1709,56.18,56.74,245.51,342.1,5.328893661499023,62.62387562531619,False,False,5.328893661499023,1.0
1771345767.626821,1710,54.21,54.64,245.51,342.1,14.419078826904297,63.10893552140593,False,False,14.419078826904297,1.0
1771345767.651473,1711,62.93,63.44,245.51,342.1,24.65200424194336,62.16463690272399,False,False,24.65200424194336,0.0
1771345767.659306,1712,54.34,54.88,245.51,342.1,7.833003997802734,63.113984412246595,False,False,7.833003997802734,0.0
1771345767.673339,1713,52.18,52.79,245.51,342.1,14.032840728759766,63.01257606206454,False,False,14.032840728759766,0.0
1771345767.704702,1714,68.23,68.69,245.51,342.1,31.36301040649414,62.177661445380075,False,False,31.36301040649414,0.0
1771345767.707082,1715,53.93,54.49,245.51,342.1,2.3801326751708984,62.73493419965284,False,False,2.3801326751708984,0.0
1771345767.726242,1716,57.35,57.82,245.51,342.1,19.160032272338867,62.48021317803956,False,False,19.160032272338867,0.0
1771345767.749675,1717,64.49,65.17,245.51,342.1,23.43297004699707,62.59245920493142,False,False,23.43297004699707,0.0
1771345767.758871,1718,57.69,58.26,245.51,342.1,9.196043014526367,62.30043347700047,False,False,9.196043014526367,0.0
1771345767.771858,1719,55.03,55.61,245.51,342.1,12.986898422241211,62.46707709324256,False,False,12.986898422241211,0.0
1771345767.798414,1720,65.44,66.01,245.51,342.1,26.556015014648438,61.83673033114555,False,False,26.556015014648438,0.0
1771345767.806052,1721,56.52,57.31,245.51,342.1,7.637977600097656,63.576968434115045,False,False,7.637977600097656,0.0
1771345767.821183,1722,56.63,57.17,245.51,342.1,15.130996704101562,62.69153486471876,False,False,15.130996704101562,0.0
1771345767.83815,1723,57.63,58.1,245.51,342.1,16.967058181762695,62.2201366103263,False,False,16.967058181762695,0.0
1771345767.869729,1724,72.87,73.52,245.51,342.1,31.579017639160156,61.63264716348489,False,False,31.579017639160156,0.0
1771345767.871375,1725,58.63,59.16,245.51,342.1,1.6460418701171875,62.405321995344764,False,False,1.6460418701171875,1.0
1771345767.888166,1726,59.13,59.59,245.51,342.1,16.79086685180664,63.39717358213885,False,False,16.79086685180664,1.0
1771345767.912875,1727,67.97,68.56,245.51,342.1,24.708986282348633,61.70662202063506,False,False,24.708986282348633,1.0
1771345767.921711,1728,61.01,61.59,245.51,342.1,8.836030960083008,63.14294804307179,False,False,8.836030960083008,1.0
1771345767.933759,1729,56.63,57.26,245.51,342.1,12.048006057739258,62.405100361920375,False,False,12.048006057739258,1.0
1771345767.951714,1730,59.02,59.48,245.51,342.1,17.95506477355957,62.273470192733356,False,False,17.95506477355957,0.0
1771345767.968229,1731,58.88,59.74,245.51,342.1,16.515016555786133,62.821035183870016,False,False,16.515016555786133,0.0
1771345767.983275,1732,58.89,59.58,245.51,342.1,15.045881271362305,62.423087426916034,False,False,15.045881271362305,0.0
1771345768.005699,1733,65.24,65.78,245.51,342.1,22.423982620239258,61.791590529511915,False,False,22.423982620239258,0.0
1771345768.009446,1734,53.32,53.75,245.51,342.1,3.7469863891601562,63.225391832597005,False,False,3.7469863891601562,0.0
1771345768.038662,1735,65.75,66.3,245.51,342.1,29.21605110168457,61.87883210817339,False,False,29.21605110168457,0.0
1771345768.041871,1736,53.48,53.87,245.51,342.1,3.2091140747070312,62.70096914859531,False,False,3.2091140747070312,0.0
1771345768.060086,1737,55.33,55.83,245.51,342.1,18.214941024780273,62.54560348504174,False,False,18.214941024780273,0.0
1771345768.090365,1738,69.52,69.95,245.51,342.1,30.278921127319336,62.13998508590421,False,False,30.278921127319336,0.0
1771345768.093966,1739,56.77,57.29,245.51,342.1,3.60107421875,62.354121159022704,False,False,3.60107421875,0.0
1771345768.107036,1740,54.14,54.93,245.51,342.1,13.070106506347656,62.65657156657463,False,False,13.070106506347656,0.0
1771345768.13544,1741,66.66,67.21,245.51,342.1,28.40399742126465,62.46732518533559,False,False,28.40399742126465,0.0
1771345768.140108,1742,54.72,55.38,245.51,342.1,4.667997360229492,62.723316607663236,False,False,4.667997360229492,0.0
1771345768.157933,1743,57.23,57.79,245.51,342.1,17.824888229370117,62.411321908620316,False,False,17.824888229370117,0.0
1771345768.172519,1744,55.81,56.31,245.51,342.1,14.58597183227539,62.49854742310611,False,False,14.58597183227539,0.0
1771345768.201845,1745,69.42,70.01,245.51,342.1,29.32596206665039,62.67235190818696,False,False,29.32596206665039,0.0
1771345768.202842,1746,54.03,54.55,245.51,342.1,0.9970664978027344,62.45679850952407,False,False,0.9970664978027344,1.0
1771345768.221396,1747,56.75,57.32,245.51,342.1,18.553972244262695,62.48672898829936,False,False,18.553972244262695,1.0
1771345768.235596,1748,54.55,54.98,245.51,342.1,14.199972152709961,63.40217024077927,False,False,14.199972152709961,1.0
1771345768.264319,1749,67.56,68.2,245.51,342.1,28.72300148010254,61.807176274484135,False,False,28.72300148010254,1.0
1771345768.267606,1750,55.04,55.57,245.51,342.1,3.287076950073242,62.47624230306229,False,False,3.287076950073242,1.0
1771345768.283009,1751,54.38,55.02,245.51,342.1,15.403032302856445,62.686678252881215,False,False,15.403032302856445,0.0
1771345768.30626,1752,61.98,62.54,245.51,342.1,23.251056671142578,62.06810620167466,False,False,23.251056671142578,0.0
1771345768.316499,1753,55.92,56.65,245.51,342.1,10.238885879516602,62.46927897943459,False,False,10.238885879516602,0.0
1771345768.340783,1754,63.53,64.07,245.51,342.1,24.28412437438965,62.79322778561125,False,False,24.28412437438965,0.0
1771345768.350144,1755,57.47,58.11,245.51,342.1,9.360790252685547,62.5818903165498,False,False,9.360790252685547,0.0
1771345768.378342,1756,69.51,70.0,245.51,342.1,28.1980037689209,61.68112259153703,False,False,28.1980037689209,0.0
1771345768.380502,1757,56.3,56.8,245.51,342.1,2.1600723266601562,62.56485374996457,False,False,2.1600723266601562,0.0
1771345768.397696,1758,56.91,57.43,245.51,342.1,17.194032669067383,63.30416548648658,False,False,17.194032669067383,0.0
1771345768.416649,1759,59.46,60.04,245.51,342.1,18.95308494567871,62.556751023334286,False,False,18.95308494567871,0.0
1771345768.428726,1760,56.28,56.71,245.51,342.1,12.076854705810547,62.762815203541635,False,False,12.076854705810547,0.0
1771345768.463183,1762,58.88,59.41,245.51,342.1,34.45696830749512,63.50270960401608,True,False,34.45696830749512,0.0
1771345768.463214,1761,74.2,75.54,245.51,342.1,0.030994415283203125,61.46179586494317,False,True,0.030994415283203125,1.0
1771345768.473352,1763,52.5,53.52,245.51,342.1,10.13803482055664,63.01052502962011,False,False,10.13803482055664,1.0
1771345768.503867,1764,67.48,67.98,245.51,342.1,30.514955520629883,61.88450783816077,False,False,30.514955520629883,1.0
1771345768.508347,1765,55.51,56.18,245.51,342.1,4.480123519897461,63.79402442066326,False,False,4.480123519897461,1.0
1771345768.526647,1766,57.85,58.28,245.51,342.1,18.30005645751953,62.655526390022054,False,False,18.30005645751953,1.0
1771345768.551098,1767,65.39,66.58,245.51,342.1,24.451017379760742,61.67509111268122,False,False,24.451017379760742,0.0
1771345768.560816,1768,59.98,60.58,245.51,342.1,9.717941284179688,62.9100304778056,False,False,9.717941284179688,0.0
1771345768.572689,1769,55.59,56.15,245.51,342.1,11.873006820678711,62.481314564807626,False,False,11.873006820678711,0.0
1771345768.596125,1770,63.81,64.3,245.51,342.1,23.43583106994629,61.9000948210023,False,False,23.43583106994629,0.0
1771345768.604294,1771,55.52,56.13,245.51,342.1,8.169174194335938,62.97090321565221,False,False,8.169174194335938,0.0
1771345768.631623,1772,67.1,67.64,245.51,342.1,27.328968048095703,61.708271285836645,False,False,27.328968048095703,0.0
1771345768.637296,1773,56.87,57.38,245.51,342.1,5.672931671142578,62.243435715259146,False,False,5.672931671142578,0.0
1771345768.652247,1774,55.45,56.16,245.51,342.1,14.950990676879883,63.32152745696592,False,False,14.950990676879883,0.0
1771345768.681332,1775,68.21,68.83,245.51,342.1,29.085159301757812,61.585830314506936,False,False,29.085159301757812,0.0
1771345768.686472,1776,57.53,58.13,245.51,342.1,5.139827728271484,62.48503784982034,False,False,5.139827728271484,0.0
1771345768.700894,1777,55.86,56.4,180.57,342.9,14.422178268432617,63.0769516119249,False,False,14.422178268432617,0.0
1771345768.730352,1778,69.22,69.68,180.57,342.9,29.457807540893555,61.76138234946202,False,False,29.457807540893555,0.0
1771345768.732508,1779,55.9,56.57,180.57,342.9,2.1560192108154297,62.45771305783844,False,False,2.1560192108154297,0.0
1771345768.749537,1780,57.17,57.71,180.57,342.9,17.0290470123291,63.08332366162576,False,False,17.0290470123291,0.0
1771345768.773626,1781,65.0,65.56,180.57,342.9,24.08909797668457,62.010753271074094,False,False,24.08909797668457,0.0
1771345768.779752,1782,54.76,55.25,180.57,342.9,6.125926971435547,62.59329988832318,False,False,6.125926971435547,0.0
1771345768.796109,1783,54.88,55.48,180.57,342.9,16.356945037841797,62.633164848626336,False,False,16.356945037841797,0.0
1771345768.824704,1784,68.37,68.78,180.57,342.9,28.594970703125,62.8288771188292,False,False,28.594970703125,0.0
1771345768.829006,1785,56.26,56.84,180.57,342.9,4.302024841308594,62.654621638477366,False,False,4.302024841308594,0.0
1771345768.841523,1786,53.43,53.85,180.57,342.9,12.516975402832031,62.93550178822003,False,False,12.516975402832031,0.0
1771345768.873509,1787,68.78,69.26,180.57,342.9,31.985998153686523,62.45875164518138,False,False,31.985998153686523,0.0
1771345768.876256,1788,55.51,56.55,180.57,342.9,2.747058868408203,62.85717140250951,False,False,2.747058868408203,0.0
1771345768.894183,1789,57.55,58.01,180.57,342.9,17.926931381225586,62.47241150755528,False,False,17.926931381225586,0.0
1771345768.910661,1790,56.81,57.93,180.57,342.9,16.47806167602539,62.568633666615696,False,False,16.47806167602539,0.0
1771345768.937422,1791,68.97,69.5,180.57,342.9,26.76105499267578,61.90717548688959,False,False,26.76105499267578,0.0
1771345768.939706,1792,54.6,55.21,180.57,342.9,2.2840499877929688,62.7332139617401,False,False,2.2840499877929688,0.0
1771345768.958255,1793,57.42,57.9,180.57,342.9,18.548965454101562,62.98841391531571,False,False,18.548965454101562,0.0
1771345768.983967,1794,67.35,68.12,180.57,342.9,25.712013244628906,61.568699023691615,False,False,25.712013244628906,0.0
1771345768.988983,1795,55.72,56.28,180.57,342.9,5.015850067138672,63.13656394296445,False,False,5.015850067138672,0.0
1771345769.002111,1796,53.68,54.17,180.57,342.9,13.128042221069336,62.48438624291068,False,False,13.128042221069336,0.0
1771345769.032323,1797,67.5,67.98,180.57,342.9,30.211925506591797,61.71335581409549,False,False,30.211925506591797,0.0
1771345769.037792,1798,57.53,58.13,180.57,342.9,5.469083786010742,63.329415166401304,False,False,5.469083786010742,0.0
1771345769.056564,1799,60.16,60.71,180.57,342.9,18.772125244140625,62.331310346262434,False,False,18.772125244140625,0.0
1771345769.0708,1800,57.93,58.45,180.57,342.9,14.235973358154297,62.255908056736736,False,False,14.235973358154297,0.0
1771345769.101087,1802,56.52,57.07,180.57,342.9,30.28702735900879,63.17008298567706,False,False,30.28702735900879,0.0
1771345769.101121,1801,72.2,72.82,180.57,342.9,0.033855438232421875,61.39356055155578,False,True,0.033855438232421875,1.0
1771345769.116755,1803,55.5,56.06,180.57,342.9,15.63405990600586,62.5767861525451,False,False,15.63405990600586,1.0
1771345769.130734,1804,54.19,54.77,180.57,342.9,13.978958129882812,62.61642753440183,False,False,13.978958129882812,1.0
1771345769.158215,1805,65.16,65.83,180.57,342.9,27.4810791015625,62.73721757023334,False,False,27.4810791015625,1.0
1771345769.167577,1806,58.16,58.73,180.57,342.9,9.361982345581055,62.193242770349485,False,False,9.361982345581055,1.0
1771345769.1968,1807,71.62,72.17,180.57,342.9,29.222965240478516,61.51297156465641,False,False,29.222965240478516,0.0
1771345769.198277,1808,57.95,58.41,180.57,342.9,1.4770030975341797,62.32593825761056,False,False,1.4770030975341797,1.0
1771345769.213362,1809,57.12,57.59,180.57,342.9,15.084981918334961,63.22157979688864,False,False,15.084981918334961,1.0
1771345769.242164,1810,69.95,70.5,180.57,342.9,28.801918029785156,61.56637942338668,False,False,28.801918029785156,1.0
1771345769.247266,1811,58.51,59.07,180.57,342.9,5.1021575927734375,62.22407499579046,False,False,5.1021575927734375,1.0
1771345769.260897,1812,55.99,56.48,180.57,342.9,13.630867004394531,62.85112749957106,False,False,13.630867004394531,1.0
1771345769.291112,1813,69.85,70.55,180.57,342.9,30.215024948120117,61.56290035062673,False,False,30.215024948120117,0.0
1771345769.294662,1814,58.31,58.73,180.57,342.9,3.5500526428222656,62.90106772097385,False,False,3.5500526428222656,0.0
1771345769.306958,1815,53.9,54.59,180.57,342.9,12.295961380004883,62.70810922739611,False,False,12.295961380004883,0.0
1771345769.32626,1816,57.81,58.25,180.57,342.9,19.3021297454834,63.29660246834833,False,False,19.3021297454834,0.0
1771345769.35793,1817,73.13,73.72,180.57,342.9,31.66985511779785,61.385598212521614,False,False,31.66985511779785,0.0
1771345769.358817,1818,58.55,59.0,180.57,342.9,0.8871555328369141,62.42709800522619,False,False,0.8871555328369141,1.0
1771345769.37421,1819,57.54,58.07,180.57,342.9,15.392780303955078,62.659208062343936,False,False,15.392780303955078,1.0
1771345769.39229,1820,59.44,59.88,180.57,342.9,18.08023452758789,62.268816802553324,False,False,18.08023452758789,1.0
1771345769.411065,1821,61.39,62.37,180.57,342.9,18.774986267089844,62.24402307414079,False,False,18.774986267089844,1.0
1771345769.421147,1822,56.84,57.22,180.57,342.9,10.082006454467773,63.67876256607057,False,False,10.082006454467773,1.0
1771345769.45202,1823,71.12,71.72,180.57,342.9,30.872821807861328,61.30781998089568,False,False,30.872821807861328,0.0
1771345769.453326,1824,56.44,56.9,180.57,342.9,1.3060569763183594,63.19387693605737,False,False,1.3060569763183594,1.0
1771345769.468561,1825,55.91,56.41,180.57,342.9,15.234947204589844,62.48607734611833,False,False,15.234947204589844,1.0
1771345769.485946,1826,56.54,57.66,180.57,342.9,17.385005950927734,62.54568120865167,False,False,17.385005950927734,1.0
1771345769.512897,1827,67.63,68.32,180.57,342.9,26.951074600219727,62.38310275188104,False,False,26.951074600219727,1.0
1771345769.517221,1828,56.26,56.83,180.57,342.9,4.3239593505859375,62.73493419965284,False,False,4.3239593505859375,1.0
1771345769.530703,1829,53.33,54.01,180.57,342.9,13.482093811035156,62.629564168252365,False,False,13.482093811035156,0.0
1771345769.558345,1830,65.52,65.98,180.57,342.9,27.642011642456055,62.35578976788994,False,False,27.642011642456055,0.0
1771345769.564006,1831,54.8,55.39,180.57,342.9,5.6610107421875,62.51875376988287,False,False,5.6610107421875,0.0
1771345769.585142,1832,60.02,60.69,180.57,342.9,21.135807037353516,62.924816745129455,False,False,21.135807037353516,0.0
1771345769.596006,1833,55.65,56.14,180.57,342.9,10.864019393920898,62.58410030436786,False,False,10.864019393920898,0.0
1771345769.610875,1834,53.86,54.36,180.57,342.9,14.868974685668945,62.58945472479573,False,False,14.868974685668945,0.0
1771345769.626642,1835,53.95,54.42,180.57,342.9,15.767097473144531,63.47125047006028,False,False,15.767097473144531,0.0
1771345769.65035,1836,61.28,62.04,180.57,342.9,23.708105087280273,62.248531833645906,False,False,23.708105087280273,0.0
1771345769.659142,1837,54.53,54.98,180.57,342.9,8.791923522949219,62.61427757830385,False,False,8.791923522949219,0.0
1771345769.672551,1838,51.97,52.52,180.57,342.9,13.408899307250977,63.68081533067012,False,False,13.408899307250977,0.0
1771345769.711839,1840,58.25,59.32,180.57,342.9,39.28804397583008,62.28741760419436,True,False,39.28804397583008,0.0
1771345769.711876,1839,75.26,76.21,180.57,342.9,0.03695487976074219,61.30896143091938,False,True,0.03695487976074219,1.0
1771345769.725234,1841,56.46,56.94,180.57,342.9,13.358116149902344,63.05117613589245,False,False,13.358116149902344,1.0
1771345769.753352,1842,67.81,68.57,180.57,342.9,28.117895126342773,61.62695717036106,False,False,28.117895126342773,1.0
1771345769.760134,1843,59.45,59.93,180.57,342.9,6.782054901123047,62.2390484872437,False,False,6.782054901123047,1.0
1771345769.77518,1844,58.27,59.08,180.57,342.9,15.046119689941406,63.12625389242826,False,False,15.046119689941406,1.0
1771345769.792591,1845,59.73,60.23,180.57,342.9,17.410993576049805,62.26746097864468,False,False,17.410993576049805,0.0
1771345769.807937,1846,59.5,60.1,180.57,342.9,15.34581184387207,62.08519492361292,False,False,15.34581184387207,0.0
1771345769.835475,1847,70.75,71.24,180.57,342.9,27.538061141967773,62.37226434762953,False,False,27.538061141967773,0.0
1771345769.837792,1848,56.91,57.46,180.57,342.9,2.3169517517089844,62.40016424603779,False,False,2.3169517517089844,0.0
1771345769.854347,1849,56.83,57.65,180.57,342.9,16.555070877075195,62.489320176200955,False,False,16.555070877075195,0.0
1771345769.880917,1850,68.12,68.79,180.57,342.9,26.57008171081543,61.83934386832546,False,False,26.57008171081543,0.0
1771345769.88931,1851,60.79,61.65,180.57,342.9,8.392810821533203,63.0326358851719,False,False,8.392810821533203,0.0
1771345769.901332,1852,56.8,57.32,180.57,342.9,12.022018432617188,62.3943316611919,False,False,12.022018432617188,0.0
1771345769.919454,1853,58.51,59.18,180.57,342.9,18.122196197509766,62.422034541955334,False,False,18.122196197509766,0.0
1771345769.93433,1854,57.94,58.62,180.57,342.9,14.87588882446289,63.133776254600036,False,False,14.87588882446289,0.0
1771345769.962087,1855,68.94,69.47,180.57,342.9,27.756929397583008,61.65836333460248,False,False,27.756929397583008,0.0
1771345769.963896,1856,54.94,55.38,180.57,342.9,1.8091201782226562,62.3839996787323,False,False,1.8091201782226562,1.0
1771345769.978473,1857,54.09,54.62,180.57,342.9,14.576911926269531,63.41488760951719,False,False,14.576911926269531,1.0
1771345769.995911,1858,54.86,55.36,180.57,342.9,17.43793487548828,62.62270687461088,False,False,17.43793487548828,1.0
1771345770.020695,1859,64.54,65.05,180.57,342.9,24.784088134765625,62.2322148799488,False,False,24.784088134765625,1.0
1771345770.02776,1860,55.31,55.75,180.57,342.9,7.065057754516602,62.69854782809526,False,False,7.065057754516602,1.0
1771345770.060086,1861,71.47,71.89,180.57,342.9,32.32598304748535,61.52248856571547,False,False,32.32598304748535,0.0
1771345770.060488,1862,56.05,56.4,180.57,342.9,0.4019737243652344,63.583589657437344,False,False,0.4019737243652344,1.0
1771345770.075749,1863,54.55,55.24,180.57,342.9,15.260934829711914,62.5655692546973,False,False,15.260934829711914,1.0
1771345770.110379,1865,57.2,58.15,180.57,342.9,34.63006019592285,62.26745314898359,True,False,34.63006019592285,1.0
1771345770.11044,1864,73.81,74.54,180.57,342.9,0.06103515625,61.96014793482395,False,True,0.06103515625,1.0
1771345770.1252,1866,55.91,56.52,180.57,342.9,14.760017395019531,62.6551364077039,False,False,14.760017395019531,1.0
1771345770.154196,1867,68.42,69.71,180.57,342.9,28.995990753173828,62.669990362609916,False,False,28.995990753173828,1.0
1771345770.158709,1868,58.33,58.76,180.57,342.9,4.513025283813477,62.47188422835786,False,False,4.513025283813477,1.0
